Format Version,1.23,Take Name,Take 2021-07-09 18.50.59 AM_011,Take Notes,,Capture Frame Rate,120.000000,Export Frame Rate,120.000000,Capture Start Time,2021-07-11 01.30.30.273 下午,Total Frames in Take,1056,Total Exported Frames,1056,Rotation Type,Quaternion,Length Units,Meters,Coordinate Space,Local

,Type,Rigid Body,Rigid Body,Rigid Body,Rigid Body,Rigid Body,Rigid Body,Rigid Body,Rigid Body
,Name,OASES_USV,OASES_USV,OASES_USV,OASES_USV,OASES_USV,OASES_USV,OASES_USV,OASES_USV
,ID,"E3F037E3E20611EB1371DA7D1A00D188","E3F037E3E20611EB1371DA7D1A00D188","E3F037E3E20611EB1371DA7D1A00D188","E3F037E3E20611EB1371DA7D1A00D188","E3F037E3E20611EB1371DA7D1A00D188","E3F037E3E20611EB1371DA7D1A00D188","E3F037E3E20611EB1371DA7D1A00D188","E3F037E3E20611EB1371DA7D1A00D188"
,,Rotation,Rotation,Rotation,Rotation,Position,Position,Position,Mean Marker Error
Frame,Time (Seconds),X,Y,Z,W,X,Y,Z,
0,0.000000,-0.002988,0.929947,-0.002231,-0.367675,1.472419,0.534144,-6.493717,0.000819
1,0.008333,-0.002147,0.929393,-0.003942,-0.369064,1.471809,0.534361,-6.493180,0.001035
2,0.016667,-0.001144,0.929450,-0.002975,-0.368934,1.471810,0.534646,-6.491774,0.000653
3,0.025000,-0.001904,0.929638,-0.003204,-0.368454,1.469665,0.533860,-6.491282,0.000629
4,0.033333,-0.858013,0.110925,0.423500,0.268619,1.483099,0.578292,-6.484750,0.001581
5,0.041667,-0.001465,0.929555,-0.004289,-0.368655,1.468609,0.534413,-6.489200,0.001053
6,0.050000,0.731847,0.236440,-0.361479,-0.527095,1.469144,0.449247,-6.551005,0.001639
7,0.058333,-0.001738,0.930197,-0.002864,-0.367045,1.466809,0.534198,-6.486795,0.000830
8,0.066667,-0.013413,0.918487,-0.006309,0.395174,1.460423,0.534549,-6.482631,0.000929
9,0.075000,-0.000926,0.929866,-0.003643,-0.367880,1.464822,0.533952,-6.485270,0.000683
10,0.083333,-0.000711,0.929895,-0.003501,-0.367807,1.464065,0.533843,-6.484229,0.000729
11,0.091667,-0.000355,0.929926,-0.003689,-0.367729,1.464190,0.534449,-6.482799,0.000876
12,0.100000,0.000189,0.929577,-0.004287,-0.368602,1.462942,0.534122,-6.482237,0.000844
13,0.108333,-0.001011,0.929881,-0.005905,-0.367812,1.462425,0.534882,-6.480841,0.001395
14,0.116667,0.000244,0.929587,-0.005618,-0.368561,1.460770,0.534166,-6.480382,0.000646
15,0.125000,-0.000745,0.929934,-0.006262,-0.367672,1.460667,0.534905,-6.478763,0.001406
16,0.133333,-0.000701,0.930551,-0.003579,-0.366144,1.459191,0.534150,-6.477472,0.000836
17,0.141667,-0.000995,0.930470,-0.005430,-0.366328,1.457879,0.534396,-6.476483,0.001118
18,0.150000,0.000255,0.929998,-0.005403,-0.367524,1.457615,0.534360,-6.475734,0.001062
19,0.158333,-0.000176,0.930210,-0.005472,-0.366988,1.457602,0.534815,-6.474079,0.000955
20,0.166667,-0.000250,0.930688,-0.003783,-0.365793,1.455584,0.534067,-6.473114,0.000841
21,0.175000,-0.000163,0.930135,-0.006520,-0.367159,1.455258,0.534779,-6.472231,0.001390
22,0.183333,0.001191,0.929898,-0.004758,-0.367786,1.454051,0.533967,-6.471459,0.000804
23,0.191667,,,,,,,,
24,0.200000,0.000155,0.930359,-0.005666,-0.366606,1.453102,0.534757,-6.468472,0.000924
25,0.208333,0.001295,0.930019,-0.004771,-0.367478,1.451319,0.533969,-6.468013,0.000790
26,0.216667,0.000591,0.930461,-0.004476,-0.366364,1.449831,0.533710,-6.466779,0.000747
27,0.225000,0.000764,0.930455,-0.004693,-0.366376,1.449927,0.534317,-6.465223,0.000857
28,0.233333,-0.000232,0.931013,-0.004591,-0.364957,1.448388,0.534227,-6.463738,0.000958
29,0.241667,0.000525,0.930550,-0.004693,-0.366135,1.446880,0.533768,-6.463316,0.000625
30,0.250000,0.001091,0.930172,-0.005291,-0.367085,1.446813,0.534021,-6.462158,0.000885
31,0.258333,0.000634,0.930612,-0.004610,-0.365977,1.446050,0.534250,-6.460546,0.000867
32,0.266667,0.000598,0.930636,-0.004407,-0.365918,1.443990,0.533555,-6.459756,0.000725
33,0.275000,0.000650,0.930689,-0.004469,-0.365783,1.444052,0.534183,-6.458133,0.000911
34,0.283333,-0.000006,0.930692,-0.005759,-0.365759,1.443525,0.534700,-6.456738,0.000976
35,0.291667,-0.000416,0.931224,-0.004488,-0.364418,1.441556,0.534103,-6.455441,0.000927
36,0.300000,0.000745,0.930312,-0.005983,-0.366719,1.440233,0.533896,-6.455218,0.000663
37,0.308333,-0.000163,0.930808,-0.005591,-0.365465,1.440467,0.534621,-6.453053,0.000921
38,0.316667,-0.000945,0.931212,-0.004915,-0.364444,1.437862,0.533845,-6.452386,0.000817
39,0.325000,0.000279,0.930442,-0.006325,-0.366384,1.437255,0.534082,-6.451489,0.000856
40,0.333333,-0.002276,0.931443,-0.006631,-0.363820,1.437044,0.535335,-6.448992,0.000992
41,0.341667,-0.000302,0.930838,-0.005109,-0.365396,1.434427,0.533557,-6.449027,0.000352
42,0.350000,-0.000595,0.930493,-0.008174,-0.366218,1.434651,0.535011,-6.447434,0.001314
43,0.358333,-0.001034,0.931516,-0.004380,-0.363673,1.433352,0.534170,-6.445450,0.000939
44,0.366667,-0.001657,0.931162,-0.006486,-0.364543,1.432465,0.534908,-6.444480,0.000957
45,0.375000,-0.001226,0.931595,-0.004284,-0.363470,1.431277,0.534256,-6.442910,0.001008
46,0.383333,-0.000498,0.931132,-0.004054,-0.364660,1.429652,0.533656,-6.442372,0.000755
47,0.391667,-0.000396,0.931099,-0.003972,-0.364745,1.429718,0.534231,-6.440759,0.000897
48,0.400000,-0.001544,0.931688,-0.004175,-0.363233,1.428076,0.534231,-6.439090,0.000933
49,0.408333,-0.000822,0.931258,-0.003906,-0.364339,1.426370,0.533696,-6.438589,0.000696
50,0.416667,-0.000674,0.931239,-0.003656,-0.364390,1.426437,0.534204,-6.436926,0.000907
51,0.425000,-0.001035,0.931305,-0.003976,-0.364218,1.424209,0.533754,-6.436018,0.000706
52,0.433333,-0.001076,0.931360,-0.003860,-0.364078,1.423186,0.533806,-6.434722,0.000672
53,0.441667,-0.002020,0.931555,-0.004277,-0.363570,1.422092,0.534155,-6.433294,0.000842
54,0.450000,-0.000501,0.931028,-0.004119,-0.364925,1.421699,0.534107,-6.432240,0.000874
55,0.458333,-0.000895,0.931000,-0.005151,-0.364981,1.420196,0.534139,-6.431135,0.000648
56,0.466667,-0.002247,0.931708,-0.004152,-0.363177,1.418727,0.534214,-6.429383,0.000927
57,0.475000,-0.000402,0.930803,-0.005163,-0.365484,1.418115,0.534282,-6.428415,0.000533
58,0.483333,-0.001407,0.931348,-0.004445,-0.364100,1.417256,0.534467,-6.426931,0.001106
59,0.491667,-0.001810,0.931534,-0.004371,-0.363625,1.415098,0.533985,-6.425900,0.000348
60,0.500000,0.000263,0.930985,-0.003455,-0.365041,1.415187,0.534375,-6.424337,0.000890
61,0.508333,-0.002198,0.932275,-0.002381,-0.361735,1.413669,0.534344,-6.422730,0.000891
62,0.516667,0.000233,0.931041,-0.003419,-0.364899,1.412963,0.534479,-6.421741,0.000831
63,0.525000,-0.001755,0.931800,-0.003384,-0.362953,1.411029,0.534166,-6.420461,0.000676
64,0.533333,-0.001514,0.931925,-0.002991,-0.362637,1.409842,0.534211,-6.419201,0.000847
65,0.541667,-0.000986,0.931462,-0.003608,-0.363819,1.409426,0.534462,-6.417968,0.000902
66,0.550000,-0.002660,0.932121,-0.003757,-0.362117,1.407603,0.534595,-6.416388,0.000899
67,0.558333,-0.003109,0.932372,-0.003810,-0.361467,1.406459,0.534638,-6.415177,0.000987
68,0.566667,-0.001037,0.931881,-0.003132,-0.362751,1.406838,0.535162,-6.413520,0.000718
69,0.575000,-0.003102,0.932402,-0.003726,-0.361390,1.404209,0.534679,-6.412548,0.000983
70,0.583333,-0.001173,0.931744,-0.003986,-0.363093,1.403942,0.535032,-6.411264,0.000977
71,0.591667,-0.002233,0.932104,-0.004266,-0.362159,1.401540,0.534456,-6.410276,0.000286
72,0.600000,-0.001047,0.931776,-0.003993,-0.363010,1.401636,0.535119,-6.408646,0.000980
73,0.608333,0.000267,0.931569,-0.003134,-0.363552,1.400449,0.534905,-6.407425,0.000952
74,0.616667,-0.002296,0.932900,-0.002201,-0.360123,1.398911,0.534889,-6.405821,0.000919
75,0.625000,-0.001333,0.932381,-0.002626,-0.361466,1.398879,0.535726,-6.404164,0.001366
76,0.633333,-0.001504,0.932466,-0.003036,-0.361241,1.396055,0.534697,-6.403539,0.000827
77,0.641667,-0.001894,0.932323,-0.004197,-0.361598,1.394496,0.534809,-6.402441,0.000307
78,0.650000,-0.000806,0.932345,-0.003088,-0.361556,1.395200,0.535521,-6.400528,0.000749
79,0.658333,0.000278,0.931828,-0.003467,-0.362884,1.393427,0.535209,-6.399542,0.000900
80,0.666667,-0.000831,0.932190,-0.004122,-0.361945,1.392264,0.535445,-6.398178,0.001033
81,0.675000,0.000714,0.930621,-0.005341,-0.365945,1.392367,0.536019,-6.396009,0.001752
82,0.683333,-0.000648,0.932553,-0.003222,-0.361019,1.390403,0.535619,-6.395205,0.000681
83,0.691667,-0.001592,0.932627,-0.004201,-0.360814,1.387370,0.534851,-6.394573,0.000341
84,0.700000,0.000202,0.930641,-0.006880,-0.365868,1.389827,0.537118,-6.391262,0.002236
85,0.708333,-0.002070,0.933916,-0.001210,-0.357485,1.390117,0.538119,-6.390174,0.001509
86,0.716667,-0.003563,0.933378,-0.005632,-0.358832,1.385382,0.536717,-6.389384,0.001007
87,0.725000,-0.002122,0.932246,-0.007174,-0.361747,1.385001,0.536863,-6.388397,0.001072
88,0.733333,-0.002036,0.933324,-0.005290,-0.358990,1.385542,0.536948,-6.386057,0.001689
89,0.741667,-0.002094,0.932428,-0.006544,-0.361290,1.382594,0.536961,-6.385712,0.000852
90,0.750000,0.000335,0.930992,-0.007021,-0.364973,1.382538,0.537141,-6.383183,0.002194
91,0.758333,-0.002847,0.932856,-0.006190,-0.360185,1.378765,0.536241,-6.383296,0.000790
92,0.766667,-0.001938,0.932541,-0.007129,-0.360989,1.378914,0.536883,-6.381644,0.001054
93,0.775000,-0.001716,0.932241,-0.006951,-0.361768,1.376879,0.536480,-6.380871,0.000990
94,0.783333,-0.001875,0.933621,-0.005313,-0.358219,1.378103,0.536938,-6.377934,0.001724
95,0.791667,-0.001961,0.932807,-0.006884,-0.360306,1.375448,0.536710,-6.377110,0.001809
96,0.800000,-0.001985,0.932491,-0.008317,-0.361091,1.373238,0.536590,-6.376453,0.001245
97,0.808333,-0.000245,0.932278,-0.005188,-0.361705,1.375016,0.537657,-6.372196,0.001948
98,0.816667,-0.000318,0.932330,-0.005126,-0.361572,1.373747,0.537609,-6.370804,0.001934
99,0.825000,-0.001724,0.934621,-0.001156,-0.355639,1.372827,0.538069,-6.371103,0.001546
100,0.833333,-0.001844,0.934675,-0.001197,-0.355496,1.371606,0.537994,-6.369763,0.001561
101,0.841667,-0.001817,0.934757,-0.001223,-0.355280,1.370384,0.537965,-6.368409,0.001562
102,0.850000,-0.001814,0.934769,-0.001247,-0.355248,1.369018,0.537881,-6.366978,0.001524
103,0.858333,-0.001858,0.934818,-0.001063,-0.355121,1.367679,0.537831,-6.365549,0.001539
104,0.866667,0.000554,0.931602,-0.007425,-0.363405,1.365058,0.536720,-6.364259,0.001580
105,0.875000,-0.002681,0.933590,-0.006069,-0.358282,1.361156,0.535780,-6.363876,0.000790
106,0.883333,-0.001838,0.934252,-0.004916,-0.356575,1.362936,0.536481,-6.361178,0.001727
107,0.891667,-0.001954,0.935035,-0.000967,-0.354548,1.362649,0.537648,-6.359857,0.001618
108,0.900000,-0.001247,0.933068,-0.006257,-0.359644,1.358402,0.535989,-6.359613,0.000889
109,0.908333,-0.002416,0.934251,-0.005533,-0.356564,1.356012,0.535520,-6.357893,0.001007
110,0.916667,-0.001841,0.934437,-0.004991,-0.356089,1.357723,0.536184,-6.355445,0.001693
111,0.925000,-0.003254,0.933870,-0.006203,-0.357543,1.352857,0.535087,-6.355490,0.000762
112,0.933333,-0.002051,0.933584,-0.006284,-0.358298,1.353451,0.535956,-6.353549,0.000853
113,0.941667,-0.001875,0.933290,-0.006715,-0.359056,1.351335,0.535446,-6.352674,0.000948
114,0.950000,-0.003160,0.933448,-0.007349,-0.358625,1.350559,0.535903,-6.350946,0.001257
115,0.958333,-0.003345,0.933529,-0.007345,-0.358411,1.349172,0.535796,-6.349483,0.001284
116,0.966667,-0.003298,0.934159,-0.006009,-0.356790,1.346245,0.534652,-6.348244,0.000732
117,0.975000,-0.003398,0.933599,-0.007359,-0.358227,1.346575,0.535703,-6.346569,0.001292
118,0.983333,-0.003411,0.933670,-0.007289,-0.358045,1.345256,0.535566,-6.345122,0.001253
119,0.991667,-0.003457,0.933739,-0.007071,-0.357868,1.343927,0.535435,-6.343614,0.001253
120,1.000000,-0.002218,0.933715,-0.006524,-0.357950,1.342119,0.534870,-6.342411,0.000943
121,1.008333,-0.001927,0.934365,-0.005859,-0.356265,1.340949,0.534764,-6.340622,0.001354
122,1.016667,-0.002385,0.934150,-0.006065,-0.356820,1.340190,0.535131,-6.338937,0.000865
123,1.025000,-0.003217,0.934568,-0.005649,-0.355727,1.337475,0.534279,-6.337671,0.000776
124,1.033333,-0.003351,0.934592,-0.005648,-0.355662,1.336138,0.534235,-6.336237,0.000784
125,1.041667,-0.000627,0.934313,-0.004232,-0.356428,1.334437,0.533278,-6.335231,0.000429
126,1.050000,0.000035,0.934590,-0.003074,-0.355713,1.333865,0.533328,-6.333348,0.000860
127,1.058333,-0.001728,0.934872,-0.003893,-0.354961,1.330937,0.532794,-6.332283,0.000237
128,1.066667,-0.001467,0.935100,-0.002747,-0.354372,1.331048,0.533143,-6.330261,0.000942
129,1.075000,-0.000629,0.934450,-0.004592,-0.356064,1.328804,0.532862,-6.329297,0.000629
130,1.083333,-0.000810,0.934590,-0.004189,-0.355702,1.327407,0.532770,-6.327879,0.000375
131,1.091667,-0.000632,0.934271,-0.004440,-0.356535,1.328012,0.533554,-6.325548,0.001749
132,1.100000,-0.000799,0.934705,-0.004139,-0.355398,1.324650,0.532580,-6.324895,0.000399
133,1.108333,0.000295,0.934759,-0.002880,-0.355270,1.323644,0.532508,-6.323214,0.001017
134,1.116667,-0.001071,0.935367,-0.002872,-0.353665,1.322917,0.532872,-6.321344,0.000872
135,1.125000,-0.000814,0.934833,-0.004484,-0.355058,1.320355,0.532393,-6.320464,0.000579
136,1.133333,-0.000826,0.934898,-0.004602,-0.354886,1.319048,0.532369,-6.318901,0.000604
137,1.141667,-0.000711,0.934923,-0.004600,-0.354821,1.317556,0.532288,-6.317486,0.000557
138,1.150000,-0.001816,0.935529,-0.004223,-0.353219,1.315452,0.531951,-6.315993,0.000212
139,1.158333,-0.001117,0.935362,-0.003999,-0.353669,1.315285,0.532426,-6.314257,0.001021
140,1.166667,-0.001567,0.935838,-0.002951,-0.352415,1.314162,0.532359,-6.312478,0.000977
141,1.175000,-0.000376,0.934671,-0.004552,-0.355486,1.313425,0.532674,-6.310933,0.001446
142,1.183333,-0.000188,0.934726,-0.004577,-0.355338,1.311971,0.532694,-6.309428,0.001467
143,1.191667,-0.000655,0.935262,-0.004747,-0.353923,1.309128,0.532035,-6.308529,0.000622
144,1.200000,-0.000856,0.935453,-0.004329,-0.353423,1.307643,0.532036,-6.307044,0.000392
145,1.208333,-0.001954,0.936024,-0.003893,-0.351909,1.305438,0.531587,-6.305535,0.000298
146,1.216667,-0.000603,0.935595,-0.004378,-0.353047,1.304668,0.531950,-6.304092,0.000390
147,1.225000,-0.001105,0.935819,-0.004242,-0.352455,1.303480,0.531945,-6.302559,0.001058
148,1.233333,-0.000550,0.935709,-0.004249,-0.352746,1.302163,0.532025,-6.300953,0.000989
149,1.241667,0.000466,0.935740,-0.003383,-0.352674,1.300794,0.531792,-6.299353,0.000639
150,1.250000,-0.000532,0.935861,-0.004290,-0.352343,1.299303,0.532074,-6.297965,0.000966
151,1.258333,-0.000575,0.935906,-0.004321,-0.352222,1.297516,0.531850,-6.296567,0.000404
152,1.266667,-0.001011,0.936123,-0.004363,-0.351644,1.295821,0.531761,-6.295138,0.000527
153,1.275000,-0.000368,0.936006,-0.004318,-0.351958,1.294576,0.531852,-6.293522,0.000386
154,1.283333,0.000733,0.936070,-0.003349,-0.351797,1.293526,0.531868,-6.291821,0.000764
155,1.291667,-0.000168,0.936167,-0.004146,-0.351531,1.292055,0.532068,-6.290398,0.000959
156,1.300000,-0.000156,0.936219,-0.004190,-0.351393,1.290567,0.532107,-6.288843,0.001015
157,1.308333,-0.000167,0.936287,-0.004133,-0.351212,1.289108,0.532081,-6.287332,0.000940
158,1.316667,0.000137,0.935832,-0.004667,-0.352415,1.289366,0.532936,-6.285084,0.001743
159,1.325000,0.000984,0.936371,-0.003381,-0.350994,1.286289,0.532010,-6.284248,0.000669
160,1.333333,0.001033,0.936471,-0.003204,-0.350729,1.284725,0.531983,-6.282712,0.000731
161,1.341667,-0.000485,0.936684,-0.004155,-0.350151,1.282734,0.531927,-6.281457,0.000534
162,1.350000,0.000119,0.936591,-0.004096,-0.350400,1.281317,0.532025,-6.279798,0.000404
163,1.358333,0.000247,0.936640,-0.004044,-0.350271,1.280293,0.532254,-6.278164,0.001001
164,1.366667,0.000330,0.936710,-0.003960,-0.350084,1.278808,0.532255,-6.276646,0.000987
165,1.375000,0.000321,0.936747,-0.004040,-0.349984,1.277353,0.532341,-6.275062,0.000999
166,1.383333,0.000304,0.936839,-0.003912,-0.349740,1.275746,0.532319,-6.273510,0.000953
167,1.391667,0.000345,0.936858,-0.004068,-0.349686,1.273913,0.532201,-6.272086,0.000433
168,1.400000,0.000487,0.936940,-0.003929,-0.349468,1.272842,0.532451,-6.270421,0.000975
169,1.408333,0.001559,0.936998,-0.002945,-0.349319,1.271395,0.532236,-6.268774,0.000720
170,1.416667,-0.001076,0.938117,-0.001976,-0.346312,1.269447,0.532230,-6.266690,0.001010
171,1.425000,0.000311,0.937362,-0.003484,-0.348340,1.268494,0.532601,-6.265526,0.001021
172,1.433333,0.000623,0.937132,-0.004142,-0.348950,1.266357,0.532360,-6.264228,0.000580
173,1.441667,0.001638,0.937289,-0.002546,-0.348539,1.265441,0.532463,-6.262444,0.001020
174,1.450000,0.000416,0.937578,-0.002876,-0.347762,1.263715,0.532321,-6.260978,0.001024
175,1.458333,0.000363,0.937858,-0.002394,-0.347012,1.263060,0.532981,-6.258909,0.000839
176,1.466667,0.007205,0.935372,0.000827,-0.353592,1.263316,0.535708,-6.255209,0.001594
177,1.475000,0.000530,0.937746,-0.002780,-0.347311,1.259152,0.532428,-6.256145,0.001025
178,1.483333,-0.001190,0.938340,-0.002871,-0.345700,1.256910,0.532560,-6.254343,0.001019
179,1.491667,0.000781,0.937523,-0.003775,-0.347902,1.255772,0.532572,-6.253048,0.000577
180,1.500000,0.000714,0.937562,-0.003836,-0.347796,1.254303,0.532668,-6.251461,0.000608
181,1.508333,0.001716,0.937747,-0.002073,-0.347308,1.253233,0.532704,-6.249643,0.001065
182,1.516667,-0.000028,0.937242,-0.004270,-0.348653,1.253944,0.533908,-6.246934,0.001756
183,1.525000,0.000310,0.938141,-0.002474,-0.346244,1.250041,0.532604,-6.246509,0.001038
184,1.533333,-0.000274,0.938227,-0.003260,-0.346006,1.248517,0.532902,-6.244871,0.001198
185,1.541667,0.000649,0.937872,-0.003579,-0.346962,1.246547,0.532733,-6.243356,0.000626
186,1.550000,0.000262,0.938180,-0.003046,-0.346134,1.245663,0.533070,-6.241475,0.001115
187,1.558333,0.000474,0.938001,-0.003618,-0.346613,1.243406,0.532763,-6.240098,0.000612
188,1.566667,0.000432,0.938029,-0.003578,-0.346537,1.241959,0.532790,-6.238474,0.000603
189,1.575000,0.000017,0.938341,-0.003094,-0.345697,1.241026,0.533145,-6.236630,0.001093
190,1.583333,-0.000017,0.938510,-0.002342,-0.345246,1.239251,0.532719,-6.235081,0.000949
191,1.591667,-0.000936,0.938978,-0.001868,-0.343971,1.236906,0.532517,-6.233305,0.000732
192,1.600000,-0.000184,0.938674,-0.002274,-0.344798,1.236097,0.532739,-6.231766,0.000908
193,1.608333,0.000040,0.938403,-0.003518,-0.345524,1.234203,0.532897,-6.230231,0.000661
194,1.616667,0.000049,0.938414,-0.003579,-0.345495,1.232659,0.532875,-6.228611,0.000609
195,1.625000,-0.000623,0.938768,-0.003349,-0.344532,1.230901,0.532786,-6.227061,0.000757
196,1.633333,-0.000909,0.938942,-0.003132,-0.344059,1.229921,0.533075,-6.225196,0.001193
197,1.641667,-0.000823,0.938865,-0.003328,-0.344268,1.227740,0.532729,-6.223769,0.000714
198,1.650000,0.000794,0.938751,-0.002008,-0.344590,1.226810,0.532862,-6.221833,0.001060
199,1.658333,-0.000529,0.938916,-0.003132,-0.344131,1.225370,0.533154,-6.220210,0.001180
200,1.666667,-0.000636,0.939401,-0.001883,-0.342816,1.224399,0.533332,-6.218231,0.000886
201,1.675000,-0.000380,0.938896,-0.003533,-0.344182,1.221607,0.532816,-6.217074,0.000643
202,1.683333,-0.000373,0.938892,-0.003696,-0.344193,1.219968,0.532827,-6.215395,0.000583
203,1.691667,-0.001235,0.936958,-0.006456,-0.349379,1.221096,0.533568,-6.210365,0.002755
204,1.700000,-0.002921,0.940194,-0.005344,-0.340585,1.220850,0.533664,-6.210213,0.001844
205,1.708333,-0.000434,0.939068,-0.003934,-0.343710,1.215246,0.532785,-6.210478,0.000639
206,1.716667,-0.000961,0.939750,-0.002090,-0.341855,1.214926,0.533299,-6.208319,0.001011
207,1.725000,-0.001362,0.937183,-0.006695,-0.348770,1.214723,0.533468,-6.203785,0.002802
208,1.733333,-0.000744,0.939413,-0.003426,-0.342770,1.210946,0.532950,-6.205410,0.001000
209,1.741667,-0.001330,0.939633,-0.003429,-0.342165,1.208780,0.532581,-6.204011,0.000575
210,1.750000,-0.000887,0.939549,-0.003638,-0.342395,1.207365,0.532754,-6.202252,0.000463
211,1.758333,-0.000814,0.939577,-0.003684,-0.342317,1.205826,0.532764,-6.200605,0.000431
212,1.766667,-0.000810,0.939673,-0.003638,-0.342053,1.204630,0.532885,-6.198848,0.001019
213,1.775000,-0.001335,0.939895,-0.003687,-0.341441,1.202847,0.532752,-6.197346,0.001062
214,1.783333,-0.000678,0.939782,-0.003845,-0.341753,1.201520,0.532922,-6.195611,0.001058
215,1.791667,-0.000719,0.939873,-0.003929,-0.341501,1.199489,0.532648,-6.194055,0.000431
216,1.800000,-0.000697,0.939923,-0.003848,-0.341365,1.198285,0.532820,-6.192325,0.001092
217,1.808333,-0.000708,0.939979,-0.004037,-0.341209,1.196255,0.532621,-6.190763,0.000415
218,1.816667,-0.001221,0.940223,-0.004164,-0.340532,1.194881,0.532708,-6.189170,0.001113
219,1.825000,-0.000648,0.940121,-0.004191,-0.340815,1.193158,0.532570,-6.187528,0.000431
220,1.833333,-0.000429,0.940202,-0.004249,-0.340591,1.191989,0.532746,-6.185837,0.001080
221,1.841667,-0.000361,0.940217,-0.004262,-0.340548,1.190355,0.532680,-6.184224,0.001033
222,1.850000,-0.002180,0.940762,-0.005202,-0.339020,1.187978,0.532969,-6.182477,0.002022
223,1.858333,-0.000328,0.940393,-0.004407,-0.340062,1.186717,0.532440,-6.181016,0.000421
224,1.866667,-0.000220,0.940457,-0.004490,-0.339882,1.185593,0.532645,-6.179323,0.001055
225,1.875000,-0.000243,0.940732,-0.003780,-0.339131,1.183776,0.532188,-6.177699,0.000829
226,1.883333,-0.001973,0.940343,-0.006177,-0.340167,1.183040,0.533300,-6.176060,0.001271
227,1.891667,0.000031,0.940656,-0.004735,-0.339330,1.180821,0.532577,-6.174413,0.001049
228,1.900000,-0.000019,0.940728,-0.004760,-0.339129,1.179206,0.532565,-6.172771,0.001070
229,1.908333,-0.000486,0.940980,-0.004788,-0.338429,1.177395,0.532373,-6.171236,0.001098
230,1.916667,-0.001496,0.940620,-0.006388,-0.339397,1.176724,0.533267,-6.169477,0.001250
231,1.925000,0.001361,0.940987,-0.003908,-0.338419,1.174392,0.532271,-6.167724,0.000805
232,1.933333,-0.001221,0.941624,-0.004500,-0.336635,1.171745,0.532145,-6.166077,0.001000
233,1.941667,0.000313,0.941127,-0.005090,-0.338014,1.170849,0.532350,-6.164590,0.000473
234,1.950000,0.000404,0.941170,-0.005020,-0.337897,1.169686,0.532470,-6.162879,0.001039
235,1.958333,0.000487,0.941273,-0.005075,-0.337609,1.167473,0.532230,-6.161258,0.000452
236,1.966667,0.000714,0.941290,-0.005035,-0.337560,1.166418,0.532419,-6.159563,0.001018
237,1.975000,0.000179,0.941523,-0.005157,-0.336910,1.164578,0.532341,-6.158036,0.001124
238,1.983333,0.000188,0.941634,-0.005123,-0.336599,1.162647,0.532117,-6.156403,0.000557
239,1.991667,0.000843,0.941529,-0.005239,-0.336891,1.161151,0.532239,-6.154636,0.000462
240,2.000000,-0.000872,0.941342,-0.006701,-0.337387,1.160697,0.533123,-6.152924,0.001243
241,2.008333,0.001064,0.941656,-0.005204,-0.336536,1.158355,0.532386,-6.151242,0.001097
242,2.016667,0.001120,0.941686,-0.005227,-0.336452,1.156761,0.532398,-6.149582,0.001085
243,2.025000,0.001180,0.941798,-0.005192,-0.336137,1.155113,0.532392,-6.147865,0.001076
244,2.033333,0.001438,0.941718,-0.004992,-0.336363,1.153549,0.532380,-6.146036,0.000792
245,2.041667,-0.000497,0.941656,-0.006873,-0.336506,1.152580,0.533184,-6.144509,0.001267
246,2.050000,0.000774,0.941880,-0.005706,-0.335900,1.150137,0.532454,-6.142835,0.000548
247,2.058333,0.001303,0.942094,-0.005170,-0.335308,1.148606,0.532403,-6.141112,0.001119
248,2.066667,0.001223,0.942154,-0.005091,-0.335140,1.146580,0.532198,-6.139456,0.000475
249,2.075000,0.000818,0.942377,-0.005115,-0.334513,1.145165,0.532287,-6.137811,0.001127
250,2.083333,0.000139,0.942290,-0.005759,-0.334749,1.143912,0.532782,-6.136205,0.001333
251,2.091667,0.000923,0.942544,-0.004943,-0.334045,1.141560,0.532141,-6.134413,0.000599
252,2.100000,0.001451,0.942433,-0.004865,-0.334358,1.140608,0.532459,-6.132564,0.001037
253,2.108333,0.001461,0.942538,-0.004883,-0.334061,1.138431,0.532273,-6.130901,0.000445
254,2.116667,0.001543,0.942619,-0.004767,-0.333833,1.136736,0.532297,-6.129158,0.000474
255,2.125000,0.001412,0.942677,-0.004770,-0.333669,1.135116,0.532316,-6.127424,0.000471
256,2.133333,0.001372,0.942747,-0.004609,-0.333474,1.133386,0.532280,-6.125690,0.000460
257,2.141667,0.001112,0.942900,-0.004630,-0.333041,1.132057,0.532400,-6.124093,0.001161
258,2.150000,0.001470,0.942864,-0.004590,-0.333143,1.130069,0.532316,-6.122235,0.000496
259,2.158333,0.000818,0.943017,-0.004655,-0.332712,1.130009,0.533218,-6.120173,0.001336
260,2.166667,0.001718,0.942968,-0.004295,-0.332850,1.127318,0.532588,-6.118677,0.001120
261,2.175000,-0.000161,0.942843,-0.005816,-0.333186,1.126363,0.533340,-6.116952,0.001214
262,2.183333,0.000915,0.943311,-0.004101,-0.331883,1.123689,0.532447,-6.115290,0.001160
263,2.191667,-0.000222,0.942954,-0.005782,-0.332874,1.123012,0.533410,-6.113486,0.001262
264,2.200000,0.000821,0.943389,-0.004078,-0.331664,1.121709,0.533310,-6.111374,0.001395
265,2.208333,0.000881,0.943442,-0.004024,-0.331512,1.119960,0.533274,-6.109608,0.001358
266,2.216667,0.001308,0.943453,-0.003882,-0.331482,1.116761,0.532534,-6.108130,0.000531
267,2.225000,-0.000431,0.943260,-0.005387,-0.332012,1.116284,0.533506,-6.106360,0.001215
268,2.233333,-0.002382,0.943219,-0.007143,-0.332086,1.115194,0.534496,-6.104389,0.001217
269,2.241667,0.000001,0.943638,-0.004444,-0.330949,1.112483,0.533239,-6.103051,0.001312
270,2.250000,-0.000103,0.943724,-0.004345,-0.330707,1.110792,0.533276,-6.101285,0.001321
271,2.258333,-0.000657,0.943903,-0.004962,-0.330184,1.110113,0.534190,-6.099028,0.001309
272,2.266667,0.002414,0.943954,-0.002069,-0.330063,1.107205,0.532659,-6.097391,0.000953
273,2.275000,0.000986,0.944163,-0.002421,-0.329469,1.105268,0.532481,-6.095707,0.000948
274,2.283333,0.000918,0.944241,-0.002257,-0.329246,1.103551,0.532484,-6.093903,0.000928
275,2.291667,0.000934,0.944394,-0.002021,-0.328809,1.102338,0.532727,-6.091944,0.001195
276,2.300000,0.001493,0.944037,-0.002608,-0.329827,1.100803,0.532957,-6.090257,0.001135
277,2.308333,-0.000028,0.944384,-0.002982,-0.328831,1.099751,0.533526,-6.088211,0.001063
278,2.316667,0.001493,0.944521,-0.001687,-0.328444,1.097387,0.532963,-6.086488,0.001080
279,2.325000,0.000528,0.944697,-0.001773,-0.327938,1.095369,0.532753,-6.084751,0.001165
280,2.333333,0.001331,0.944676,-0.001483,-0.328000,1.093873,0.532954,-6.082849,0.001087
281,2.341667,-0.000258,0.944680,-0.002743,-0.327981,1.092862,0.533585,-6.081007,0.000967
282,2.350000,-0.000293,0.944823,-0.002400,-0.327574,1.090635,0.533226,-6.079408,0.001348
283,2.358333,0.001092,0.944932,-0.001253,-0.327262,1.088732,0.532995,-6.077518,0.001096
284,2.366667,-0.000557,0.944953,-0.002413,-0.327196,1.087188,0.533316,-6.075807,0.001311
285,2.375000,0.001434,0.944874,-0.001282,-0.327427,1.084660,0.532744,-6.074022,0.000968
286,2.383333,-0.000779,0.945022,-0.002551,-0.326997,1.084062,0.533602,-6.071996,0.001008
287,2.391667,0.000500,0.944883,-0.001883,-0.327402,1.081556,0.532973,-6.070392,0.001112
288,2.400000,0.000577,0.945250,-0.001279,-0.326345,1.079941,0.533070,-6.068467,0.001114
289,2.408333,-0.000382,0.945432,-0.001500,-0.325815,1.077855,0.532816,-6.066752,0.001225
290,2.416667,0.000454,0.945411,-0.001167,-0.325879,1.076329,0.532972,-6.064871,0.001127
291,2.425000,-0.000527,0.945605,-0.001382,-0.325313,1.074232,0.532766,-6.063121,0.001220
292,2.433333,0.000684,0.945418,-0.001219,-0.325856,1.072229,0.532645,-6.061378,0.000949
293,2.441667,0.000161,0.945655,-0.001171,-0.325171,1.070963,0.532937,-6.059429,0.001076
294,2.450000,-0.000674,0.945733,-0.001562,-0.324941,1.068416,0.532465,-6.057847,0.001027
295,2.458333,-0.001453,0.945686,-0.002621,-0.325068,1.068094,0.533553,-6.055766,0.001133
296,2.466667,-0.000054,0.945877,-0.001229,-0.324523,1.065583,0.532886,-6.054025,0.001117
297,2.475000,-0.001528,0.945809,-0.002697,-0.324708,1.064459,0.533447,-6.052143,0.001043
298,2.483333,-0.002866,0.945812,-0.004310,-0.324673,1.062728,0.534193,-6.050435,0.001333
299,2.491667,-0.001608,0.946049,-0.002261,-0.324012,1.060382,0.532992,-6.048727,0.001297
300,2.500000,-0.001737,0.946139,-0.002540,-0.323745,1.058609,0.533104,-6.046963,0.001371
301,2.508333,-0.000204,0.945817,-0.002250,-0.324694,1.056480,0.532736,-6.044877,0.001515
302,2.516667,-0.002405,0.946887,-0.002372,-0.321548,1.058032,0.534423,-6.041365,0.001678
303,2.525000,-0.001123,0.946352,-0.002024,-0.323129,1.052273,0.532259,-6.041677,0.001031
304,2.533333,-0.001786,0.946418,-0.002660,-0.322928,1.051442,0.532949,-6.039751,0.001320
305,2.541667,-0.001780,0.946488,-0.002831,-0.322722,1.049666,0.532957,-6.037971,0.001415
306,2.550000,-0.001415,0.946187,-0.003430,-0.323598,1.047014,0.532605,-6.036053,0.001235
307,2.558333,-0.001797,0.946526,-0.003334,-0.322607,1.045200,0.532553,-6.034625,0.001205
308,2.566667,-0.002327,0.946423,-0.004138,-0.322893,1.043754,0.532998,-6.032998,0.001392
309,2.575000,-0.001740,0.946659,-0.003566,-0.322214,1.041513,0.532515,-6.031063,0.001208
310,2.583333,-0.001244,0.946489,-0.003806,-0.322712,1.040350,0.532735,-6.028896,0.001704
311,2.591667,-0.003794,0.947487,-0.005533,-0.319724,1.042039,0.533000,-6.025096,0.001624
312,2.600000,-0.001480,0.946871,-0.003833,-0.321588,1.036277,0.532431,-6.025740,0.001166
313,2.608333,-0.002277,0.946769,-0.004836,-0.321870,1.034849,0.532990,-6.024074,0.001376
314,2.616667,-0.002187,0.946826,-0.004896,-0.321702,1.033049,0.532949,-6.022292,0.001373
315,2.625000,-0.002114,0.947800,-0.003539,-0.318840,1.034852,0.534284,-6.018105,0.001654
316,2.633333,-0.002754,0.947850,-0.004211,-0.318676,1.032983,0.534059,-6.016557,0.001609
317,2.641667,-0.000784,0.946973,-0.004498,-0.321281,1.027960,0.532683,-6.016416,0.001723
318,2.650000,-0.001059,0.947263,-0.004413,-0.320426,1.025625,0.532427,-6.015039,0.001189
319,2.658333,-0.001693,0.948048,-0.003896,-0.318098,1.027842,0.534217,-6.010956,0.001650
320,2.666667,-0.002433,0.948109,-0.004731,-0.317902,1.025963,0.534048,-6.009410,0.001606
321,2.675000,-0.002950,0.948170,-0.006478,-0.317684,1.024514,0.533032,-6.007260,0.001665
322,2.683333,-0.003321,0.947830,-0.006129,-0.318699,1.017847,0.532925,-6.007536,0.001029
323,2.691667,-0.002199,0.947142,-0.005961,-0.320752,1.018151,0.533090,-6.005137,0.002506
324,2.700000,-0.000631,0.947739,-0.004783,-0.319010,1.014736,0.532305,-6.004239,0.000635
325,2.708333,-0.000293,0.947752,-0.004857,-0.318972,1.013521,0.532519,-6.002488,0.001208
326,2.716667,-0.001049,0.947597,-0.005979,-0.319412,1.012284,0.533128,-6.000898,0.001457
327,2.725000,-0.000846,0.948634,-0.004361,-0.316346,1.014001,0.534420,-5.996631,0.001720
328,2.733333,-0.001692,0.947406,-0.006252,-0.319970,1.009441,0.533145,-5.996171,0.002590
329,2.741667,-0.000679,0.948714,-0.005043,-0.316096,1.004289,0.532244,-5.994801,0.000689
330,2.750000,-0.001023,0.948598,-0.004549,-0.316449,1.003553,0.532230,-5.993049,0.001358
331,2.758333,-0.000751,0.948483,-0.004640,-0.316795,1.002260,0.532302,-5.991323,0.001533
332,2.766667,-0.000836,0.948820,-0.004684,-0.315782,1.000025,0.532427,-5.989264,0.001550
333,2.775000,-0.000634,0.948444,-0.006229,-0.316881,0.999008,0.533306,-5.987729,0.002299
334,2.783333,-0.005758,0.948287,-0.009352,-0.317224,0.997900,0.534579,-5.985744,0.001652
335,2.791667,0.000784,0.948208,-0.004127,-0.317622,0.998967,0.534330,-5.981174,0.001622
336,2.800000,0.000697,0.948288,-0.004292,-0.317382,0.997242,0.534276,-5.979293,0.001595
337,2.808333,0.000698,0.948337,-0.004341,-0.317233,0.995443,0.534224,-5.977426,0.001534
338,2.816667,0.000242,0.949291,-0.004142,-0.314371,0.988856,0.532158,-5.978064,0.000469
339,2.825000,-0.000138,0.948902,-0.005832,-0.315517,0.988797,0.533441,-5.976474,0.002122
340,2.833333,-0.000158,0.948310,-0.005853,-0.317291,0.988647,0.533466,-5.974007,0.002551
341,2.841667,-0.000163,0.948408,-0.005738,-0.317002,0.986853,0.533495,-5.972134,0.002521
342,2.850000,0.001134,0.948780,-0.003851,-0.315911,0.986761,0.534494,-5.968158,0.001702
343,2.858333,0.003094,0.948620,-0.003536,-0.316382,0.983173,0.533502,-5.968104,0.002118
344,2.866667,0.000237,0.949201,-0.005593,-0.314621,0.979972,0.533609,-5.967193,0.002253
345,2.875000,0.000188,0.949277,-0.005645,-0.314391,0.978175,0.533744,-5.965358,0.002251
346,2.883333,0.000691,0.949647,-0.003792,-0.313297,0.975848,0.532776,-5.963386,0.001532
347,2.891667,0.000181,0.948854,-0.005289,-0.315672,0.976212,0.533737,-5.960848,0.002504
348,2.900000,0.000522,0.950025,-0.003571,-0.312153,0.971770,0.532831,-5.959429,0.001562
349,2.908333,-0.004592,0.949426,-0.008225,-0.313850,0.971533,0.535098,-5.957701,0.001619
350,2.916667,0.001626,0.949362,-0.003155,-0.314165,0.972514,0.534784,-5.953067,0.001717
351,2.925000,0.001065,0.950095,-0.002446,-0.311950,0.971759,0.535467,-5.951539,0.001638
352,2.933333,0.001857,0.949471,-0.002844,-0.313836,0.968748,0.534877,-5.949243,0.001594
353,2.941667,0.001605,0.949559,-0.002972,-0.313571,0.967047,0.534851,-5.947381,0.001683
354,2.950000,0.001930,0.949658,-0.002624,-0.313272,0.965245,0.535031,-5.945536,0.001707
355,2.958333,0.001701,0.949752,-0.002771,-0.312986,0.963436,0.535026,-5.943631,0.001692
356,2.966667,0.000425,0.949534,-0.004578,-0.313630,0.959975,0.534083,-5.943923,0.002583
357,2.975000,0.000759,0.950415,-0.003072,-0.310967,0.955948,0.533172,-5.942739,0.001611
358,2.983333,0.000299,0.950324,-0.004443,-0.311230,0.954632,0.534068,-5.940796,0.002161
359,2.991667,0.000345,0.950383,-0.004383,-0.311050,0.952711,0.534084,-5.938998,0.002200
360,3.000000,0.000576,0.950443,-0.004402,-0.310867,0.951006,0.534189,-5.937058,0.002160
361,3.008333,0.000514,0.950560,-0.004238,-0.310511,0.949098,0.534153,-5.935199,0.002172
362,3.016667,0.000513,0.950660,-0.004213,-0.310207,0.947268,0.534236,-5.933344,0.002171
363,3.025000,0.000388,0.950744,-0.004278,-0.309949,0.945333,0.534253,-5.931463,0.002208
364,3.033333,0.000551,0.950977,-0.002976,-0.309246,0.942971,0.533445,-5.929625,0.001572
365,3.041667,0.000166,0.950889,-0.004345,-0.309502,0.941581,0.534348,-5.927714,0.002155
366,3.050000,0.000195,0.950927,-0.004413,-0.309384,0.939688,0.534408,-5.925916,0.002245
367,3.058333,0.000015,0.950406,-0.004459,-0.310979,0.939473,0.534446,-5.923343,0.002546
368,3.066667,-0.000082,0.950436,-0.004513,-0.310887,0.937621,0.534484,-5.921493,0.002591
369,3.075000,0.000203,0.951383,-0.003068,-0.307995,0.933609,0.533617,-5.920301,0.001571
370,3.083333,0.000594,0.951640,-0.002787,-0.307204,0.930735,0.533311,-5.918346,0.000570
371,3.091667,-0.000122,0.951293,-0.004706,-0.308251,0.930296,0.534561,-5.916651,0.002223
372,3.100000,0.001274,0.951057,-0.002657,-0.309001,0.931665,0.535710,-5.911942,0.001746
373,3.108333,-0.000430,0.950846,-0.004891,-0.309626,0.928141,0.534632,-5.912278,0.002641
374,3.116667,-0.000346,0.951512,-0.005103,-0.307568,0.924544,0.534818,-5.911072,0.002304
375,3.125000,-0.000703,0.951591,-0.005273,-0.307323,0.922684,0.534772,-5.909225,0.002300
376,3.133333,-0.000687,0.951694,-0.005157,-0.307003,0.920737,0.534722,-5.907347,0.002162
377,3.141667,-0.000685,0.951757,-0.005326,-0.306807,0.919039,0.534813,-5.905503,0.002182
378,3.150000,-0.000669,0.951761,-0.005661,-0.306786,0.917028,0.534988,-5.903737,0.002321
379,3.158333,-0.000301,0.952116,-0.003802,-0.305714,0.914682,0.533851,-5.901833,0.001599
380,3.166667,-0.001068,0.952015,-0.005655,-0.305999,0.913012,0.534827,-5.900004,0.002257
381,3.175000,-0.000419,0.952508,-0.003838,-0.304490,0.909641,0.533542,-5.898013,0.000551
382,3.183333,-0.001237,0.952150,-0.005865,-0.305571,0.909184,0.534836,-5.896273,0.002213
383,3.191667,-0.001342,0.951610,-0.005888,-0.307248,0.908838,0.534762,-5.893799,0.002579
384,3.200000,-0.000045,0.951960,-0.003948,-0.306196,0.908671,0.535779,-5.889787,0.001724
385,3.208333,0.000086,0.952032,-0.003967,-0.305974,0.906592,0.535783,-5.887920,0.001669
386,3.216667,-0.000264,0.952109,-0.004280,-0.305730,0.904593,0.535699,-5.886061,0.001701
387,3.225000,-0.001579,0.952940,-0.004823,-0.303118,0.898405,0.533837,-5.886938,0.001615
388,3.233333,-0.001835,0.952016,-0.006422,-0.305976,0.899014,0.534649,-5.884573,0.002579
389,3.241667,-0.000642,0.952357,-0.004654,-0.304949,0.898766,0.535601,-5.880588,0.001734
390,3.250000,0.001217,0.952264,-0.004355,-0.305242,0.894875,0.534464,-5.880614,0.002204
391,3.258333,-0.002304,0.952236,-0.006713,-0.305281,0.893104,0.534537,-5.879041,0.002556
392,3.266667,-0.000936,0.952551,-0.004911,-0.304337,0.892856,0.535522,-5.875040,0.001735
393,3.275000,-0.002464,0.952359,-0.006944,-0.304892,0.889127,0.534459,-5.875372,0.002610
394,3.283333,-0.002590,0.953096,-0.007147,-0.302574,0.885319,0.534460,-5.874234,0.002341
395,3.291667,-0.002689,0.952529,-0.007086,-0.304353,0.885237,0.534373,-5.871668,0.002602
396,3.300000,-0.001104,0.952861,-0.005042,-0.303365,0.884770,0.535425,-5.867622,0.001694
397,3.308333,-0.001512,0.952960,-0.005292,-0.303048,0.882926,0.535327,-5.865798,0.001827
398,3.316667,-0.002103,0.953125,-0.006256,-0.302506,0.878141,0.533654,-5.866419,0.002140
399,3.325000,-0.002966,0.953400,-0.007474,-0.301601,0.875613,0.534155,-5.865024,0.002372
400,3.333333,-0.002959,0.953448,-0.007568,-0.301449,0.873719,0.534168,-5.863125,0.002245
401,3.341667,-0.003008,0.953542,-0.007679,-0.301149,0.871703,0.534159,-5.861252,0.002264
402,3.350000,-0.003544,0.953666,-0.007777,-0.300745,0.869439,0.534015,-5.859435,0.002337
403,3.358333,-0.003597,0.953120,-0.007670,-0.302475,0.869142,0.533909,-5.856862,0.002622
404,3.366667,-0.003280,0.954208,-0.005994,-0.299066,0.864547,0.532771,-5.855621,0.001409
405,3.375000,-0.003516,0.953275,-0.007625,-0.301987,0.865041,0.533718,-5.853161,0.002587
406,3.383333,-0.002156,0.953676,-0.005713,-0.300775,0.864763,0.534692,-5.849234,0.001903
407,3.391667,-0.002086,0.953728,-0.005455,-0.300615,0.862739,0.534749,-5.847348,0.001854
408,3.400000,-0.002035,0.953828,-0.005504,-0.300297,0.860739,0.534724,-5.845508,0.001953
409,3.408333,0.000891,0.953601,-0.005177,-0.301026,0.856578,0.533217,-5.845299,0.002389
410,3.416667,-0.002477,0.954218,-0.006449,-0.299032,0.853346,0.532573,-5.843863,0.002561
411,3.425000,-0.000711,0.953977,-0.005622,-0.299826,0.851952,0.532957,-5.841353,0.002763
412,3.433333,-0.002638,0.954385,-0.006409,-0.298497,0.849293,0.532438,-5.840136,0.002570
413,3.441667,-0.002582,0.954469,-0.006321,-0.298232,0.847240,0.532345,-5.838322,0.002612
414,3.450000,-0.002890,0.955126,-0.005588,-0.296134,0.844064,0.531789,-5.836815,0.002358
415,3.458333,-0.003638,0.955198,-0.005734,-0.295890,0.841971,0.531690,-5.834881,0.001853
416,3.466667,-0.003383,0.955255,-0.005690,-0.295708,0.839975,0.531628,-5.833108,0.002321
417,3.475000,-0.002873,0.954782,-0.006298,-0.297228,0.839214,0.532034,-5.830863,0.002502
418,3.483333,-0.003313,0.955425,-0.005549,-0.295164,0.836050,0.531524,-5.829354,0.002289
419,3.491667,-0.002759,0.954905,-0.006307,-0.296830,0.835080,0.531854,-5.827197,0.002534
420,3.500000,-0.003331,0.955558,-0.005587,-0.294733,0.831804,0.531327,-5.825739,0.002275
421,3.508333,-0.003236,0.955623,-0.005557,-0.294523,0.829836,0.531280,-5.823917,0.002341
422,3.516667,-0.003199,0.955735,-0.005458,-0.294160,0.827793,0.531200,-5.822041,0.002280
423,3.525000,-0.003139,0.955836,-0.005305,-0.293835,0.825723,0.531117,-5.820181,0.002284
424,3.533333,-0.003207,0.955862,-0.005375,-0.293750,0.823502,0.530965,-5.818409,0.002361
425,3.541667,-0.003246,0.955928,-0.005398,-0.293533,0.821544,0.530952,-5.816566,0.002335
426,3.550000,-0.003222,0.956006,-0.005302,-0.293280,0.819584,0.530888,-5.814752,0.002354
427,3.558333,-0.003473,0.956157,-0.005227,-0.292788,0.817449,0.530836,-5.812882,0.001865
428,3.566667,-0.003467,0.956220,-0.005222,-0.292582,0.815403,0.530764,-5.811046,0.001831
429,3.575000,-0.003397,0.956292,-0.005227,-0.292348,0.813305,0.530721,-5.809283,0.001809
430,3.583333,-0.003081,0.956323,-0.005241,-0.292250,0.811283,0.530680,-5.807528,0.002368
431,3.591667,-0.002892,0.956410,-0.005087,-0.291968,0.809379,0.530663,-5.805702,0.002316
432,3.600000,-0.002812,0.956529,-0.004983,-0.291582,0.807258,0.530603,-5.803903,0.002358
433,3.608333,-0.002724,0.956596,-0.004920,-0.291363,0.805273,0.530549,-5.802078,0.002345
434,3.616667,-0.002675,0.956652,-0.004991,-0.291179,0.803163,0.530557,-5.800327,0.002326
435,3.625000,-0.002687,0.956683,-0.004950,-0.291078,0.801152,0.530473,-5.798525,0.002386
436,3.633333,-0.002882,0.956864,-0.004879,-0.290482,0.799012,0.530445,-5.796621,0.001887
437,3.641667,-0.002353,0.956919,-0.004728,-0.290307,0.797019,0.530452,-5.794948,0.002384
438,3.650000,-0.002354,0.956987,-0.004719,-0.290084,0.795032,0.530412,-5.793140,0.002360
439,3.658333,-0.002332,0.957034,-0.004780,-0.289929,0.792983,0.530414,-5.791406,0.002373
440,3.666667,-0.002330,0.957093,-0.004762,-0.289734,0.790935,0.530351,-5.789622,0.002398
441,3.675000,-0.001577,0.956645,-0.005353,-0.291204,0.790053,0.530841,-5.787495,0.002603
442,3.683333,-0.002418,0.957367,-0.004637,-0.288826,0.786178,0.530170,-5.785917,0.001464
443,3.691667,-0.001315,0.956841,-0.005180,-0.290562,0.785965,0.530842,-5.783885,0.002592
444,3.700000,-0.001941,0.957478,-0.004477,-0.288465,0.782727,0.530359,-5.782443,0.002368
445,3.708333,-0.001731,0.957519,-0.004440,-0.288332,0.780586,0.530275,-5.780684,0.002413
446,3.716667,-0.001603,0.957602,-0.004397,-0.288057,0.778548,0.530282,-5.778893,0.002418
447,3.725000,-0.000896,0.957132,-0.005067,-0.289608,0.777733,0.530773,-5.776833,0.002617
448,3.733333,-0.001369,0.957767,-0.004228,-0.287511,0.774617,0.530365,-5.775352,0.002338
449,3.741667,-0.000983,0.957355,-0.004887,-0.288871,0.773762,0.530812,-5.773215,0.002562
450,3.750000,-0.001448,0.957938,-0.004158,-0.286941,0.769934,0.530160,-5.771729,0.001297
451,3.758333,0.001093,0.957143,-0.004140,-0.289583,0.770246,0.531224,-5.769024,0.002805
452,3.766667,-0.000456,0.957529,-0.004753,-0.288299,0.767460,0.530824,-5.767873,0.002600
453,3.775000,-0.000874,0.958215,-0.004035,-0.286020,0.764364,0.530406,-5.766442,0.002323
454,3.783333,-0.001387,0.958255,-0.004057,-0.285883,0.761777,0.530255,-5.764577,0.001206
455,3.791667,-0.001393,0.958339,-0.004168,-0.285600,0.759670,0.530286,-5.762811,0.001308
456,3.800000,-0.001281,0.958367,-0.004077,-0.285509,0.757643,0.530285,-5.761056,0.001264
457,3.808333,-0.001174,0.958463,-0.004133,-0.285183,0.755627,0.530339,-5.759276,0.001284
458,3.816667,-0.001140,0.958544,-0.003936,-0.284914,0.753594,0.530345,-5.757497,0.001298
459,3.825000,-0.001121,0.958657,-0.003938,-0.284536,0.751539,0.530340,-5.755675,0.001300
460,3.833333,-0.001038,0.958739,-0.003828,-0.284260,0.749425,0.530348,-5.753866,0.001323
461,3.841667,-0.000978,0.958768,-0.003891,-0.284162,0.747405,0.530347,-5.752108,0.001358
462,3.850000,-0.000965,0.958879,-0.003977,-0.283787,0.745201,0.530436,-5.750341,0.001358
463,3.858333,-0.000865,0.958969,-0.003750,-0.283484,0.743221,0.530375,-5.748491,0.001355
464,3.866667,-0.000821,0.959069,-0.003689,-0.283148,0.741085,0.530389,-5.746689,0.001356
465,3.875000,-0.000811,0.959132,-0.003603,-0.282936,0.739039,0.530410,-5.744868,0.001313
466,3.883333,-0.000746,0.959212,-0.003648,-0.282664,0.736961,0.530455,-5.743070,0.001323
467,3.891667,-0.000749,0.959272,-0.003570,-0.282462,0.734810,0.530451,-5.741341,0.001365
468,3.900000,-0.000682,0.959367,-0.003488,-0.282138,0.732737,0.530409,-5.739498,0.001395
469,3.908333,-0.000428,0.959533,-0.003145,-0.281579,0.730788,0.530396,-5.737689,0.001258
470,3.916667,-0.000661,0.959560,-0.003393,-0.281485,0.728457,0.530467,-5.735839,0.001385
471,3.925000,-0.000737,0.959617,-0.003338,-0.281290,0.726389,0.530464,-5.734042,0.001394
472,3.933333,-0.000704,0.959713,-0.003375,-0.280961,0.724134,0.530496,-5.732315,0.001462
473,3.941667,-0.000627,0.959769,-0.003257,-0.280770,0.722085,0.530441,-5.730471,0.001419
474,3.950000,-0.000590,0.959876,-0.003184,-0.280406,0.719961,0.530475,-5.728644,0.001400
475,3.958333,-0.000668,0.959964,-0.003200,-0.280104,0.717817,0.530512,-5.726830,0.001388
476,3.966667,-0.000725,0.960042,-0.003150,-0.279837,0.715684,0.530538,-5.725054,0.001474
477,3.975000,-0.000623,0.960127,-0.003215,-0.279543,0.713469,0.530512,-5.723261,0.001434
478,3.983333,-0.000550,0.960163,-0.003094,-0.279422,0.711366,0.530472,-5.721488,0.001456
479,3.991667,-0.000318,0.960363,-0.002965,-0.278737,0.709364,0.530481,-5.719628,0.001358
480,4.000000,-0.000754,0.960347,-0.003093,-0.278791,0.706946,0.530538,-5.717868,0.001429
481,4.008333,-0.000692,0.960476,-0.003121,-0.278346,0.704797,0.530510,-5.716026,0.001492
482,4.016667,-0.000686,0.960497,-0.003091,-0.278274,0.702566,0.530519,-5.714311,0.001450
483,4.025000,-0.000318,0.960671,-0.002978,-0.277672,0.700802,0.530528,-5.712530,0.001946
484,4.033333,-0.000695,0.960679,-0.003087,-0.277643,0.698161,0.530568,-5.710707,0.001487
485,4.041667,-0.000791,0.960720,-0.003154,-0.277502,0.696310,0.530598,-5.709061,0.001468
486,4.050000,-0.000622,0.960851,-0.003144,-0.277048,0.693819,0.530612,-5.707142,0.001465
487,4.058333,-0.000516,0.960935,-0.003157,-0.276757,0.691661,0.530562,-5.705375,0.001446
488,4.066667,-0.000632,0.961012,-0.003267,-0.276488,0.689379,0.530627,-5.703642,0.001518
489,4.075000,-0.000575,0.961088,-0.003214,-0.276223,0.687261,0.530624,-5.701846,0.001441
490,4.083333,-0.000162,0.961271,-0.002802,-0.275591,0.685326,0.530614,-5.699922,0.001604
491,4.091667,-0.000579,0.961257,-0.003229,-0.275633,0.682851,0.530647,-5.698323,0.001449
492,4.100000,-0.000506,0.961346,-0.003314,-0.275322,0.680592,0.530668,-5.696577,0.001520
493,4.108333,-0.000476,0.961375,-0.003371,-0.275221,0.678361,0.530711,-5.694901,0.001534
494,4.116667,-0.000217,0.961614,-0.003543,-0.274383,0.676416,0.530722,-5.692851,0.001681
495,4.125000,-0.000484,0.961594,-0.003405,-0.274455,0.673962,0.530801,-5.691368,0.001504
496,4.133333,-0.000399,0.961673,-0.003398,-0.274178,0.671850,0.530811,-5.689596,0.001529
497,4.141667,-0.000348,0.961724,-0.003651,-0.273996,0.669523,0.530872,-5.687924,0.001485
498,4.150000,-0.000287,0.961831,-0.003545,-0.273620,0.667421,0.530848,-5.686155,0.001530
499,4.158333,-0.000310,0.961914,-0.003593,-0.273327,0.665151,0.530923,-5.684411,0.001538
500,4.166667,-0.000351,0.962035,-0.003612,-0.272901,0.662909,0.530972,-5.682676,0.001539
501,4.175000,0.000053,0.962043,-0.003600,-0.272873,0.660272,0.530881,-5.681060,0.001167
502,4.183333,-0.000148,0.962134,-0.003809,-0.272551,0.658418,0.531006,-5.679309,0.001576
503,4.191667,0.000013,0.962253,-0.003663,-0.272131,0.656053,0.530983,-5.677646,0.001286
504,4.200000,-0.000085,0.962558,-0.003782,-0.271048,0.654334,0.531122,-5.675303,0.001706
505,4.208333,-0.000086,0.962422,-0.003791,-0.271531,0.651930,0.531143,-5.674126,0.001484
506,4.216667,0.000093,0.962459,-0.003923,-0.271400,0.649384,0.531151,-5.672519,0.001308
507,4.225000,0.000429,0.962564,-0.003849,-0.271028,0.647058,0.531140,-5.670816,0.001311
508,4.233333,0.000294,0.962620,-0.003856,-0.270828,0.644857,0.531228,-5.669145,0.001357
509,4.241667,0.000376,0.962769,-0.003929,-0.270297,0.642645,0.531301,-5.667353,0.001286
510,4.250000,0.000345,0.962797,-0.003894,-0.270198,0.640438,0.531331,-5.665644,0.001267
511,4.258333,0.000587,0.962895,-0.003942,-0.269846,0.638161,0.531270,-5.663966,0.001315
512,4.266667,0.000435,0.962961,-0.003934,-0.269612,0.635901,0.531375,-5.662252,0.001293
513,4.275000,0.000501,0.963065,-0.003966,-0.269239,0.633735,0.531398,-5.660550,0.001356
514,4.283333,0.000459,0.963157,-0.003944,-0.268911,0.631495,0.531453,-5.658760,0.001237
515,4.291667,0.000518,0.963228,-0.003963,-0.268657,0.629138,0.531442,-5.657072,0.001289
516,4.300000,0.000579,0.963298,-0.004037,-0.268405,0.626832,0.531444,-5.655419,0.001340
517,4.308333,0.000426,0.963388,-0.004053,-0.268082,0.624589,0.531541,-5.653654,0.001346
518,4.316667,0.000490,0.963496,-0.003974,-0.267693,0.622395,0.531541,-5.651914,0.001315
519,4.325000,0.000455,0.963582,-0.003881,-0.267383,0.620092,0.531523,-5.650165,0.001336
520,4.333333,0.000558,0.963639,-0.004016,-0.267175,0.617794,0.531510,-5.648485,0.001358
521,4.341667,0.000456,0.963692,-0.003973,-0.266986,0.615525,0.531562,-5.646765,0.001313
522,4.350000,0.000414,0.963839,-0.004020,-0.266455,0.613282,0.531604,-5.644980,0.001317
523,4.358333,0.000384,0.963884,-0.003762,-0.266297,0.611001,0.531553,-5.643283,0.001300
524,4.366667,0.000389,0.964015,-0.003966,-0.265819,0.608693,0.531573,-5.641547,0.001325
525,4.375000,0.000318,0.964032,-0.003973,-0.265757,0.606376,0.531572,-5.639829,0.001358
526,4.383333,0.000264,0.964148,-0.003920,-0.265338,0.604126,0.531572,-5.638040,0.001295
527,4.391667,0.000190,0.964259,-0.003862,-0.264934,0.601762,0.531573,-5.636319,0.001333
528,4.400000,-0.000019,0.964244,-0.003774,-0.264989,0.599865,0.531562,-5.634705,0.001308
529,4.408333,0.000061,0.964431,-0.003927,-0.264304,0.597119,0.531571,-5.632871,0.001399
530,4.416667,-0.000035,0.964448,-0.003834,-0.264244,0.594825,0.531479,-5.631135,0.001363
531,4.425000,0.000173,0.964520,-0.003847,-0.263984,0.592466,0.531399,-5.629512,0.001259
532,4.433333,0.000077,0.964601,-0.003815,-0.263684,0.590192,0.531390,-5.627754,0.001205
533,4.441667,-0.000189,0.964779,-0.003870,-0.263032,0.588302,0.531424,-5.625658,0.001584
534,4.450000,0.000031,0.964754,-0.003729,-0.263126,0.585585,0.531300,-5.624263,0.001168
535,4.458333,-0.000069,0.964855,-0.003770,-0.262755,0.583245,0.531333,-5.622494,0.001171
536,4.466667,-0.000418,0.964876,-0.003679,-0.262679,0.581234,0.531299,-5.620845,0.001248
537,4.475000,-0.000277,0.965036,-0.003737,-0.262091,0.578634,0.531277,-5.619007,0.001229
538,4.483333,-0.000173,0.965161,-0.003479,-0.261633,0.576501,0.531164,-5.617276,0.001164
539,4.491667,-0.000352,0.965176,-0.003606,-0.261577,0.573972,0.531125,-5.615538,0.001224
540,4.500000,-0.000539,0.965257,-0.003669,-0.261277,0.571732,0.531086,-5.613777,0.001186
541,4.508333,-0.000574,0.965329,-0.003532,-0.261013,0.569345,0.531069,-5.612058,0.001240
542,4.516667,0.000180,0.965321,-0.003792,-0.261037,0.567354,0.530903,-5.610278,0.001262
543,4.525000,-0.000360,0.965475,-0.003552,-0.260471,0.564697,0.530926,-5.608559,0.001213
544,4.533333,-0.000186,0.965410,-0.003940,-0.260708,0.562643,0.530898,-5.606758,0.001259
545,4.541667,-0.000265,0.965498,-0.003916,-0.260382,0.560249,0.530860,-5.605040,0.001286
546,4.550000,-0.000305,0.965578,-0.003974,-0.260082,0.557911,0.530789,-5.603305,0.001252
547,4.558333,-0.000577,0.965591,-0.003851,-0.260036,0.555915,0.530737,-5.601695,0.001311
548,4.566667,-0.000479,0.965742,-0.004068,-0.259473,0.553278,0.530711,-5.599849,0.001267
549,4.575000,-0.000441,0.965818,-0.003879,-0.259192,0.550981,0.530598,-5.598133,0.001296
550,4.583333,-0.000496,0.965908,-0.003921,-0.258855,0.548684,0.530569,-5.596363,0.001272
551,4.591667,-0.000827,0.966061,-0.003971,-0.258284,0.546018,0.530536,-5.594598,0.001240
552,4.600000,-0.000590,0.966061,-0.003821,-0.258284,0.544058,0.530436,-5.592906,0.001277
553,4.608333,-0.000528,0.966239,-0.003701,-0.257622,0.541815,0.530436,-5.591200,0.001276
554,4.616667,-0.001294,0.966008,-0.004405,-0.258473,0.539726,0.530355,-5.589058,0.001291
555,4.625000,-0.001140,0.966168,-0.004306,-0.257876,0.537523,0.530332,-5.587375,0.001426
556,4.633333,-0.001509,0.966176,-0.004194,-0.257844,0.535085,0.530316,-5.585708,0.001275
557,4.641667,-0.001399,0.966265,-0.004388,-0.257508,0.532758,0.530230,-5.583924,0.001303
558,4.650000,-0.001442,0.966341,-0.004428,-0.257221,0.530354,0.530262,-5.582273,0.001361
559,4.658333,-0.001612,0.966518,-0.004437,-0.256556,0.527797,0.530146,-5.580475,0.001289
560,4.666667,-0.001666,0.966508,-0.004211,-0.256597,0.525721,0.530181,-5.578894,0.001297
561,4.675000,-0.001811,0.966556,-0.004547,-0.256410,0.523656,0.530066,-5.577150,0.001309
562,4.683333,-0.001598,0.966824,-0.004313,-0.255403,0.520790,0.530006,-5.575397,0.001431
563,4.691667,-0.001645,0.966764,-0.004541,-0.255626,0.518650,0.530000,-5.573732,0.001359
564,4.700000,-0.001689,0.966844,-0.004465,-0.255323,0.516330,0.529968,-5.572011,0.001324
565,4.708333,-0.001949,0.966949,-0.004310,-0.254925,0.514031,0.529976,-5.570398,0.001294
566,4.716667,-0.001515,0.967092,-0.004348,-0.254386,0.511770,0.529901,-5.568651,0.001395
567,4.725000,-0.001581,0.967189,-0.004480,-0.254013,0.509375,0.529876,-5.566959,0.001398
568,4.733333,-0.001928,0.967187,-0.004292,-0.254024,0.506891,0.529887,-5.565358,0.001305
569,4.741667,-0.001877,0.967276,-0.004698,-0.253675,0.504538,0.529835,-5.563610,0.001308
570,4.750000,-0.001919,0.967357,-0.004680,-0.253369,0.502075,0.529831,-5.561949,0.001353
571,4.758333,-0.002115,0.967393,-0.004678,-0.253230,0.500017,0.529765,-5.560311,0.001309
572,4.766667,-0.002172,0.967527,-0.004478,-0.252720,0.497338,0.529828,-5.558669,0.001305
573,4.775000,-0.002076,0.967661,-0.004599,-0.252206,0.495303,0.529739,-5.556999,0.001395
574,4.783333,-0.002069,0.967681,-0.004772,-0.252126,0.492516,0.529721,-5.555256,0.001393
575,4.791667,-0.001960,0.967850,-0.004648,-0.251476,0.490173,0.529715,-5.553623,0.001458
576,4.800000,-0.002033,0.967943,-0.004682,-0.251116,0.487782,0.529687,-5.551960,0.001386
577,4.808333,-0.002216,0.968025,-0.004417,-0.250806,0.485409,0.529715,-5.550340,0.001407
578,4.816667,-0.002413,0.968047,-0.004863,-0.250711,0.483207,0.529706,-5.548738,0.001417
579,4.825000,-0.002363,0.968267,-0.004828,-0.249859,0.480168,0.529648,-5.546954,0.001441
580,4.833333,-0.002628,0.968201,-0.004831,-0.250113,0.477996,0.529722,-5.545348,0.001296
581,4.841667,-0.002726,0.968300,-0.004745,-0.249732,0.475912,0.529728,-5.543848,0.001360
582,4.850000,-0.002636,0.968374,-0.005211,-0.249434,0.473149,0.529746,-5.541975,0.001305
583,4.858333,-0.002932,0.968397,-0.005227,-0.249342,0.470930,0.529720,-5.540449,0.001328
584,4.866667,-0.002860,0.968530,-0.005031,-0.248830,0.468247,0.529715,-5.538768,0.001284
585,4.875000,-0.002566,0.968691,-0.005235,-0.248200,0.465879,0.529734,-5.537053,0.001436
586,4.883333,-0.002987,0.968674,-0.005240,-0.248262,0.463698,0.529765,-5.535525,0.001435
587,4.891667,-0.002685,0.968861,-0.005271,-0.247533,0.461006,0.529724,-5.533756,0.001428
588,4.900000,-0.003135,0.968833,-0.005227,-0.247640,0.458409,0.529789,-5.532191,0.001314
589,4.908333,-0.003162,0.968955,-0.005206,-0.247162,0.456373,0.529815,-5.530599,0.001343
590,4.916667,-0.002790,0.969091,-0.005393,-0.246629,0.453525,0.529830,-5.528884,0.001443
591,4.925000,-0.003099,0.969130,-0.005475,-0.246471,0.451343,0.529820,-5.527263,0.001405
592,4.933333,-0.003309,0.969119,-0.005690,-0.246505,0.448745,0.529867,-5.525636,0.001365
593,4.941667,-0.003150,0.969264,-0.005742,-0.245937,0.446095,0.529906,-5.523860,0.001330
594,4.950000,-0.003580,0.969294,-0.005473,-0.245817,0.443853,0.529956,-5.522385,0.001299
595,4.958333,-0.003331,0.969420,-0.005450,-0.245323,0.441182,0.529949,-5.520637,0.001298
596,4.966667,-0.003625,0.969420,-0.005590,-0.245318,0.438985,0.530010,-5.519083,0.001299
597,4.975000,-0.002649,0.969772,-0.005193,-0.243943,0.435909,0.529993,-5.517659,0.001326
598,4.983333,-0.002592,0.969871,-0.005123,-0.243551,0.433399,0.529988,-5.516039,0.001328
599,4.991667,-0.003133,0.970032,-0.004853,-0.242908,0.431007,0.530067,-5.514512,0.001320
600,5.000000,-0.002655,0.970019,-0.005296,-0.242958,0.428506,0.530105,-5.512698,0.001322
601,5.008333,-0.002811,0.970140,-0.004829,-0.242481,0.426499,0.530121,-5.511247,0.001260
602,5.016667,-0.002821,0.970125,-0.005214,-0.242535,0.423794,0.530090,-5.509523,0.001298
603,5.025000,-0.002735,0.970277,-0.005045,-0.241930,0.421099,0.530239,-5.507792,0.001253
604,5.033333,-0.002778,0.970308,-0.004757,-0.241811,0.419108,0.530230,-5.506419,0.001316
605,5.041667,-0.002812,0.970404,-0.004904,-0.241423,0.416330,0.530280,-5.504627,0.001246
606,5.050000,-0.002724,0.970519,-0.004992,-0.240959,0.413671,0.530368,-5.502826,0.001260
607,5.058333,-0.002672,0.970520,-0.005074,-0.240952,0.411437,0.530339,-5.501314,0.001324
608,5.066667,-0.002357,0.970740,-0.004983,-0.240068,0.408642,0.530464,-5.499780,0.000735
609,5.075000,-0.002375,0.970711,-0.004874,-0.240188,0.406544,0.530367,-5.498222,0.000863
610,5.083333,-0.002221,0.970895,-0.004589,-0.239452,0.403923,0.530478,-5.496281,0.001246
611,5.091667,-0.002489,0.971022,-0.004573,-0.238932,0.401054,0.530452,-5.494588,0.001243
612,5.100000,-0.002090,0.971012,-0.004501,-0.238981,0.399025,0.530467,-5.493048,0.001320
613,5.108333,-0.002053,0.971140,-0.004484,-0.238458,0.396438,0.530597,-5.491312,0.001278
614,5.116667,-0.002079,0.971134,-0.004931,-0.238474,0.393757,0.530607,-5.489553,0.001327
615,5.125000,-0.002085,0.971239,-0.004309,-0.238059,0.391684,0.530624,-5.488150,0.001239
616,5.133333,-0.001681,0.971381,-0.004609,-0.237476,0.388952,0.530681,-5.486277,0.001310
617,5.141667,-0.001687,0.971523,-0.004267,-0.236902,0.386959,0.530674,-5.484577,0.001487
618,5.150000,-0.002122,0.971364,-0.004163,-0.237552,0.383935,0.530690,-5.483329,0.000800
619,5.158333,-0.001438,0.971623,-0.004341,-0.236491,0.381427,0.530797,-5.481318,0.001283
620,5.166667,-0.001641,0.971670,-0.003945,-0.236305,0.379261,0.530885,-5.479821,0.001241
621,5.175000,-0.001066,0.971793,-0.004452,-0.235791,0.376208,0.530990,-5.478276,0.000878
622,5.183333,-0.001340,0.971861,-0.003900,-0.235518,0.373961,0.530953,-5.476444,0.001259
623,5.191667,-0.001537,0.971749,-0.003880,-0.235980,0.371447,0.531050,-5.475262,0.001043
624,5.200000,-0.001305,0.971921,-0.003912,-0.235272,0.368327,0.531130,-5.473371,0.001086
625,5.208333,-0.001031,0.971997,-0.003266,-0.234970,0.366669,0.530891,-5.471851,0.000848
626,5.216667,-0.001029,0.972134,-0.003454,-0.234397,0.364218,0.531079,-5.469981,0.001247
627,5.225000,-0.000976,0.972228,-0.003377,-0.234008,0.361708,0.531156,-5.468353,0.001261
628,5.233333,-0.000617,0.972234,-0.003583,-0.233983,0.359128,0.531142,-5.466872,0.000893
629,5.241667,-0.000353,0.972390,-0.003348,-0.233336,0.356409,0.531175,-5.465015,0.001370
630,5.250000,-0.000691,0.972465,-0.003149,-0.233028,0.354102,0.531252,-5.463440,0.001244
631,5.258333,-0.000325,0.972587,-0.003188,-0.232517,0.351076,0.531314,-5.461941,0.000742
632,5.266667,-0.000306,0.972665,-0.002997,-0.232195,0.348777,0.531337,-5.460087,0.001275
633,5.275000,-0.000256,0.972730,-0.003087,-0.231922,0.346461,0.531334,-5.458519,0.001285
634,5.283333,-0.000168,0.972815,-0.002955,-0.231564,0.343664,0.531396,-5.456872,0.001285
635,5.291667,-0.000276,0.973004,-0.002889,-0.230770,0.340683,0.531420,-5.455190,0.001254
636,5.300000,-0.000211,0.972961,-0.002733,-0.230955,0.338779,0.531487,-5.453718,0.001239
637,5.308333,-0.000102,0.972996,-0.002686,-0.230806,0.336115,0.531457,-5.452361,0.000814
638,5.316667,0.000134,0.973029,-0.002993,-0.230663,0.333592,0.531533,-5.450727,0.000897
639,5.325000,-0.000055,0.973208,-0.002575,-0.229911,0.331035,0.531606,-5.448905,0.001221
640,5.333333,-0.000262,0.973511,-0.003519,-0.228615,0.328187,0.531893,-5.446802,0.001334
641,5.341667,-0.000298,0.973619,-0.003792,-0.228148,0.325212,0.532129,-5.445512,0.001029
642,5.350000,-0.000322,0.973677,-0.003240,-0.227909,0.323008,0.531985,-5.443648,0.001314
643,5.358333,0.000475,0.973503,-0.002795,-0.228657,0.320451,0.531697,-5.442483,0.001380
644,5.366667,0.000167,0.973513,-0.002491,-0.228619,0.317957,0.531646,-5.441223,0.000906
645,5.375000,0.000099,0.973888,-0.003646,-0.227001,0.314935,0.532070,-5.438932,0.001484
646,5.383333,-0.000023,0.973987,-0.003724,-0.226572,0.312372,0.532170,-5.437351,0.001565
647,5.391667,0.000152,0.974146,-0.004380,-0.225877,0.309209,0.532394,-5.435925,0.001037
648,5.400000,0.000147,0.973849,-0.002430,-0.227184,0.307398,0.531740,-5.434922,0.000824
649,5.408333,-0.000239,0.974263,-0.003687,-0.225383,0.304276,0.532301,-5.432902,0.001048
650,5.416667,-0.000287,0.974259,-0.003542,-0.225405,0.301880,0.532284,-5.431307,0.001501
651,5.425000,-0.000279,0.974392,-0.003904,-0.224824,0.299002,0.532406,-5.429661,0.001562
652,5.433333,-0.000006,0.974482,-0.004310,-0.224426,0.296277,0.532498,-5.428155,0.001642
653,5.441667,0.000051,0.974241,-0.002753,-0.225493,0.294176,0.532048,-5.426965,0.001574
654,5.450000,-0.000008,0.974346,-0.002938,-0.225038,0.291501,0.532095,-5.425657,0.001393
655,5.458333,-0.000010,0.974381,-0.002900,-0.224885,0.288787,0.532122,-5.423979,0.001588
656,5.466667,-0.000060,0.974503,-0.003003,-0.224355,0.286139,0.532148,-5.422592,0.001422
657,5.475000,0.000144,0.973731,-0.004250,-0.227664,0.284077,0.532720,-5.419255,0.001834
658,5.483333,-0.000003,0.974631,-0.003486,-0.223790,0.280638,0.532248,-5.419352,0.001634
659,5.491667,-0.000161,0.974719,-0.003459,-0.223410,0.277998,0.532216,-5.418015,0.001485
660,5.500000,0.000080,0.974944,-0.003668,-0.222419,0.274293,0.532512,-5.416570,0.001176
661,5.508333,-0.000526,0.974796,-0.003779,-0.223067,0.272442,0.532286,-5.414679,0.001803
662,5.516667,-0.000294,0.974983,-0.003709,-0.222247,0.269508,0.532429,-5.413286,0.001570
663,5.525000,0.000936,0.974240,-0.004159,-0.225475,0.267372,0.533271,-5.410283,0.001639
664,5.533333,-0.000714,0.975089,-0.003696,-0.221784,0.264385,0.532444,-5.410448,0.001543
665,5.541667,-0.000818,0.975220,-0.003808,-0.221201,0.261018,0.532352,-5.409138,0.001053
666,5.550000,-0.000510,0.975282,-0.004278,-0.220922,0.258578,0.532522,-5.407499,0.001713
667,5.558333,-0.000617,0.975348,-0.004123,-0.220632,0.256013,0.532471,-5.406120,0.001541
668,5.566667,-0.000687,0.975454,-0.004442,-0.220157,0.253166,0.532552,-5.404472,0.001658
669,5.575000,-0.000991,0.975506,-0.004209,-0.219932,0.250467,0.532643,-5.403136,0.001649
670,5.583333,-0.000826,0.975583,-0.004554,-0.219584,0.247669,0.532673,-5.401554,0.001652
671,5.591667,-0.001144,0.975691,-0.004397,-0.219103,0.244991,0.532672,-5.400121,0.001575
672,5.600000,-0.001217,0.975721,-0.004491,-0.218970,0.242380,0.532740,-5.398766,0.001463
673,5.608333,-0.001123,0.975826,-0.004846,-0.218494,0.239431,0.532798,-5.397097,0.001643
674,5.616667,-0.001570,0.975783,-0.005060,-0.218677,0.236307,0.532772,-5.395769,0.001083
675,5.625000,-0.001074,0.975128,-0.006245,-0.221554,0.234668,0.533334,-5.392308,0.001765
676,5.633333,-0.001216,0.975181,-0.006334,-0.221313,0.231965,0.533341,-5.390787,0.001836
677,5.641667,-0.001331,0.975297,-0.006427,-0.220799,0.229195,0.533343,-5.389285,0.001740
678,5.650000,-0.001893,0.976153,-0.005142,-0.217016,0.225840,0.532965,-5.389701,0.001551
679,5.658333,-0.002012,0.976165,-0.005643,-0.216947,0.222612,0.532947,-5.388275,0.001031
680,5.666667,-0.002095,0.976274,-0.005203,-0.216467,0.220275,0.532946,-5.386461,0.001712
681,5.675000,-0.002139,0.976383,-0.005325,-0.215972,0.217623,0.533016,-5.385189,0.001531
682,5.683333,-0.002204,0.976382,-0.005908,-0.215958,0.214471,0.533081,-5.384027,0.000969
683,5.691667,-0.001636,0.975738,-0.006672,-0.218835,0.212594,0.533573,-5.380340,0.001828
684,5.700000,-0.001916,0.975844,-0.006894,-0.218352,0.209876,0.533562,-5.378803,0.001781
685,5.708333,-0.002048,0.975952,-0.006536,-0.217879,0.207213,0.533685,-5.377419,0.001832
686,5.716667,-0.001778,0.976052,-0.006308,-0.217441,0.204378,0.533813,-5.375936,0.001785
687,5.725000,-0.002040,0.976118,-0.006617,-0.217131,0.201568,0.533772,-5.374434,0.001845
688,5.733333,-0.002021,0.976182,-0.006542,-0.216847,0.198834,0.533816,-5.372849,0.001837
689,5.741667,-0.002749,0.977106,-0.005316,-0.212669,0.195723,0.533302,-5.373278,0.001428
690,5.750000,-0.002773,0.977201,-0.005213,-0.212234,0.192908,0.533325,-5.371679,0.001436
691,5.758333,-0.002169,0.976403,-0.007053,-0.215830,0.190452,0.533728,-5.368181,0.001808
692,5.766667,-0.002345,0.977250,-0.005721,-0.212002,0.187119,0.533374,-5.368522,0.001652
693,5.775000,-0.002407,0.977318,-0.005958,-0.211679,0.184308,0.533364,-5.367037,0.001646
694,5.783333,-0.002402,0.977404,-0.006036,-0.211281,0.181517,0.533356,-5.365489,0.001636
695,5.791667,-0.002416,0.977480,-0.005845,-0.210933,0.178692,0.533393,-5.364010,0.001664
696,5.800000,-0.002555,0.977684,-0.005586,-0.209992,0.175591,0.533462,-5.362536,0.001588
697,5.808333,-0.002527,0.977630,-0.005970,-0.210231,0.173317,0.533560,-5.360904,0.001882
698,5.816667,-0.002870,0.977774,-0.005456,-0.209570,0.170820,0.533751,-5.359626,0.001591
699,5.825000,-0.002857,0.977893,-0.005434,-0.209018,0.168102,0.533739,-5.358132,0.001453
700,5.833333,-0.002579,0.977883,-0.005437,-0.209068,0.165051,0.533682,-5.356399,0.001879
701,5.841667,-0.002408,0.978044,-0.005740,-0.208305,0.161763,0.533668,-5.354934,0.001848
702,5.850000,-0.001615,0.977242,-0.006668,-0.212019,0.159577,0.534000,-5.350919,0.001544
703,5.858333,-0.002263,0.978138,-0.005692,-0.207868,0.156703,0.533691,-5.351940,0.001754
704,5.866667,-0.001861,0.978064,-0.005679,-0.208221,0.153107,0.533425,-5.349829,0.001834
705,5.875000,-0.001444,0.977472,-0.006405,-0.210961,0.151154,0.533986,-5.346388,0.001584
706,5.883333,-0.001004,0.977681,-0.005535,-0.210021,0.148305,0.534017,-5.345683,0.001802
707,5.891667,-0.001085,0.977675,-0.005921,-0.210037,0.145597,0.534155,-5.343513,0.001649
708,5.900000,-0.001388,0.978597,-0.004718,-0.205728,0.142086,0.533362,-5.344296,0.001667
709,5.908333,-0.000809,0.977845,-0.005670,-0.209254,0.139934,0.534134,-5.340467,0.001610
710,5.916667,-0.001087,0.977952,-0.005535,-0.208753,0.136981,0.533809,-5.339534,0.001815
711,5.925000,-0.001023,0.978006,-0.005920,-0.208488,0.134266,0.533921,-5.337379,0.001481
712,5.933333,-0.001616,0.979020,-0.003648,-0.203727,0.131039,0.533253,-5.338469,0.001433
713,5.941667,-0.001044,0.978133,-0.005801,-0.207897,0.128582,0.533799,-5.334358,0.001524
714,5.950000,-0.000877,0.979064,-0.004055,-0.203511,0.125178,0.533237,-5.335340,0.001673
715,5.958333,-0.000907,0.978989,-0.004133,-0.203868,0.122265,0.533324,-5.333324,0.001725
716,5.966667,-0.000297,0.978483,-0.004605,-0.206275,0.120096,0.533774,-5.330632,0.001808
717,5.975000,-0.000421,0.978719,-0.004283,-0.205158,0.117486,0.533738,-5.329441,0.001915
718,5.983333,-0.000194,0.978639,-0.004348,-0.205542,0.114377,0.533622,-5.327665,0.001800
719,5.991667,0.000058,0.978726,-0.004265,-0.205126,0.111547,0.533696,-5.326159,0.001751
720,6.000000,-0.000538,0.978992,-0.004205,-0.203855,0.109006,0.533536,-5.325010,0.001920
721,6.008333,0.000141,0.978865,-0.004107,-0.204468,0.105835,0.533569,-5.323191,0.001744
722,6.016667,-0.000517,0.979777,-0.002984,-0.200069,0.102751,0.532943,-5.323710,0.001228
723,6.025000,-0.000790,0.979831,-0.002566,-0.199809,0.099754,0.532844,-5.321996,0.001621
724,6.033333,0.000514,0.979061,-0.004059,-0.203526,0.097180,0.533382,-5.318613,0.001772
725,6.041667,-0.000504,0.979998,-0.002518,-0.198990,0.094111,0.532728,-5.319220,0.001411
726,6.050000,-0.000503,0.980090,-0.002459,-0.198538,0.091205,0.532688,-5.317695,0.001492
727,6.058333,0.000103,0.980077,-0.002922,-0.198597,0.088062,0.532684,-5.316061,0.001688
728,6.066667,-0.000127,0.980158,-0.002434,-0.198205,0.085196,0.532579,-5.314743,0.001623
729,6.075000,-0.000420,0.980303,-0.002087,-0.197487,0.082581,0.532510,-5.313165,0.001585
730,6.083333,-0.000137,0.980357,-0.002143,-0.197219,0.079660,0.532451,-5.311930,0.001463
731,6.091667,-0.000321,0.980399,-0.001876,-0.197015,0.076731,0.532398,-5.310351,0.001618
732,6.100000,-0.000250,0.980522,-0.001796,-0.196403,0.073811,0.532304,-5.308867,0.001621
733,6.108333,0.000066,0.980504,-0.002092,-0.196486,0.070760,0.532254,-5.307493,0.001650
734,6.116667,0.000461,0.980605,-0.002473,-0.195980,0.067813,0.532164,-5.305971,0.001715
735,6.125000,0.000930,0.979832,-0.003455,-0.199793,0.065431,0.532906,-5.302157,0.001637
736,6.133333,0.000745,0.979914,-0.003770,-0.199383,0.062634,0.532634,-5.300625,0.001541
737,6.141667,0.000468,0.980797,-0.002274,-0.195016,0.059117,0.531929,-5.301672,0.001690
738,6.150000,0.000691,0.980108,-0.003432,-0.198432,0.056702,0.532348,-5.298431,0.001785
739,6.158333,0.000265,0.981283,-0.002904,-0.192547,0.054123,0.531851,-5.298185,0.001714
740,6.166667,-0.000007,0.981104,-0.002014,-0.193470,0.050664,0.531827,-5.297371,0.001904
741,6.175000,0.001121,0.980285,-0.003236,-0.197560,0.048141,0.532432,-5.293642,0.001618
742,6.183333,0.001181,0.980471,-0.002778,-0.196642,0.045127,0.532265,-5.292881,0.001768
743,6.191667,0.000370,0.981215,-0.001906,-0.192906,0.041707,0.531468,-5.293367,0.001653
744,6.200000,0.001202,0.980524,-0.003227,-0.196370,0.039420,0.532275,-5.289444,0.001571
745,6.208333,0.000561,0.980641,-0.003781,-0.195779,0.036695,0.532071,-5.288128,0.001982
746,6.216667,0.000453,0.981674,-0.002882,-0.190546,0.033690,0.531401,-5.288816,0.001432
747,6.225000,0.003050,0.980587,-0.000970,-0.196060,0.030170,0.532537,-5.285932,0.001879
748,6.233333,0.002712,0.980667,-0.001434,-0.195659,0.027301,0.532291,-5.284513,0.001835
749,6.241667,0.002722,0.980744,-0.002008,-0.195267,0.024455,0.532479,-5.282501,0.001558
750,6.250000,0.000761,0.981641,-0.001856,-0.190728,0.021128,0.531229,-5.283639,0.002175
751,6.258333,0.002657,0.980906,-0.001731,-0.194459,0.018628,0.532084,-5.280369,0.001803
752,6.266667,0.000441,0.982096,-0.003067,-0.188356,0.016302,0.531024,-5.280563,0.001437
753,6.275000,0.002816,0.981047,-0.001803,-0.193742,0.012743,0.531991,-5.277701,0.001811
754,6.283333,0.003031,0.981070,-0.001486,-0.193623,0.009797,0.532027,-5.276347,0.001847
755,6.291667,0.000500,0.982362,-0.003537,-0.186956,0.007346,0.530830,-5.276472,0.001351
756,6.300000,0.003608,0.981135,-0.001802,-0.193284,0.003795,0.532296,-5.273024,0.001822
757,6.308333,0.000195,0.982490,-0.003949,-0.186272,0.002008,0.530704,-5.273454,0.001719
758,6.316667,0.000462,0.982556,-0.003455,-0.185933,-0.001362,0.530591,-5.272377,0.001601
759,6.325000,0.002896,0.981452,-0.002033,-0.191676,-0.004778,0.531641,-5.269661,0.001818
760,6.333333,0.000227,0.982703,-0.004367,-0.185136,-0.006855,0.530464,-5.269199,0.001899
761,6.341667,0.003344,0.981539,-0.002500,-0.191215,-0.010700,0.531905,-5.266354,0.001734
762,6.350000,0.000255,0.982511,-0.002484,-0.186189,-0.013660,0.530231,-5.267598,0.001862
763,6.358333,0.000487,0.982865,-0.003889,-0.184285,-0.015788,0.530379,-5.265916,0.001386
764,6.366667,0.000456,0.983031,-0.004225,-0.183390,-0.019169,0.530321,-5.264273,0.001800
765,6.375000,0.003215,0.981887,-0.002186,-0.189425,-0.022248,0.531471,-5.261696,0.001835
766,6.383333,0.000301,0.982790,-0.002738,-0.184708,-0.025324,0.530019,-5.262326,0.001929
767,6.391667,0.000262,0.982859,-0.002975,-0.184334,-0.028233,0.530046,-5.260962,0.001835
768,6.400000,0.002772,0.982165,-0.002955,-0.187978,-0.030900,0.531191,-5.257684,0.001745
769,6.408333,0.000385,0.983475,-0.004587,-0.180985,-0.032941,0.530179,-5.257162,0.001515
770,6.416667,0.002278,0.982259,-0.003650,-0.187481,-0.036266,0.531095,-5.255089,0.002366
771,6.425000,0.000399,0.983424,-0.004432,-0.181267,-0.039338,0.530079,-5.255112,0.001904
772,6.433333,0.000120,0.983224,-0.003207,-0.182377,-0.042846,0.529864,-5.254451,0.001954
773,6.441667,-0.001709,0.983325,-0.004314,-0.181799,-0.044270,0.530850,-5.253167,0.002188
774,6.450000,-0.000463,0.983787,-0.004497,-0.179284,-0.046943,0.530343,-5.250831,0.001679
775,6.458333,0.000406,0.983722,-0.004885,-0.179628,-0.051039,0.529977,-5.249831,0.001921
776,6.466667,0.000348,0.983562,-0.004074,-0.180523,-0.054056,0.529804,-5.249321,0.001491
777,6.475000,-0.000541,0.983999,-0.004660,-0.178112,-0.055730,0.530300,-5.246930,0.001770
778,6.483333,-0.000692,0.984066,-0.004636,-0.177741,-0.058577,0.530301,-5.245604,0.001697
779,6.491667,-0.000163,0.983497,-0.002846,-0.180904,-0.063501,0.529665,-5.244896,0.002015
780,6.500000,0.000216,0.984160,-0.005270,-0.177202,-0.065936,0.529880,-5.243171,0.001814
781,6.508333,-0.000492,0.984327,-0.005197,-0.176274,-0.067712,0.530163,-5.241582,0.001776
782,6.516667,-0.000717,0.984362,-0.004811,-0.176089,-0.070395,0.530178,-5.240384,0.001716
783,6.525000,0.002644,0.983148,-0.003031,-0.182767,-0.074645,0.530873,-5.238100,0.001847
784,6.533333,0.000020,0.984362,-0.005083,-0.176085,-0.077461,0.529763,-5.238024,0.001923
785,6.541667,-0.000793,0.984577,-0.004979,-0.174880,-0.079147,0.530121,-5.236444,0.001745
786,6.550000,0.001501,0.983489,-0.004592,-0.180904,-0.083192,0.530661,-5.234048,0.002229
787,6.558333,0.001341,0.983546,-0.004744,-0.180591,-0.086134,0.530615,-5.232691,0.002257
788,6.566667,-0.002534,0.984414,-0.004900,-0.175780,-0.088226,0.530655,-5.233580,0.002285
789,6.575000,-0.001020,0.984866,-0.005081,-0.173239,-0.090945,0.530097,-5.231214,0.001726
790,6.583333,-0.000710,0.985133,-0.004360,-0.171738,-0.093356,0.530169,-5.229512,0.001883
791,6.591667,-0.000336,0.984614,-0.004249,-0.174693,-0.098629,0.529656,-5.229288,0.002194
792,6.600000,-0.000124,0.984474,-0.005393,-0.175449,-0.101756,0.529652,-5.227351,0.001784
793,6.608333,-0.001089,0.985171,-0.005079,-0.171498,-0.102824,0.530007,-5.226017,0.001753
794,6.616667,-0.000008,0.984236,-0.006166,-0.176753,-0.106736,0.530264,-5.223151,0.001846
795,6.625000,-0.000499,0.984497,-0.005688,-0.175309,-0.109246,0.530048,-5.223071,0.002187
796,6.633333,-0.001116,0.985411,-0.005148,-0.170108,-0.112019,0.529997,-5.222120,0.001790
797,6.641667,-0.000624,0.984674,-0.005597,-0.174316,-0.115140,0.530116,-5.220411,0.002141
798,6.650000,0.000124,0.984548,-0.005382,-0.175033,-0.118462,0.530158,-5.218751,0.002113
799,6.658333,-0.001483,0.985602,-0.004799,-0.169007,-0.120633,0.529967,-5.218323,0.001713
800,6.666667,-0.000211,0.984680,-0.005434,-0.174287,-0.124479,0.530111,-5.216195,0.002143
801,6.675000,-0.000752,0.984984,-0.005481,-0.172558,-0.127113,0.530027,-5.215460,0.002152
802,6.683333,-0.001497,0.985817,-0.004805,-0.167751,-0.129667,0.529904,-5.214544,0.001782
803,6.691667,-0.000483,0.985030,-0.005150,-0.172306,-0.133636,0.529908,-5.212593,0.001884
804,6.700000,-0.000273,0.985106,-0.004828,-0.171878,-0.136620,0.530015,-5.211238,0.001842
805,6.708333,-0.002836,0.985489,-0.005030,-0.169641,-0.139048,0.530270,-5.211990,0.001890
806,6.716667,0.000335,0.985054,-0.004979,-0.172174,-0.142897,0.530265,-5.207766,0.001464
807,6.725000,-0.001330,0.985802,-0.003682,-0.167865,-0.146231,0.529294,-5.209301,0.001439
808,6.733333,-0.000761,0.985908,-0.003987,-0.167239,-0.148895,0.529238,-5.208045,0.001303
809,6.741667,-0.002997,0.985756,-0.004968,-0.168084,-0.151075,0.530178,-5.207036,0.001920
810,6.750000,-0.000902,0.985392,-0.005481,-0.170212,-0.154670,0.529869,-5.202743,0.001812
811,6.758333,-0.000622,0.985617,-0.004590,-0.168929,-0.158140,0.529669,-5.202906,0.001742
812,6.766667,-0.001581,0.986217,-0.003329,-0.165417,-0.161151,0.529108,-5.202784,0.001562
813,6.775000,-0.001128,0.986177,-0.003696,-0.165652,-0.164257,0.529104,-5.201736,0.001716
814,6.783333,-0.000683,0.985618,-0.004981,-0.168913,-0.166838,0.529829,-5.197772,0.001804
815,6.791667,-0.000696,0.985732,-0.004188,-0.168270,-0.170168,0.529590,-5.197006,0.001864
816,6.800000,-0.000350,0.985776,-0.003848,-0.168023,-0.173221,0.529619,-5.195825,0.001897
817,6.808333,-0.001604,0.985858,-0.007420,-0.167410,-0.176317,0.528251,-5.192349,0.001736
818,6.816667,-0.001746,0.985915,-0.007598,-0.167066,-0.179297,0.528115,-5.191115,0.001685
819,6.825000,-0.000810,0.985996,-0.003984,-0.166717,-0.182323,0.529376,-5.192122,0.001937
820,6.833333,-0.001532,0.986570,-0.003345,-0.163300,-0.185864,0.528747,-5.192649,0.001864
821,6.841667,-0.001725,0.986758,-0.003195,-0.162161,-0.188472,0.528786,-5.191562,0.001806
822,6.850000,-0.001166,0.986022,-0.004937,-0.166536,-0.191425,0.529236,-5.187411,0.001532
823,6.858333,-0.001368,0.986807,-0.003127,-0.161868,-0.194668,0.528606,-5.189627,0.001542
824,6.866667,-0.001221,0.986966,-0.003564,-0.160888,-0.197363,0.528579,-5.188364,0.001370
825,6.875000,-0.001421,0.986943,-0.003224,-0.161034,-0.200673,0.528608,-5.187162,0.001718
826,6.883333,-0.000972,0.987038,-0.003782,-0.160441,-0.203540,0.528580,-5.185716,0.001648
827,6.891667,-0.001344,0.987070,-0.003164,-0.160255,-0.206829,0.528451,-5.184830,0.001486
828,6.900000,-0.001220,0.987203,-0.003331,-0.159430,-0.209555,0.528386,-5.183734,0.001361
829,6.908333,-0.001313,0.987188,-0.003157,-0.159524,-0.212832,0.528400,-5.182438,0.001684
830,6.916667,-0.000685,0.987021,-0.003649,-0.160547,-0.215846,0.528701,-5.180451,0.001922
831,6.925000,-0.001416,0.987367,-0.002935,-0.158416,-0.218735,0.528248,-5.180260,0.001314
832,6.933333,-0.001306,0.987492,-0.003232,-0.157633,-0.221532,0.528230,-5.179057,0.001097
833,6.941667,0.000037,0.987153,-0.003956,-0.159732,-0.225027,0.528745,-5.176676,0.001957
834,6.950000,-0.001118,0.987569,-0.003506,-0.157141,-0.227706,0.528194,-5.176614,0.001407
835,6.958333,-0.001011,0.987828,-0.004079,-0.155495,-0.230534,0.528178,-5.174942,0.001413
836,6.966667,-0.000992,0.987696,-0.003455,-0.156345,-0.233824,0.528063,-5.174396,0.001314
837,6.975000,-0.001010,0.987665,-0.003159,-0.156544,-0.237150,0.528068,-5.173230,0.001707
838,6.983333,-0.000915,0.987806,-0.003376,-0.155653,-0.239861,0.528057,-5.172099,0.001475
839,6.991667,-0.000890,0.987800,-0.003163,-0.155695,-0.243265,0.527981,-5.170981,0.001515
840,7.000000,-0.000853,0.987872,-0.003363,-0.155234,-0.246296,0.527986,-5.169811,0.001509
841,7.008333,-0.000724,0.987991,-0.003512,-0.154468,-0.248976,0.527992,-5.168687,0.001471
842,7.016667,-0.000676,0.987992,-0.003357,-0.154466,-0.252349,0.527931,-5.167504,0.001721
843,7.025000,-0.000845,0.988093,-0.003252,-0.153824,-0.255232,0.527907,-5.166492,0.001349
844,7.033333,-0.000587,0.988106,-0.003422,-0.153739,-0.258443,0.527882,-5.165302,0.001512
845,7.041667,-0.000493,0.988440,-0.004535,-0.151547,-0.260860,0.527991,-5.163433,0.001476
846,7.050000,0.000758,0.988087,-0.003806,-0.153848,-0.264189,0.528389,-5.162402,0.002032
847,7.058333,-0.000259,0.988540,-0.004367,-0.150896,-0.267062,0.527896,-5.161411,0.001412
848,7.066667,-0.000257,0.988415,-0.003500,-0.151734,-0.270362,0.527802,-5.160846,0.001330
849,7.075000,0.006301,0.988003,-0.001042,-0.154301,-0.274274,0.530671,-5.158207,0.002215
850,7.083333,-0.000034,0.988477,-0.005148,-0.151287,-0.276292,0.528400,-5.158060,0.001737
851,7.091667,-0.000109,0.988782,-0.004372,-0.149300,-0.279328,0.527850,-5.156983,0.001444
852,7.100000,0.000039,0.988676,-0.003580,-0.150026,-0.282626,0.527774,-5.156410,0.001330
853,7.108333,-0.000114,0.988729,-0.003590,-0.149674,-0.285423,0.527782,-5.155389,0.001192
854,7.116667,-0.000016,0.988721,-0.003488,-0.149728,-0.288930,0.527813,-5.154082,0.001671
855,7.125000,0.000044,0.988840,-0.003318,-0.148946,-0.291825,0.527821,-5.153167,0.001533
856,7.133333,0.000083,0.988929,-0.003508,-0.148347,-0.295143,0.527780,-5.151846,0.001537
857,7.141667,0.000037,0.988975,-0.003599,-0.148039,-0.298250,0.527891,-5.150703,0.001776
858,7.150000,0.000467,0.988754,-0.005658,-0.149445,-0.301581,0.528616,-5.148495,0.001647
859,7.158333,0.000158,0.989095,-0.003410,-0.147240,-0.304359,0.527806,-5.148551,0.001569
860,7.166667,0.000304,0.989079,-0.004874,-0.147308,-0.307304,0.528306,-5.147053,0.001728
861,7.175000,0.000094,0.989299,-0.003834,-0.145854,-0.310190,0.527904,-5.146125,0.001653
862,7.183333,-0.000105,0.989310,-0.003527,-0.145787,-0.313365,0.527934,-5.145212,0.001497
863,7.191667,0.000184,0.989340,-0.003475,-0.145585,-0.316678,0.527901,-5.144075,0.001628
864,7.200000,0.000037,0.989452,-0.003527,-0.144816,-0.319465,0.527849,-5.142950,0.001441
865,7.208333,0.000027,0.989531,-0.003756,-0.144275,-0.322497,0.527998,-5.141665,0.001672
866,7.216667,0.000135,0.989742,-0.004190,-0.142802,-0.325390,0.528005,-5.139792,0.001762
867,7.225000,0.000097,0.989639,-0.003535,-0.143533,-0.328733,0.527919,-5.139606,0.001455
868,7.233333,0.000093,0.989712,-0.003441,-0.143034,-0.331846,0.527944,-5.138452,0.001460
869,7.241667,0.000634,0.989492,-0.005359,-0.144487,-0.335053,0.528702,-5.136190,0.001866
870,7.250000,0.000367,0.989652,-0.006499,-0.143342,-0.337782,0.528363,-5.134758,0.001734
871,7.258333,0.000278,0.989712,-0.004326,-0.143010,-0.341335,0.528585,-5.134719,0.001834
872,7.266667,0.000370,0.989619,-0.004636,-0.143640,-0.344738,0.528637,-5.133288,0.001631
873,7.275000,0.001037,0.989598,-0.004695,-0.143779,-0.348092,0.529061,-5.131712,0.001778
874,7.283333,0.000317,0.989775,-0.004713,-0.142559,-0.350961,0.528892,-5.131061,0.002022
875,7.291667,0.000254,0.989827,-0.004652,-0.142197,-0.353942,0.528696,-5.129854,0.001600
876,7.300000,0.000113,0.989909,-0.004064,-0.141649,-0.357037,0.528755,-5.129132,0.001865
877,7.308333,0.000425,0.989894,-0.004857,-0.141724,-0.360195,0.529002,-5.127252,0.001643
878,7.316667,0.000953,0.989874,-0.004401,-0.141880,-0.363609,0.529209,-5.126131,0.001865
879,7.325000,0.000019,0.990211,-0.004036,-0.139521,-0.365919,0.528722,-5.125773,0.001754
880,7.333333,0.000411,0.990019,-0.003819,-0.140880,-0.369703,0.528989,-5.124316,0.001812
881,7.341667,0.000052,0.990178,-0.004273,-0.139744,-0.372569,0.529075,-5.123184,0.001968
882,7.350000,0.000354,0.990168,-0.004245,-0.139817,-0.375501,0.529173,-5.121915,0.002062
883,7.358333,0.000016,0.990317,-0.004627,-0.138748,-0.378410,0.529064,-5.120632,0.001771
884,7.366667,0.000242,0.990244,-0.003628,-0.139294,-0.382098,0.529086,-5.119903,0.001790
885,7.375000,-0.000413,0.990681,-0.002568,-0.136175,-0.384382,0.528377,-5.119483,0.001451
886,7.383333,-0.000011,0.990400,-0.004254,-0.138163,-0.388066,0.529208,-5.117274,0.001645
887,7.391667,0.000381,0.990385,-0.003760,-0.138286,-0.391411,0.529360,-5.116106,0.001790
888,7.400000,-0.000029,0.990547,-0.003545,-0.137125,-0.394094,0.529087,-5.115494,0.001885
889,7.408333,-0.000633,0.990902,-0.002368,-0.134566,-0.396833,0.528442,-5.115063,0.001449
890,7.416667,0.000390,0.990544,-0.003609,-0.137145,-0.400724,0.529461,-5.112791,0.001832
891,7.425000,0.000299,0.990607,-0.003638,-0.136689,-0.403872,0.529497,-5.111701,0.001786
892,7.433333,0.000061,0.990722,-0.003619,-0.135858,-0.406491,0.529466,-5.110823,0.002028
893,7.441667,-0.000736,0.991056,-0.001938,-0.133432,-0.409504,0.528586,-5.110738,0.001570
894,7.450000,-0.000138,0.990804,-0.003201,-0.135266,-0.413113,0.529378,-5.108880,0.001757
895,7.458333,-0.000766,0.991362,-0.002886,-0.131120,-0.415190,0.528762,-5.107632,0.001788
896,7.466667,0.000186,0.990880,-0.003514,-0.134698,-0.419504,0.529653,-5.106304,0.001812
897,7.475000,0.000183,0.990935,-0.003466,-0.134296,-0.422614,0.529705,-5.105215,0.001854
898,7.483333,0.000102,0.990994,-0.003413,-0.133863,-0.425651,0.529721,-5.104074,0.001770
899,7.491667,-0.000245,0.991485,-0.004636,-0.130138,-0.427592,0.529121,-5.102826,0.001775
900,7.500000,0.000018,0.991102,-0.003466,-0.133060,-0.431959,0.529802,-5.101961,0.001750
901,7.508333,0.000067,0.991155,-0.003485,-0.132665,-0.435167,0.529879,-5.101008,0.001807
902,7.516667,0.000154,0.991226,-0.003406,-0.132135,-0.438095,0.529789,-5.100074,0.001818
903,7.525000,-0.001075,0.991616,-0.002165,-0.129195,-0.440122,0.528950,-5.100211,0.001182
904,7.533333,-0.000737,0.991442,-0.003622,-0.130493,-0.444292,0.529794,-5.098278,0.001955
905,7.541667,-0.001116,0.991885,-0.002824,-0.127105,-0.446641,0.529129,-5.097107,0.001778
906,7.550000,-0.000095,0.991435,-0.003554,-0.130555,-0.450852,0.530028,-5.095769,0.001744
907,7.558333,0.000079,0.991482,-0.003518,-0.130196,-0.453856,0.529990,-5.094941,0.001872
908,7.566667,-0.000188,0.991529,-0.003599,-0.129837,-0.457183,0.530123,-5.093701,0.001797
909,7.575000,-0.000059,0.991578,-0.003672,-0.129457,-0.460371,0.530179,-5.092703,0.001782
910,7.583333,-0.000212,0.991625,-0.003714,-0.129100,-0.463531,0.530218,-5.091707,0.001772
911,7.591667,0.000001,0.991683,-0.003738,-0.128651,-0.466739,0.530304,-5.090698,0.001796
912,7.600000,-0.000356,0.991776,-0.003720,-0.127929,-0.469421,0.530222,-5.089932,0.001971
913,7.608333,-0.000057,0.991761,-0.003752,-0.128045,-0.473071,0.530375,-5.088645,0.001841
914,7.616667,-0.000088,0.991832,-0.003879,-0.127490,-0.476245,0.530408,-5.087680,0.001764
915,7.625000,-0.000172,0.991866,-0.003904,-0.127230,-0.479448,0.530472,-5.086700,0.001831
916,7.633333,-0.000064,0.991930,-0.003974,-0.126727,-0.482659,0.530526,-5.085719,0.001752
917,7.641667,-0.000459,0.992028,-0.004080,-0.125951,-0.485306,0.530479,-5.084952,0.002049
918,7.650000,-0.000060,0.992032,-0.004056,-0.125922,-0.488979,0.530630,-5.083720,0.001742
919,7.658333,-0.000458,0.992121,-0.004167,-0.125213,-0.491712,0.530584,-5.083056,0.002054
920,7.666667,-0.001176,0.992623,-0.003538,-0.121182,-0.494221,0.529839,-5.082084,0.001735
921,7.675000,-0.001019,0.992494,-0.004662,-0.122205,-0.497119,0.530214,-5.081464,0.001591
922,7.683333,-0.001251,0.992706,-0.003565,-0.120504,-0.500621,0.529916,-5.080151,0.001800
923,7.691667,-0.001143,0.992718,-0.003806,-0.120394,-0.503600,0.529951,-5.079420,0.001435
924,7.700000,-0.001178,0.992644,-0.002960,-0.121026,-0.506788,0.529883,-5.079243,0.001193
925,7.708333,-0.001117,0.992806,-0.003887,-0.119668,-0.510016,0.530056,-5.077502,0.001472
926,7.716667,-0.001179,0.992858,-0.003887,-0.119233,-0.513238,0.530104,-5.076540,0.001419
927,7.725000,-0.001232,0.992787,-0.003185,-0.119842,-0.516443,0.530034,-5.076345,0.001187
928,7.733333,-0.001122,0.992937,-0.004039,-0.118568,-0.519649,0.530227,-5.074625,0.001503
929,7.741667,-0.001201,0.993036,-0.003976,-0.117739,-0.523112,0.530255,-5.073355,0.001771
930,7.750000,-0.001250,0.992921,-0.003398,-0.118721,-0.526090,0.530273,-5.073468,0.001163
931,7.758333,-0.001151,0.993077,-0.004139,-0.117391,-0.529341,0.530360,-5.071745,0.001508
932,7.766667,-0.001228,0.993165,-0.004042,-0.116641,-0.532828,0.530511,-5.070547,0.001777
933,7.775000,-0.001181,0.993056,-0.003531,-0.117582,-0.535810,0.530399,-5.070541,0.001160
934,7.783333,-0.001208,0.993218,-0.004210,-0.116184,-0.539051,0.530546,-5.068834,0.001432
935,7.791667,0.000798,0.992706,-0.003623,-0.120505,-0.543915,0.531802,-5.066820,0.001753
936,7.800000,-0.001331,0.993190,-0.003518,-0.116444,-0.545548,0.530553,-5.067691,0.001182
937,7.808333,-0.001236,0.993345,-0.004359,-0.115084,-0.548850,0.530730,-5.065952,0.001485
938,7.816667,-0.001276,0.993391,-0.004477,-0.114688,-0.552107,0.530784,-5.064979,0.001458
939,7.825000,-0.001396,0.993336,-0.003682,-0.115187,-0.555398,0.530732,-5.064787,0.001153
940,7.833333,-0.001380,0.993479,-0.004410,-0.113923,-0.558658,0.530898,-5.063091,0.001504
941,7.841667,-0.001393,0.993521,-0.004573,-0.113544,-0.561923,0.531000,-5.062140,0.001485
942,7.850000,-0.001551,0.993459,-0.003653,-0.114117,-0.565194,0.530848,-5.061876,0.001183
943,7.858333,-0.001591,0.993496,-0.003783,-0.113790,-0.568405,0.530969,-5.060932,0.001185
944,7.866667,-0.001667,0.993537,-0.003644,-0.113434,-0.571712,0.530918,-5.060021,0.001169
945,7.875000,-0.001720,0.993594,-0.003738,-0.112937,-0.574993,0.531043,-5.059032,0.001155
946,7.883333,0.003895,0.993242,-0.001238,-0.115987,-0.579468,0.533551,-5.056374,0.001910
947,7.891667,-0.001796,0.993681,-0.003752,-0.112165,-0.581592,0.531149,-5.057117,0.001180
948,7.900000,-0.001873,0.993722,-0.003691,-0.111806,-0.584824,0.531180,-5.056175,0.001213
949,7.908333,-0.001914,0.993767,-0.003753,-0.111396,-0.588129,0.531244,-5.055193,0.001184
950,7.916667,-0.002042,0.993800,-0.003748,-0.111097,-0.591451,0.531274,-5.054209,0.001179
951,7.925000,-0.001978,0.993858,-0.003817,-0.110579,-0.594681,0.531407,-5.053223,0.001192
952,7.933333,-0.002076,0.993893,-0.003723,-0.110270,-0.598027,0.531387,-5.052273,0.001173
953,7.941667,-0.002151,0.993941,-0.003751,-0.109834,-0.601336,0.531424,-5.051329,0.001182
954,7.950000,-0.002198,0.993980,-0.003608,-0.109481,-0.604567,0.531480,-5.050385,0.001188
955,7.958333,-0.002227,0.994031,-0.003828,-0.109009,-0.607943,0.531557,-5.049319,0.001177
956,7.966667,-0.002317,0.994069,-0.003488,-0.108671,-0.611207,0.531525,-5.048431,0.001157
957,7.975000,-0.002373,0.994114,-0.003702,-0.108255,-0.614507,0.531633,-5.047511,0.001213
958,7.983333,-0.002510,0.994155,-0.003529,-0.107878,-0.617764,0.531649,-5.046490,0.001187
959,7.991667,-0.002401,0.994205,-0.003700,-0.107410,-0.621079,0.531672,-5.045518,0.001163
960,8.000000,-0.002552,0.994235,-0.003555,-0.107138,-0.624343,0.531766,-5.044557,0.001191
961,8.008333,-0.002562,0.994290,-0.003657,-0.106617,-0.627705,0.531780,-5.043620,0.001221
962,8.016667,-0.002647,0.994329,-0.003438,-0.106258,-0.630973,0.531769,-5.042678,0.001181
963,8.025000,-0.002681,0.994374,-0.003570,-0.105834,-0.634240,0.531825,-5.041669,0.001207
964,8.033333,-0.002830,0.994406,-0.003434,-0.105533,-0.637536,0.531834,-5.040736,0.001187
965,8.041667,-0.002766,0.994460,-0.003556,-0.105015,-0.640839,0.531889,-5.039748,0.001180
966,8.050000,-0.002778,0.994497,-0.003436,-0.104674,-0.644125,0.531880,-5.038772,0.001174
967,8.058333,-0.001193,0.993916,-0.002298,-0.110109,-0.647906,0.533109,-5.034441,0.002302
968,8.066667,-0.002896,0.994584,-0.003364,-0.103839,-0.650669,0.531904,-5.036833,0.001197
969,8.075000,-0.002829,0.994630,-0.003484,-0.103398,-0.654007,0.531990,-5.035910,0.001159
970,8.083333,-0.003030,0.994661,-0.003296,-0.103098,-0.657338,0.531997,-5.034970,0.001208
971,8.091667,-0.002849,0.994721,-0.003272,-0.102520,-0.660592,0.531983,-5.033989,0.001176
972,8.100000,-0.002982,0.994750,-0.003216,-0.102245,-0.663900,0.531987,-5.033026,0.001186
973,8.108333,-0.001202,0.994177,-0.002098,-0.107730,-0.667639,0.533174,-5.028666,0.002261
974,8.116667,-0.003455,0.994805,-0.003298,-0.101685,-0.669948,0.532225,-5.031164,0.001530
975,8.125000,-0.002889,0.994871,-0.003149,-0.101059,-0.673852,0.531960,-5.030235,0.001025
976,8.133333,-0.003430,0.994894,-0.003232,-0.100813,-0.676591,0.532164,-5.029222,0.001517
977,8.141667,-0.003057,0.994953,-0.002998,-0.100247,-0.680385,0.531949,-5.028385,0.001052
978,8.150000,-0.003363,0.994986,-0.003205,-0.099909,-0.683185,0.532160,-5.027320,0.001548
979,8.158333,-0.003042,0.995029,-0.002951,-0.099491,-0.686995,0.531919,-5.026488,0.000992
980,8.166667,-0.002939,0.995083,-0.002937,-0.098953,-0.690266,0.531885,-5.025494,0.001022
981,8.175000,-0.002977,0.995130,-0.002818,-0.098485,-0.693552,0.531867,-5.024513,0.001010
982,8.183333,-0.003246,0.995149,-0.003179,-0.098276,-0.696476,0.532001,-5.023466,0.001462
983,8.191667,-0.003306,0.995194,-0.003064,-0.097820,-0.699781,0.532020,-5.022510,0.001473
984,8.200000,-0.003153,0.995236,-0.003235,-0.097388,-0.703108,0.531974,-5.021548,0.001419
985,8.208333,-0.003084,0.995280,-0.003040,-0.096947,-0.706458,0.531915,-5.020550,0.001366
986,8.216667,-0.003009,0.995328,-0.003175,-0.096451,-0.709755,0.531878,-5.019601,0.001391
987,8.225000,-0.003012,0.995362,-0.003089,-0.096099,-0.713071,0.531824,-5.018672,0.001338
988,8.233333,-0.002879,0.995411,-0.003183,-0.095597,-0.716448,0.531790,-5.017733,0.001374
989,8.241667,-0.002794,0.995450,-0.003125,-0.095194,-0.719789,0.531715,-5.016786,0.001342
990,8.250000,-0.002101,0.995545,-0.003316,-0.094206,-0.723643,0.531569,-5.015632,0.001250
991,8.258333,-0.002165,0.995556,-0.003107,-0.094091,-0.726815,0.531440,-5.014653,0.001283
992,8.266667,-0.002233,0.995006,-0.002044,-0.099770,-0.730592,0.531912,-5.010984,0.001927
993,8.275000,-0.002400,0.995129,-0.001463,-0.098545,-0.734053,0.531568,-5.010733,0.001461
994,8.283333,-0.001982,0.995688,-0.003565,-0.092680,-0.736739,0.531327,-5.011892,0.001316
995,8.291667,-0.001807,0.995736,-0.003487,-0.092160,-0.740058,0.531193,-5.010931,0.001261
996,8.300000,-0.001995,0.995159,-0.002250,-0.098231,-0.743879,0.531621,-5.007276,0.001902
997,8.308333,-0.001696,0.995788,-0.003225,-0.091612,-0.746514,0.531037,-5.009136,0.001325
998,8.316667,-0.001532,0.995851,-0.003524,-0.090923,-0.750050,0.531046,-5.008287,0.001314
999,8.325000,-0.001184,0.995522,-0.001982,-0.094502,-0.753457,0.531273,-5.006056,0.001939
1000,8.333333,-0.002221,0.995411,-0.003540,-0.095600,-0.756732,0.530940,-5.003626,0.001849
1001,8.341667,-0.001583,0.995411,-0.002462,-0.095645,-0.760234,0.531287,-5.002708,0.001831
1002,8.350000,-0.002100,0.995496,-0.003768,-0.094701,-0.763410,0.530805,-5.001836,0.001860
1003,8.358333,-0.000667,0.995673,-0.002095,-0.092903,-0.766741,0.530979,-5.002396,0.001982
1004,8.366667,-0.000919,0.995776,-0.003368,-0.091750,-0.769995,0.530702,-5.001510,0.001792
1005,8.375000,-0.002028,0.995622,-0.004263,-0.093357,-0.773327,0.530415,-4.998973,0.001696
1006,8.383333,-0.000602,0.995845,-0.003370,-0.090999,-0.776647,0.530607,-4.999693,0.001807
1007,8.391667,-0.000398,0.995976,-0.005310,-0.089458,-0.780165,0.530662,-4.999044,0.001415
1008,8.400000,-0.002733,0.995843,-0.003431,-0.090978,-0.783378,0.529793,-4.997078,0.001344
1009,8.408333,-0.000102,0.996056,-0.005217,-0.088577,-0.786781,0.530591,-4.997108,0.001359
1010,8.416667,-0.001967,0.995880,-0.003327,-0.090597,-0.790040,0.529786,-4.995495,0.001421
1011,8.425000,0.000092,0.996225,-0.003046,-0.086756,-0.793105,0.530312,-4.996834,0.001649
1012,8.433333,0.000263,0.996310,-0.002949,-0.085777,-0.796649,0.530263,-4.996387,0.001505
1013,8.441667,0.004217,0.996311,-0.002726,-0.085674,-0.801057,0.531855,-4.995425,0.002040
1014,8.450000,0.000451,0.996373,-0.002987,-0.085035,-0.803224,0.530184,-4.994641,0.001534
1015,8.458333,0.004284,0.996386,-0.002961,-0.084779,-0.807584,0.531626,-4.993434,0.002049
1016,8.466667,0.004330,0.996412,-0.002990,-0.084466,-0.810870,0.531572,-4.992526,0.002044
1017,8.475000,0.004630,0.996443,-0.002943,-0.084089,-0.814237,0.531561,-4.991680,0.001985
1018,8.483333,0.004646,0.996478,-0.002906,-0.083675,-0.817527,0.531475,-4.990766,0.002006
1019,8.491667,0.004674,0.996519,-0.003029,-0.083186,-0.820881,0.531443,-4.989926,0.002052
1020,8.500000,0.001299,0.996574,-0.002994,-0.082643,-0.823142,0.529868,-4.989265,0.001516
1021,8.508333,0.005035,0.996572,-0.002852,-0.082533,-0.827515,0.531369,-4.988157,0.002015
1022,8.516667,0.004850,0.996606,-0.002978,-0.082126,-0.830822,0.531230,-4.987159,0.001998
1023,8.525000,0.005256,0.996642,-0.002822,-0.081668,-0.834169,0.531285,-4.986332,0.001921
1024,8.533333,0.005241,0.996666,-0.002835,-0.081377,-0.837481,0.531198,-4.985421,0.001981
1025,8.541667,0.001504,0.996720,-0.003070,-0.080850,-0.839679,0.529647,-4.984651,0.001570
1026,8.550000,0.001561,0.996754,-0.003113,-0.080436,-0.842965,0.529590,-4.983652,0.001591
1027,8.558333,0.001635,0.996785,-0.002956,-0.080056,-0.846335,0.529548,-4.982813,0.001596
1028,8.566667,0.001686,0.996810,-0.003026,-0.079739,-0.849676,0.529501,-4.981868,0.001583
1029,8.575000,0.001778,0.996825,-0.003077,-0.079547,-0.852969,0.529497,-4.980892,0.001594
1030,8.583333,0.001781,0.996828,-0.002803,-0.079523,-0.856306,0.529444,-4.979581,0.001636
1031,8.591667,0.001722,0.996851,-0.002740,-0.079230,-0.859630,0.529396,-4.978625,0.001585
1032,8.600000,0.001743,0.996881,-0.002769,-0.078855,-0.862965,0.529333,-4.977683,0.001619
1033,8.608333,0.001837,0.996945,-0.003005,-0.078028,-0.866366,0.529337,-4.977139,0.001551
1034,8.616667,0.001882,0.996965,-0.002911,-0.077775,-0.869704,0.529343,-4.976203,0.001552
1035,8.625000,0.001990,0.997002,-0.002940,-0.077293,-0.873099,0.529313,-4.975282,0.001558
1036,8.633333,0.001838,0.996994,-0.002583,-0.077410,-0.876337,0.529207,-4.973937,0.001572
1037,8.641667,0.001495,0.997022,-0.002573,-0.077062,-0.879679,0.529063,-4.973073,0.001645
1038,8.650000,0.001897,0.997155,-0.003253,-0.075286,-0.883250,0.529141,-4.971972,0.001688
1039,8.658333,0.005017,0.996868,-0.001061,-0.078923,-0.887116,0.530557,-4.969566,0.002084
1040,8.666667,0.004750,0.996906,-0.001179,-0.078453,-0.890520,0.530430,-4.968668,0.002116
1041,8.675000,0.002142,0.997153,-0.004025,-0.075265,-0.893194,0.529569,-4.969254,0.001721
1042,8.683333,0.002300,0.997285,-0.002631,-0.073553,-0.896897,0.529197,-4.968548,0.001834
1043,8.691667,0.002292,0.997183,-0.002679,-0.074925,-0.900103,0.529189,-4.967719,0.001555
1044,8.700000,0.002279,0.997346,-0.002647,-0.072727,-0.903601,0.529139,-4.966773,0.001856
1045,8.708333,0.002239,0.997371,-0.002545,-0.072382,-0.906999,0.529142,-4.965908,0.001854
1046,8.716667,0.002257,0.997401,-0.002642,-0.071961,-0.910352,0.529119,-4.964967,0.001828
1047,8.725000,0.002149,0.997298,-0.002714,-0.073386,-0.913504,0.529171,-4.964068,0.001582
1048,8.733333,0.002056,0.997329,-0.002836,-0.072954,-0.916808,0.529139,-4.963079,0.001555
1049,8.741667,0.001932,0.997353,-0.002684,-0.072638,-0.920198,0.529126,-4.962315,0.001573
1050,8.750000,0.001935,0.997512,-0.002621,-0.070417,-0.923650,0.528988,-4.961394,0.001768
1051,8.758333,0.001831,0.997408,-0.002838,-0.071871,-0.926871,0.529104,-4.960556,0.001577
1052,8.766667,0.001997,0.997579,-0.002697,-0.069470,-0.930530,0.529030,-4.959784,0.001766
1053,8.775000,0.005188,0.997540,-0.001965,-0.069882,-0.934806,0.530306,-4.959443,0.002040
1054,8.783333,0.005149,0.997574,-0.002081,-0.069399,-0.938175,0.530247,-4.958590,0.001931
1055,8.791667,0.005889,0.997316,0.000382,-0.072976,-0.941259,0.530714,-4.956225,0.002073
