Format Version,1.23,Take Name,Take 2021-07-09 18.50.59 AM_008,Take Notes,,Capture Frame Rate,120.000000,Export Frame Rate,120.000000,Capture Start Time,2021-07-11 02.30.59.578 下午,Total Frames in Take,982,Total Exported Frames,982,Rotation Type,Quaternion,Length Units,Meters,Coordinate Space,Local

,Type,Rigid Body,Rigid Body,Rigid Body,Rigid Body,Rigid Body,Rigid Body,Rigid Body,Rigid Body
,Name,OASES_USV,OASES_USV,OASES_USV,OASES_USV,OASES_USV,OASES_USV,OASES_USV,OASES_USV
,ID,"3BFF0C49E20A11EB1371DA7D1A00D188","3BFF0C49E20A11EB1371DA7D1A00D188","3BFF0C49E20A11EB1371DA7D1A00D188","3BFF0C49E20A11EB1371DA7D1A00D188","3BFF0C49E20A11EB1371DA7D1A00D188","3BFF0C49E20A11EB1371DA7D1A00D188","3BFF0C49E20A11EB1371DA7D1A00D188","3BFF0C49E20A11EB1371DA7D1A00D188"
,,Rotation,Rotation,Rotation,Rotation,Position,Position,Position,Mean Marker Error
Frame,Time (Seconds),X,Y,Z,W,X,Y,Z,
0,0.000000,-0.003275,0.941514,-0.005979,0.336905,1.504285,0.530568,-6.719507,0.000745
1,0.008333,-0.003417,0.941498,-0.006014,0.336949,1.503653,0.530887,-6.718247,0.000637
2,0.016667,-0.003826,0.941543,-0.006023,0.336817,1.502364,0.530774,-6.717448,0.000715
3,0.025000,-0.003774,0.941468,-0.005956,0.337028,1.501045,0.530783,-6.716639,0.000767
4,0.033333,-0.003864,0.941342,-0.005742,0.337384,1.500153,0.530930,-6.715561,0.000739
5,0.041667,-0.004071,0.941450,-0.005983,0.337075,1.498937,0.530955,-6.714695,0.000779
6,0.050000,-0.004083,0.941438,-0.006024,0.337109,1.497863,0.531038,-6.713708,0.000804
7,0.058333,-0.004353,0.941436,-0.006087,0.337108,1.496795,0.531089,-6.712699,0.000783
8,0.066667,-0.004518,0.941450,-0.006151,0.337066,1.495932,0.531233,-6.711554,0.000708
9,0.075000,-0.004492,0.941404,-0.006116,0.337195,1.494624,0.531244,-6.710680,0.000772
10,0.083333,-0.004638,0.941405,-0.006139,0.337189,1.493515,0.531276,-6.709648,0.000825
11,0.091667,-0.004628,0.941370,-0.006169,0.337287,1.492397,0.531374,-6.708641,0.000764
12,0.100000,-0.004768,0.941354,-0.006185,0.337329,1.491309,0.531451,-6.707600,0.000777
13,0.108333,-0.004851,0.941357,-0.006221,0.337320,1.490205,0.531551,-6.706545,0.000771
14,0.116667,-0.004807,0.941331,-0.006257,0.337392,1.489079,0.531611,-6.705492,0.000777
15,0.125000,-0.005029,0.941307,-0.006243,0.337457,1.487941,0.531650,-6.704452,0.000780
16,0.133333,-0.004930,0.941287,-0.006299,0.337512,1.486833,0.531749,-6.703390,0.000782
17,0.141667,-0.005000,0.941298,-0.006312,0.337481,1.485698,0.531802,-6.702285,0.000748
18,0.150000,-0.005043,0.941274,-0.006344,0.337546,1.484542,0.531861,-6.701210,0.000781
19,0.158333,-0.004982,0.941253,-0.006335,0.337605,1.483399,0.531906,-6.700134,0.000772
20,0.166667,-0.005014,0.941239,-0.006365,0.337644,1.482238,0.531955,-6.699021,0.000774
21,0.175000,-0.005132,0.941222,-0.006340,0.337690,1.481055,0.531991,-6.697937,0.000805
22,0.183333,-0.005090,0.941337,-0.006779,0.337363,1.479736,0.531958,-6.696525,0.000743
23,0.191667,-0.005012,0.941172,-0.006395,0.337830,1.478698,0.532106,-6.695685,0.000796
24,0.200000,,,,,,,,
25,0.208333,-0.004900,0.941352,-0.007006,0.337316,1.476247,0.532185,-6.693066,0.000757
26,0.216667,-0.005158,0.941289,-0.006777,0.337494,1.474991,0.532117,-6.691965,0.000759
27,0.225000,-0.005013,0.941104,-0.006392,0.338019,1.473929,0.532220,-6.691133,0.000792
28,0.233333,-0.005085,0.941254,-0.006758,0.337594,1.472590,0.532179,-6.689683,0.000736
29,0.241667,-0.005048,0.941218,-0.006755,0.337695,1.471405,0.532200,-6.688521,0.000683
30,0.250000,-0.005053,0.941218,-0.006740,0.337695,1.470142,0.532200,-6.687325,0.000730
31,0.258333,-0.004903,0.941044,-0.006252,0.338190,1.469076,0.532295,-6.686488,0.000767
32,0.266667,-0.004953,0.941175,-0.006643,0.337817,1.467658,0.532247,-6.685000,0.000756
33,0.275000,-0.004896,0.941150,-0.006627,0.337889,1.466403,0.532223,-6.683810,0.000728
34,0.283333,-0.004976,0.941145,-0.006611,0.337902,1.465091,0.532215,-6.682627,0.000772
35,0.291667,-0.004873,0.941125,-0.006563,0.337960,1.463811,0.532182,-6.681405,0.000773
36,0.300000,-0.004842,0.941092,-0.006483,0.338055,1.462567,0.532189,-6.680225,0.000754
37,0.308333,-0.004669,0.941141,-0.006642,0.337916,1.461357,0.532291,-6.678979,0.000750
38,0.316667,-0.004827,0.941073,-0.006363,0.338110,1.459980,0.532146,-6.677825,0.000750
39,0.325000,-0.004779,0.941053,-0.006350,0.338166,1.458684,0.532133,-6.676607,0.000767
40,0.333333,-0.004739,0.941011,-0.006243,0.338285,1.457395,0.532111,-6.675412,0.000747
41,0.341667,-0.004652,0.941000,-0.006180,0.338319,1.456043,0.532092,-6.674183,0.000724
42,0.350000,-0.004744,0.940989,-0.006163,0.338348,1.454717,0.532051,-6.672943,0.000721
43,0.358333,-0.004642,0.940970,-0.006114,0.338404,1.453397,0.532096,-6.671730,0.000793
44,0.366667,-0.004490,0.940906,-0.005995,0.338585,1.451763,0.531907,-6.670591,0.000727
45,0.375000,-0.004673,0.940932,-0.005923,0.338511,1.450699,0.532033,-6.669255,0.000784
46,0.383333,-0.004580,0.940918,-0.005889,0.338553,1.449330,0.531990,-6.668010,0.000738
47,0.391667,-0.004562,0.940895,-0.005871,0.338616,1.447964,0.531965,-6.666765,0.000748
48,0.400000,-0.004504,0.940870,-0.005788,0.338688,1.446645,0.531942,-6.665503,0.000726
49,0.408333,-0.004535,0.940863,-0.005731,0.338710,1.445257,0.531913,-6.664271,0.000720
50,0.416667,-0.004600,0.940823,-0.005639,0.338821,1.443876,0.531894,-6.663021,0.000728
51,0.425000,-0.004338,0.940868,-0.005785,0.338696,1.442533,0.531951,-6.661706,0.000703
52,0.433333,-0.004467,0.940786,-0.005563,0.338926,1.441082,0.531839,-6.660511,0.000745
53,0.441667,-0.004522,0.940776,-0.005457,0.338954,1.439663,0.531815,-6.659230,0.000777
54,0.450000,-0.004486,0.940739,-0.005451,0.339057,1.438221,0.531750,-6.657983,0.000779
55,0.458333,-0.004523,0.940731,-0.005303,0.339083,1.436801,0.531748,-6.656715,0.000786
56,0.466667,-0.004321,0.940626,-0.005217,0.339377,1.435119,0.531589,-6.655561,0.000754
57,0.475000,-0.004497,0.940682,-0.005247,0.339218,1.434029,0.531693,-6.654167,0.000772
58,0.483333,-0.004500,0.940612,-0.005260,0.339414,1.432154,0.531731,-6.652735,0.001286
59,0.491667,-0.004135,0.940776,-0.005557,0.338958,1.431012,0.531792,-6.651299,0.001105
60,0.500000,-0.004509,0.940598,-0.005100,0.339453,1.429651,0.531664,-6.650283,0.000780
61,0.508333,-0.004496,0.940580,-0.005088,0.339504,1.428245,0.531642,-6.649004,0.000740
62,0.516667,-0.004519,0.940568,-0.005066,0.339538,1.426758,0.531639,-6.647711,0.000776
63,0.525000,-0.004362,0.940617,-0.005140,0.339404,1.425131,0.531711,-6.646191,0.001168
64,0.533333,-0.004087,0.940612,-0.005121,0.339419,1.423299,0.531572,-6.644938,0.001103
65,0.541667,-0.004472,0.940575,-0.005044,0.339518,1.422188,0.531731,-6.643571,0.001186
66,0.550000,-0.004341,0.940554,-0.005053,0.339579,1.420710,0.531734,-6.642265,0.001151
67,0.558333,-0.004608,0.940450,-0.004860,0.339865,1.419416,0.531661,-6.641153,0.000732
68,0.566667,-0.004599,0.940440,-0.004802,0.339895,1.417872,0.531643,-6.639806,0.000749
69,0.575000,-0.004367,0.940476,-0.004982,0.339795,1.416189,0.531697,-6.638287,0.001145
70,0.583333,-0.004455,0.940471,-0.004946,0.339809,1.414691,0.531715,-6.636955,0.001175
71,0.591667,-0.004442,0.940446,-0.004961,0.339877,1.413171,0.531681,-6.635634,0.001165
72,0.600000,-0.004188,0.940413,-0.004828,0.339975,1.411294,0.531573,-6.634356,0.001107
73,0.608333,-0.004691,0.940318,-0.004678,0.340233,1.410216,0.531646,-6.633135,0.000783
74,0.616667,-0.004473,0.940237,-0.004531,0.340462,1.408405,0.531529,-6.631911,0.000758
75,0.625000,-0.004800,0.940162,-0.004540,0.340662,1.406890,0.531651,-6.630514,0.000907
76,0.633333,-0.004505,0.940199,-0.004529,0.340565,1.405348,0.531550,-6.629169,0.000744
77,0.641667,-0.004483,0.940298,-0.004739,0.340290,1.403884,0.531810,-6.627480,0.001179
78,0.650000,-0.004761,0.940207,-0.004629,0.340538,1.402496,0.531728,-6.626287,0.000767
79,0.658333,-0.004318,0.940280,-0.004695,0.340343,1.400446,0.531702,-6.624753,0.001096
80,0.666667,-0.004786,0.940192,-0.004568,0.340581,1.399320,0.531756,-6.623560,0.000799
81,0.675000,-0.004795,0.940159,-0.004527,0.340674,1.397750,0.531814,-6.622135,0.000791
82,0.683333,-0.004786,0.940126,-0.004523,0.340764,1.396165,0.531825,-6.620748,0.000773
83,0.691667,-0.004898,0.940082,-0.004518,0.340884,1.394496,0.531820,-6.619401,0.000830
84,0.700000,-0.004836,0.940095,-0.004463,0.340850,1.392943,0.531887,-6.617903,0.000773
85,0.708333,-0.004765,0.940075,-0.004458,0.340904,1.391299,0.531901,-6.616481,0.000800
86,0.716667,-0.004677,0.940005,-0.004351,0.341100,1.389411,0.531781,-6.615123,0.000741
87,0.725000,-0.004659,0.939982,-0.004319,0.341166,1.387735,0.531782,-6.613707,0.000770
88,0.733333,-0.004780,0.939996,-0.004494,0.341124,1.386390,0.531948,-6.612146,0.000817
89,0.741667,-0.004565,0.940055,-0.004596,0.340961,1.384610,0.532003,-6.610492,0.001197
90,0.750000,-0.004755,0.939939,-0.004414,0.341282,1.383093,0.531970,-6.609252,0.000815
91,0.758333,-0.004876,0.939904,-0.004467,0.341375,1.381390,0.531884,-6.607840,0.000785
92,0.766667,-0.004860,0.939776,-0.004278,0.341731,1.379510,0.531957,-6.606379,0.000928
93,0.775000,-0.004520,0.939781,-0.004312,0.341720,1.377789,0.531860,-6.604929,0.000777
94,0.783333,-0.004597,0.939655,-0.004222,0.342066,1.375879,0.531853,-6.603508,0.000807
95,0.791667,-0.004404,0.939755,-0.004385,0.341793,1.374419,0.531901,-6.601922,0.000787
96,0.800000,-0.004662,0.939760,-0.004511,0.341772,1.372974,0.531989,-6.600372,0.000798
97,0.808333,-0.004447,0.939745,-0.004513,0.341816,1.371360,0.532086,-6.598815,0.000822
98,0.816667,-0.004480,0.939685,-0.004607,0.341982,1.369629,0.532046,-6.597346,0.000801
99,0.825000,-0.004479,0.939577,-0.004506,0.342280,1.367784,0.532113,-6.595816,0.000864
100,0.833333,-0.004058,0.939601,-0.004519,0.342217,1.366057,0.532006,-6.594323,0.000752
101,0.841667,-0.004534,0.939484,-0.004566,0.342533,1.364293,0.532065,-6.592803,0.000870
102,0.850000,-0.004117,0.939604,-0.004656,0.342206,1.362884,0.532157,-6.591117,0.000818
103,0.858333,-0.003807,0.939500,-0.004607,0.342497,1.360915,0.532024,-6.589668,0.000776
104,0.866667,-0.003873,0.939535,-0.004746,0.342399,1.359527,0.532180,-6.587981,0.000816
105,0.875000,-0.003693,0.939500,-0.004840,0.342494,1.357821,0.532180,-6.586454,0.000799
106,0.883333,-0.003830,0.939439,-0.004843,0.342661,1.356078,0.532144,-6.584956,0.000818
107,0.891667,-0.003263,0.939355,-0.004777,0.342898,1.354144,0.532059,-6.583416,0.000764
108,0.900000,-0.003170,0.939321,-0.004951,0.342989,1.352038,0.532060,-6.581692,0.001120
109,0.908333,-0.003106,0.939339,-0.004980,0.342940,1.351051,0.532177,-6.580132,0.000806
110,0.916667,-0.002937,0.939126,-0.004841,0.343527,1.348786,0.532021,-6.578701,0.000804
111,0.925000,-0.002662,0.939211,-0.004949,0.343295,1.347332,0.532048,-6.577027,0.000805
112,0.933333,-0.002766,0.939133,-0.005114,0.343505,1.345685,0.532194,-6.575362,0.000916
113,0.941667,-0.002560,0.939211,-0.005166,0.343292,1.344242,0.532239,-6.573664,0.000794
114,0.950000,-0.002112,0.939088,-0.005155,0.343633,1.342270,0.532134,-6.572147,0.000805
115,0.958333,-0.001952,0.939061,-0.005190,0.343707,1.340535,0.532147,-6.570506,0.000781
116,0.966667,-0.001738,0.939003,-0.005254,0.343863,1.338874,0.532115,-6.568866,0.000781
117,0.975000,-0.001881,0.939018,-0.005531,0.343819,1.337385,0.532240,-6.567173,0.000820
118,0.983333,-0.001382,0.939003,-0.005515,0.343863,1.335651,0.532200,-6.565510,0.000711
119,0.991667,-0.001369,0.938883,-0.005527,0.344188,1.333690,0.532098,-6.563963,0.000738
120,1.000000,-0.000732,0.938979,-0.005715,0.343927,1.331866,0.532270,-6.561996,0.001107
121,1.008333,-0.001150,0.938864,-0.005716,0.344239,1.330571,0.532258,-6.560530,0.000798
122,1.016667,-0.000791,0.938645,-0.005547,0.344840,1.328313,0.532174,-6.558976,0.000818
123,1.025000,-0.000316,0.938850,-0.005949,0.344274,1.326645,0.532225,-6.556991,0.001077
124,1.033333,-0.000612,0.938638,-0.005775,0.344854,1.325164,0.532308,-6.555511,0.000933
125,1.041667,-0.000108,0.938646,-0.005806,0.344833,1.323379,0.532168,-6.553852,0.000776
126,1.050000,-0.000321,0.938552,-0.005799,0.345090,1.321705,0.532272,-6.552141,0.000897
127,1.058333,0.000157,0.938552,-0.005824,0.345089,1.319898,0.532170,-6.550474,0.000808
128,1.066667,0.000291,0.938501,-0.005797,0.345226,1.318146,0.532146,-6.548806,0.000798
129,1.075000,0.000171,0.938366,-0.005801,0.345594,1.316181,0.532136,-6.547128,0.000811
130,1.083333,0.000334,0.938496,-0.006108,0.345235,1.314931,0.532320,-6.545273,0.000820
131,1.091667,0.000375,0.938295,-0.005921,0.345784,1.312563,0.532141,-6.543703,0.000788
132,1.100000,0.000466,0.938352,-0.005967,0.345630,1.310967,0.532141,-6.541997,0.000758
133,1.108333,0.000663,0.938309,-0.005979,0.345745,1.309260,0.532195,-6.540199,0.000795
134,1.116667,0.000651,0.938154,-0.005820,0.346168,1.307183,0.532172,-6.538566,0.000806
135,1.125000,0.000779,0.938218,-0.005951,0.345993,1.305667,0.532229,-6.536747,0.000752
136,1.133333,0.000321,0.938126,-0.006048,0.346242,1.303755,0.532280,-6.535065,0.000883
137,1.141667,0.000634,0.938222,-0.006050,0.345980,1.302233,0.532351,-6.533185,0.000801
138,1.150000,0.000686,0.938144,-0.006038,0.346191,1.300251,0.532214,-6.531581,0.000703
139,1.158333,0.000750,0.938072,-0.005884,0.346390,1.298234,0.532209,-6.529849,0.000769
140,1.166667,0.000209,0.937954,-0.005843,0.346712,1.296321,0.532232,-6.528169,0.000891
141,1.175000,0.000638,0.937958,-0.005740,0.346701,1.294456,0.532171,-6.526383,0.000773
142,1.183333,0.000245,0.937812,-0.005671,0.347098,1.292182,0.532045,-6.524786,0.000731
143,1.191667,0.000313,0.937778,-0.005611,0.347191,1.290352,0.532091,-6.522984,0.000798
144,1.200000,0.000170,0.937850,-0.005689,0.346993,1.288638,0.532042,-6.521225,0.000770
145,1.208333,0.000028,0.937698,-0.005542,0.347407,1.286472,0.532070,-6.519491,0.000839
146,1.216667,0.000456,0.937784,-0.005721,0.347171,1.284271,0.532000,-6.517825,0.000725
147,1.225000,-0.000104,0.937747,-0.005541,0.347274,1.282842,0.532083,-6.515917,0.000827
148,1.233333,-0.000414,0.937577,-0.005416,0.347735,1.280643,0.532058,-6.514210,0.000787
149,1.241667,-0.000865,0.937724,-0.005512,0.347336,1.279216,0.532155,-6.512326,0.000828
150,1.250000,-0.001071,0.937675,-0.005507,0.347469,1.277240,0.532164,-6.510567,0.000832
151,1.258333,-0.001128,0.937578,-0.005257,0.347733,1.274881,0.531979,-6.508904,0.000754
152,1.266667,-0.001505,0.937501,-0.005185,0.347941,1.272967,0.532138,-6.507053,0.000908
153,1.275000,-0.001745,0.937391,-0.005025,0.348238,1.270584,0.531918,-6.505390,0.000771
154,1.283333,-0.001831,0.937428,-0.004981,0.348139,1.268820,0.531916,-6.503561,0.000772
155,1.291667,-0.002214,0.937289,-0.004843,0.348513,1.266541,0.531892,-6.501818,0.000719
156,1.300000,-0.002494,0.937260,-0.004684,0.348592,1.264497,0.531837,-6.500051,0.000733
157,1.308333,-0.002976,0.937279,-0.004735,0.348536,1.262771,0.531948,-6.498142,0.000913
158,1.316667,-0.003012,0.937174,-0.004590,0.348820,1.260417,0.531777,-6.496448,0.000729
159,1.325000,-0.003060,0.937148,-0.004508,0.348890,1.258429,0.531797,-6.494559,0.000776
160,1.333333,-0.003593,0.937093,-0.004358,0.349033,1.256276,0.531689,-6.492816,0.000793
161,1.341667,-0.003588,0.937046,-0.004273,0.349163,1.254275,0.531737,-6.490938,0.000790
162,1.350000,-0.003474,0.937102,-0.004391,0.349010,1.251848,0.531545,-6.489279,0.000646
163,1.358333,-0.003793,0.937074,-0.004290,0.349084,1.249807,0.531495,-6.487411,0.000583
164,1.366667,-0.004007,0.937040,-0.004245,0.349174,1.247693,0.531487,-6.485572,0.000615
165,1.375000,-0.004078,0.936968,-0.004131,0.349368,1.245763,0.531568,-6.483676,0.000710
166,1.383333,-0.004510,0.936939,-0.004030,0.349441,1.243644,0.531450,-6.481866,0.000615
167,1.391667,-0.005076,0.936793,-0.003698,0.349827,1.241918,0.531573,-6.479877,0.000796
168,1.400000,-0.005508,0.936884,-0.003766,0.349576,1.240036,0.531494,-6.477971,0.000798
169,1.408333,-0.005802,0.936890,-0.003828,0.349555,1.238364,0.531649,-6.476026,0.000834
170,1.416667,-0.006057,0.936676,-0.003566,0.350127,1.235749,0.531464,-6.474238,0.000715
171,1.425000,-0.006051,0.936826,-0.003590,0.349724,1.234266,0.531625,-6.472171,0.000849
172,1.433333,-0.006612,0.936632,-0.003489,0.350235,1.231837,0.531509,-6.470417,0.000919
173,1.441667,-0.006406,0.936640,-0.003341,0.350220,1.229767,0.531326,-6.468563,0.000792
174,1.450000,-0.006959,0.936429,-0.003220,0.350773,1.227476,0.531404,-6.466602,0.000744
175,1.458333,-0.006063,0.936515,-0.003360,0.350559,1.225182,0.531276,-6.464833,0.000720
176,1.466667,-0.006177,0.936478,-0.003319,0.350657,1.223195,0.531211,-6.462924,0.000718
177,1.475000,-0.007102,0.936331,-0.003104,0.351033,1.221351,0.531157,-6.460927,0.000743
178,1.483333,-0.007496,0.936297,-0.002160,0.351122,1.220323,0.531933,-6.458784,0.000957
179,1.491667,-0.006861,0.936300,-0.003203,0.351120,1.217181,0.531101,-6.457102,0.000665
180,1.500000,-0.006808,0.936103,-0.002291,0.351653,1.215405,0.531620,-6.455066,0.000955
181,1.508333,-0.007549,0.936056,-0.002883,0.351759,1.213241,0.531141,-6.453062,0.000778
182,1.516667,-0.007036,0.935988,-0.002072,0.351956,1.211534,0.531649,-6.451211,0.000974
183,1.525000,-0.007556,0.935989,-0.002874,0.351936,1.209205,0.531065,-6.449119,0.000827
184,1.533333,-0.007603,0.935831,-0.001905,0.352362,1.207629,0.531399,-6.447309,0.000959
185,1.541667,-0.007154,0.935806,-0.002085,0.352437,1.205508,0.531400,-6.445228,0.001058
186,1.550000,-0.007533,0.935738,-0.001810,0.352611,1.203661,0.531348,-6.443331,0.000936
187,1.558333,-0.006673,0.935732,-0.002312,0.352640,1.201246,0.531377,-6.441237,0.001002
188,1.566667,-0.007301,0.935619,-0.001823,0.352932,1.199611,0.531266,-6.439347,0.000923
189,1.575000,-0.006803,0.935564,-0.002015,0.353086,1.197455,0.531198,-6.437253,0.001039
190,1.583333,-0.006320,0.935578,-0.002066,0.353059,1.195161,0.531127,-6.435433,0.000908
191,1.591667,-0.007248,0.935422,-0.002136,0.353453,1.193376,0.531193,-6.433048,0.001205
192,1.600000,-0.006546,0.935472,-0.002679,0.353331,1.191200,0.530587,-6.431162,0.000784
193,1.608333,-0.006250,0.935528,-0.002900,0.353187,1.189388,0.530701,-6.428955,0.000797
194,1.616667,-0.005291,0.935431,-0.002980,0.353458,1.186898,0.530573,-6.427155,0.000804
195,1.625000,-0.005254,0.935397,-0.003075,0.353548,1.184796,0.530462,-6.425112,0.000608
196,1.633333,-0.006087,0.935208,-0.002808,0.354035,1.183199,0.530603,-6.422834,0.000770
197,1.641667,-0.005607,0.935229,-0.002937,0.353988,1.181285,0.530569,-6.420832,0.000939
198,1.650000,-0.005463,0.935238,-0.002871,0.353965,1.179589,0.530554,-6.418649,0.000783
199,1.658333,-0.004287,0.935096,-0.003042,0.354357,1.176800,0.530407,-6.416723,0.000681
200,1.666667,-0.004801,0.934958,-0.002727,0.354715,1.175086,0.530249,-6.414730,0.000763
201,1.675000,-0.004338,0.935036,-0.002933,0.354513,1.173228,0.530250,-6.412548,0.000811
202,1.683333,-0.003871,0.934914,-0.003140,0.354839,1.170735,0.530192,-6.410539,0.000677
203,1.691667,-0.003534,0.934862,-0.003113,0.354981,1.168673,0.530133,-6.408448,0.000599
204,1.700000,-0.004223,0.934704,-0.002807,0.355392,1.167100,0.530243,-6.406229,0.000812
205,1.708333,-0.003846,0.934592,-0.002811,0.355689,1.165017,0.530203,-6.404139,0.000755
206,1.716667,-0.002552,0.934805,-0.003085,0.355138,1.162994,0.529852,-6.402232,0.000985
207,1.725000,-0.002886,0.934544,-0.002847,0.355824,1.161006,0.530021,-6.399971,0.000846
208,1.733333,-0.002341,0.934519,-0.003129,0.355891,1.158554,0.529885,-6.397946,0.000672
209,1.741667,-0.002865,0.934364,-0.002792,0.356297,1.156886,0.529945,-6.395718,0.000795
210,1.750000,-0.002485,0.934255,-0.002819,0.356585,1.154629,0.529881,-6.393618,0.000808
211,1.758333,-0.001335,0.934334,-0.003110,0.356383,1.152360,0.529646,-6.391721,0.000676
212,1.766667,-0.000905,0.934302,-0.003090,0.356468,1.150401,0.529702,-6.389526,0.000812
213,1.775000,-0.001404,0.934107,-0.002774,0.356979,1.148701,0.529674,-6.387316,0.000840
214,1.783333,-0.000439,0.934126,-0.003081,0.356931,1.146217,0.529600,-6.385293,0.000792
215,1.791667,-0.000316,0.934080,-0.003053,0.357052,1.144229,0.529551,-6.383162,0.000801
216,1.800000,-0.000702,0.933991,-0.002877,0.357284,1.142805,0.529659,-6.380839,0.000789
217,1.808333,-0.000606,0.933845,-0.002796,0.357668,1.140398,0.529574,-6.378800,0.000815
218,1.816667,-0.000453,0.933797,-0.002814,0.357792,1.138337,0.529497,-6.376665,0.000830
219,1.825000,-0.000268,0.933720,-0.002775,0.357993,1.136226,0.529423,-6.374506,0.000797
220,1.833333,0.000615,0.933740,-0.003144,0.357937,1.133707,0.529370,-6.372429,0.000703
221,1.841667,0.000343,0.933734,-0.002992,0.357956,1.132034,0.529308,-6.370221,0.000736
222,1.850000,0.000929,0.933639,-0.003151,0.358199,1.129399,0.529208,-6.368097,0.000692
223,1.858333,0.000856,0.933575,-0.003154,0.358368,1.127183,0.529110,-6.365989,0.000728
224,1.866667,0.000933,0.933486,-0.003108,0.358599,1.125166,0.529160,-6.363738,0.000669
225,1.875000,0.000171,0.933311,-0.002855,0.359058,1.123245,0.529230,-6.361459,0.000822
226,1.883333,0.001164,0.933385,-0.003163,0.358861,1.120698,0.529013,-6.359471,0.000757
227,1.891667,0.001182,0.933328,-0.003236,0.359007,1.118534,0.528958,-6.357297,0.000724
228,1.900000,0.001048,0.933231,-0.003166,0.359261,1.116457,0.528985,-6.355044,0.000701
229,1.908333,0.001348,0.933335,-0.003199,0.358991,1.114541,0.528857,-6.352921,0.000955
230,1.916667,0.000552,0.933036,-0.002984,0.359770,1.112288,0.528876,-6.350695,0.000806
231,1.925000,0.000812,0.933085,-0.003255,0.359641,1.109754,0.528734,-6.348565,0.000613
232,1.933333,0.000717,0.933041,-0.003233,0.359754,1.107562,0.528663,-6.346389,0.000603
233,1.941667,0.000131,0.932867,-0.003035,0.360209,1.105634,0.528698,-6.344139,0.000756
234,1.950000,-0.000157,0.932802,-0.002955,0.360376,1.103513,0.528678,-6.341954,0.000800
235,1.958333,0.000530,0.932880,-0.003433,0.360171,1.100836,0.528570,-6.339760,0.000598
236,1.966667,-0.000318,0.932852,-0.003100,0.360247,1.099391,0.528656,-6.337384,0.000934
237,1.975000,-0.000326,0.932674,-0.003323,0.360705,1.096651,0.528578,-6.335327,0.000668
238,1.983333,0.000202,0.932784,-0.003537,0.360418,1.094517,0.528473,-6.333117,0.000845
239,1.991667,-0.000224,0.932599,-0.003594,0.360896,1.091946,0.528567,-6.330858,0.000609
240,2.000000,-0.000708,0.932584,-0.003310,0.360938,1.090186,0.528388,-6.328667,0.000870
241,2.008333,-0.000351,0.932483,-0.003643,0.361195,1.087296,0.528387,-6.326511,0.000588
242,2.016667,-0.000717,0.932362,-0.003689,0.361507,1.085074,0.528433,-6.324221,0.000602
243,2.025000,-0.000856,0.932305,-0.003833,0.361651,1.082788,0.528404,-6.321971,0.000584
244,2.033333,-0.000970,0.932445,-0.004087,0.361287,1.080225,0.528303,-6.319881,0.000354
245,2.041667,-0.000932,0.932366,-0.004147,0.361491,1.077973,0.528391,-6.317618,0.000434
246,2.050000,-0.001411,0.932269,-0.004187,0.361739,1.075649,0.528328,-6.315424,0.000372
247,2.058333,-0.001490,0.932091,-0.004182,0.362198,1.073638,0.528314,-6.313176,0.000624
248,2.066667,-0.001403,0.932013,-0.004263,0.362397,1.071362,0.528411,-6.310917,0.000711
249,2.075000,-0.002037,0.932100,-0.004557,0.362168,1.068770,0.528318,-6.308720,0.000361
250,2.083333,-0.002104,0.931893,-0.004429,0.362700,1.066693,0.528277,-6.306497,0.000602
251,2.091667,-0.002494,0.931774,-0.004564,0.363001,1.064428,0.528375,-6.304187,0.000620
252,2.100000,-0.002654,0.931768,-0.004520,0.363016,1.062015,0.528419,-6.301977,0.000661
253,2.108333,-0.002765,0.931658,-0.004840,0.363293,1.059830,0.528407,-6.299795,0.000599
254,2.116667,-0.003137,0.931762,-0.005008,0.363022,1.057224,0.528524,-6.297567,0.000395
255,2.125000,-0.003494,0.931541,-0.004976,0.363585,1.055227,0.528637,-6.295239,0.000665
256,2.133333,-0.003497,0.931503,-0.005069,0.363682,1.052972,0.528603,-6.293099,0.000642
257,2.141667,-0.003523,0.931516,-0.005206,0.363646,1.050919,0.528541,-6.290891,0.000834
258,2.150000,-0.003540,0.931573,-0.005471,0.363496,1.048329,0.528533,-6.288651,0.000712
259,2.158333,-0.004183,0.931188,-0.005456,0.364475,1.045942,0.528711,-6.286351,0.000659
260,2.166667,-0.004396,0.931148,-0.005696,0.364571,1.043592,0.528665,-6.284196,0.000546
261,2.175000,-0.004183,0.931269,-0.005883,0.364262,1.041109,0.528634,-6.282048,0.000431
262,2.183333,-0.004311,0.931172,-0.006083,0.364503,1.038816,0.528703,-6.279812,0.000443
263,2.191667,-0.004574,0.931066,-0.006190,0.364769,1.036466,0.528797,-6.277549,0.000441
264,2.200000,-0.005039,0.931017,-0.006238,0.364887,1.033928,0.528868,-6.275374,0.000330
265,2.208333,-0.004549,0.930713,-0.006225,0.365669,1.032202,0.529034,-6.273107,0.000819
266,2.216667,-0.005677,0.930766,-0.006432,0.365516,1.029893,0.529194,-6.270811,0.000823
267,2.225000,-0.005058,0.930767,-0.006777,0.365515,1.027417,0.529140,-6.268680,0.000395
268,2.233333,-0.005197,0.930664,-0.006875,0.365773,1.025113,0.529220,-6.266468,0.000434
269,2.241667,-0.005356,0.930405,-0.006880,0.366428,1.023028,0.529289,-6.264191,0.000532
270,2.250000,-0.005382,0.930283,-0.006897,0.366738,1.020800,0.529402,-6.261940,0.000658
271,2.258333,-0.005192,0.930388,-0.007185,0.366470,1.018245,0.529381,-6.259826,0.000470
272,2.266667,-0.005428,0.930122,-0.007470,0.367136,1.016373,0.529535,-6.257507,0.000488
273,2.275000,-0.005433,0.930012,-0.007440,0.367414,1.014189,0.529675,-6.255254,0.000573
274,2.283333,-0.005061,0.930094,-0.007618,0.367207,1.011593,0.529649,-6.253144,0.000367
275,2.291667,-0.005298,0.929834,-0.007644,0.367861,1.009495,0.529730,-6.250913,0.000528
276,2.300000,-0.005296,0.929884,-0.007875,0.367730,1.007018,0.529894,-6.248634,0.000373
277,2.308333,-0.005242,0.929871,-0.008112,0.367758,1.004984,0.530075,-6.246397,0.000674
278,2.316667,-0.005117,0.929698,-0.007954,0.368200,1.002981,0.529931,-6.244203,0.000777
279,2.325000,-0.005237,0.929626,-0.008098,0.368379,1.000202,0.530148,-6.241966,0.000378
280,2.333333,-0.005044,0.929515,-0.008058,0.368662,0.997805,0.530134,-6.239740,0.000386
281,2.341667,-0.005150,0.929492,-0.008341,0.368711,0.995759,0.530330,-6.237471,0.000714
282,2.350000,-0.004918,0.929346,-0.008283,0.369085,0.993182,0.530332,-6.235260,0.000428
283,2.358333,-0.004925,0.929277,-0.008269,0.369257,0.991036,0.530432,-6.233002,0.000409
284,2.366667,-0.004854,0.929157,-0.008309,0.369560,0.988763,0.530550,-6.230763,0.000402
285,2.375000,-0.004866,0.929100,-0.008246,0.369705,0.986123,0.530638,-6.228531,0.000340
286,2.383333,-0.004806,0.928815,-0.008288,0.370419,0.984292,0.530769,-6.226242,0.000500
287,2.391667,-0.004622,0.928859,-0.008415,0.370308,0.981825,0.530893,-6.224004,0.000382
288,2.400000,-0.004400,0.928804,-0.008415,0.370450,0.979599,0.531023,-6.221723,0.000374
289,2.408333,-0.004298,0.928787,-0.008281,0.370496,0.977681,0.531050,-6.219424,0.000699
290,2.416667,-0.004188,0.928677,-0.008332,0.370771,0.975327,0.531170,-6.217130,0.000660
291,2.425000,-0.004324,0.928528,-0.008296,0.371143,0.972533,0.531317,-6.214924,0.000335
292,2.433333,-0.004150,0.928266,-0.008260,0.371802,0.970706,0.531445,-6.212599,0.000497
293,2.441667,-0.003872,0.928275,-0.008338,0.371781,0.968670,0.531595,-6.210276,0.000596
294,2.450000,-0.003868,0.928286,-0.008442,0.371751,0.966179,0.531859,-6.208035,0.000702
295,2.458333,-0.003618,0.928105,-0.008285,0.372210,0.963563,0.531813,-6.205745,0.000383
296,2.466667,-0.003350,0.928131,-0.008246,0.372147,0.961621,0.531819,-6.203462,0.000657
297,2.475000,-0.003601,0.928004,-0.008118,0.372465,0.958843,0.531959,-6.201249,0.000368
298,2.483333,-0.003501,0.927744,-0.008228,0.373109,0.957208,0.532213,-6.198886,0.000755
299,2.491667,-0.003261,0.927679,-0.007927,0.373279,0.954994,0.532073,-6.196641,0.000902
300,2.500000,-0.002836,0.927751,-0.008063,0.373101,0.952395,0.532237,-6.194346,0.000628
301,2.508333,-0.002936,0.927599,-0.008005,0.373480,0.949830,0.532396,-6.192048,0.000402
302,2.516667,-0.002931,0.927551,-0.008158,0.373596,0.947841,0.532674,-6.189717,0.000705
303,2.525000,-0.002802,0.927403,-0.007843,0.373971,0.945026,0.532613,-6.187500,0.000329
304,2.533333,-0.002391,0.927384,-0.007768,0.374021,0.943271,0.532680,-6.185160,0.000666
305,2.541667,-0.001998,0.927055,-0.007043,0.374853,0.940640,0.532485,-6.182899,0.001006
306,2.550000,-0.002642,0.926906,-0.007528,0.375210,0.938690,0.533054,-6.180495,0.000612
307,2.558333,-0.002309,0.926989,-0.007645,0.375004,0.936142,0.533074,-6.178227,0.000382
308,2.566667,-0.001607,0.926832,-0.007024,0.375406,0.933814,0.532848,-6.175977,0.000888
309,2.575000,-0.001517,0.926696,-0.006995,0.375744,0.931504,0.532906,-6.173713,0.000932
310,2.583333,-0.001393,0.926480,-0.006919,0.376278,0.928904,0.533077,-6.171410,0.000622
311,2.591667,-0.001571,0.926235,-0.006729,0.376883,0.926863,0.533162,-6.169106,0.000747
312,2.600000,-0.001454,0.926275,-0.006597,0.376788,0.924922,0.533192,-6.166780,0.000956
313,2.608333,-0.001227,0.926204,-0.006689,0.376961,0.922129,0.533402,-6.164530,0.000604
314,2.616667,-0.001313,0.926393,-0.007172,0.376487,0.920592,0.533668,-6.162109,0.000731
315,2.625000,-0.001515,0.926253,-0.007283,0.376829,0.918273,0.533902,-6.159839,0.000821
316,2.633333,-0.001061,0.926075,-0.006782,0.377276,0.915773,0.533707,-6.157587,0.000819
317,2.641667,-0.001375,0.926181,-0.006870,0.377015,0.913936,0.533884,-6.155159,0.000680
318,2.650000,-0.001276,0.925754,-0.006701,0.378066,0.911010,0.533969,-6.152979,0.000605
319,2.658333,-0.000852,0.925801,-0.006579,0.377954,0.908867,0.533922,-6.150671,0.000824
320,2.666667,-0.000840,0.925702,-0.006464,0.378199,0.906537,0.533918,-6.148353,0.000810
321,2.675000,-0.001138,0.925489,-0.006462,0.378717,0.903956,0.534070,-6.145998,0.000587
322,2.683333,-0.001279,0.925573,-0.006512,0.378511,0.901740,0.534280,-6.143706,0.001028
323,2.691667,-0.000917,0.925445,-0.006200,0.378830,0.899730,0.534097,-6.141397,0.000836
324,2.700000,-0.000877,0.925322,-0.006069,0.379133,0.897389,0.534122,-6.139102,0.000840
325,2.708333,-0.000878,0.925148,-0.006084,0.379557,0.894608,0.534255,-6.136744,0.000552
326,2.716667,-0.001985,0.924967,-0.005872,0.379998,0.892806,0.534462,-6.134323,0.000994
327,2.725000,-0.001198,0.925186,-0.005887,0.379466,0.890277,0.534236,-6.132086,0.000866
328,2.733333,-0.001068,0.925054,-0.005858,0.379788,0.888195,0.534277,-6.129709,0.000767
329,2.741667,-0.001447,0.924546,-0.005658,0.381025,0.885662,0.534380,-6.127426,0.000583
330,2.750000,-0.001220,0.924509,-0.005699,0.381116,0.883261,0.534328,-6.125122,0.000562
331,2.758333,-0.000982,0.924703,-0.005667,0.380645,0.880961,0.534262,-6.122770,0.000765
332,2.766667,-0.001158,0.924469,-0.005544,0.381214,0.878344,0.534268,-6.120500,0.000559
333,2.775000,-0.001193,0.924389,-0.005479,0.381410,0.875968,0.534273,-6.118156,0.000530
334,2.783333,-0.001259,0.924292,-0.005431,0.381647,0.873606,0.534300,-6.115796,0.000534
335,2.791667,-0.001311,0.924161,-0.005278,0.381963,0.871200,0.534258,-6.113481,0.000533
336,2.800000,-0.001411,0.924080,-0.005181,0.382161,0.868765,0.534150,-6.111133,0.000635
337,2.808333,-0.001693,0.924047,-0.005049,0.382241,0.866229,0.534103,-6.108843,0.000723
338,2.816667,-0.001534,0.923860,-0.005057,0.382693,0.864040,0.534091,-6.106462,0.000673
339,2.825000,-0.001883,0.923830,-0.004808,0.382768,0.861436,0.533993,-6.104149,0.000619
340,2.833333,-0.001707,0.923648,-0.004840,0.383209,0.859410,0.533949,-6.101810,0.000711
341,2.841667,-0.001726,0.923579,-0.004838,0.383374,0.856979,0.533875,-6.099461,0.000700
342,2.850000,-0.001894,0.923420,-0.004805,0.383756,0.854605,0.533876,-6.097072,0.000655
343,2.858333,-0.002343,0.923401,-0.004532,0.383802,0.851975,0.533917,-6.094741,0.000842
344,2.866667,-0.002223,0.923146,-0.004434,0.384417,0.849942,0.533662,-6.092438,0.000852
345,2.875000,-0.001861,0.923132,-0.004630,0.384450,0.847525,0.533648,-6.090071,0.000695
346,2.883333,-0.002377,0.923154,-0.004475,0.384397,0.844634,0.533567,-6.087717,0.000417
347,2.891667,-0.002194,0.922891,-0.004460,0.385029,0.842817,0.533506,-6.085351,0.000787
348,2.900000,-0.001998,0.922820,-0.004391,0.385202,0.840450,0.533389,-6.083045,0.000765
349,2.908333,-0.002095,0.922682,-0.004246,0.385534,0.838099,0.533241,-6.080705,0.000744
350,2.916667,-0.002195,0.922600,-0.004328,0.385727,0.835687,0.533199,-6.078289,0.000673
351,2.925000,-0.002217,0.922487,-0.004312,0.385997,0.833305,0.533104,-6.075918,0.000677
352,2.933333,-0.002158,0.922366,-0.004168,0.386290,0.831027,0.532936,-6.073645,0.000797
353,2.941667,-0.002209,0.922273,-0.004132,0.386510,0.828652,0.532897,-6.071189,0.000695
354,2.950000,-0.002180,0.922170,-0.004160,0.386756,0.826240,0.532721,-6.068872,0.000691
355,2.958333,-0.002126,0.922089,-0.004115,0.386950,0.823809,0.532591,-6.066521,0.000692
356,2.966667,-0.002277,0.921928,-0.003929,0.387335,0.821577,0.532440,-6.064161,0.000757
357,2.975000,-0.002141,0.921833,-0.003928,0.387561,0.819165,0.532370,-6.061800,0.000730
358,2.983333,-0.002452,0.921756,-0.003968,0.387742,0.816838,0.532299,-6.059379,0.000690
359,2.991667,-0.002288,0.921608,-0.003814,0.388096,0.814372,0.532039,-6.057093,0.000814
360,3.000000,-0.002206,0.921519,-0.003803,0.388309,0.812066,0.531950,-6.054720,0.000794
361,3.008333,-0.002400,0.921413,-0.003894,0.388558,0.809697,0.531906,-6.052305,0.000677
362,3.016667,-0.002467,0.921304,-0.003798,0.388816,0.807264,0.531749,-6.049953,0.000750
363,3.025000,-0.002436,0.921252,-0.003667,0.388941,0.804680,0.531497,-6.047667,0.000737
364,3.033333,-0.002214,0.921082,-0.003698,0.389346,0.802661,0.531419,-6.045272,0.000833
365,3.041667,-0.002443,0.920963,-0.003676,0.389626,0.800222,0.531351,-6.042855,0.000710
366,3.050000,-0.002405,0.920939,-0.003614,0.389682,0.797528,0.531083,-6.040514,0.000625
367,3.058333,-0.002245,0.920769,-0.003611,0.390085,0.795479,0.531003,-6.038147,0.000813
368,3.066667,-0.002219,0.920620,-0.003578,0.390438,0.793064,0.530872,-6.035804,0.000736
369,3.075000,-0.002419,0.920531,-0.003494,0.390647,0.790616,0.530781,-6.033392,0.000760
370,3.083333,-0.002365,0.920409,-0.003484,0.390933,0.788384,0.530522,-6.031086,0.000842
371,3.091667,-0.002335,0.920358,-0.003601,0.391053,0.785916,0.530497,-6.028662,0.000761
372,3.100000,-0.002220,0.920164,-0.003433,0.391511,0.783474,0.530240,-6.026344,0.000745
373,3.108333,-0.002328,0.920078,-0.003374,0.391713,0.781191,0.530143,-6.023994,0.000872
374,3.116667,-0.002079,0.920265,-0.004067,0.391269,0.779729,0.530391,-6.021513,0.000802
375,3.125000,-0.002300,0.919894,-0.003334,0.392146,0.776420,0.529838,-6.019229,0.000859
376,3.133333,-0.003821,0.919819,-0.002697,0.392316,0.774372,0.529845,-6.016793,0.001075
377,3.141667,-0.002412,0.919646,-0.003244,0.392728,0.771760,0.529581,-6.014461,0.000825
378,3.150000,-0.002099,0.919850,-0.004016,0.392245,0.770236,0.529864,-6.012006,0.000826
379,3.158333,-0.002062,0.919764,-0.003945,0.392446,0.767791,0.529695,-6.009656,0.000861
380,3.166667,-0.003044,0.919652,-0.003615,0.392705,0.766239,0.530053,-6.007208,0.001083
381,3.175000,-0.002391,0.919206,-0.003226,0.393756,0.762220,0.529030,-6.004976,0.000803
382,3.183333,-0.002322,0.919107,-0.003196,0.393989,0.759802,0.528918,-6.002593,0.000876
383,3.191667,-0.002864,0.919108,-0.003309,0.393982,0.757177,0.528857,-6.000214,0.000976
384,3.200000,-0.002738,0.919006,-0.003231,0.394221,0.754744,0.528771,-5.997785,0.000957
385,3.208333,-0.002283,0.918762,-0.003250,0.394793,0.752500,0.528569,-5.995433,0.000783
386,3.216667,-0.002448,0.918685,-0.003192,0.394971,0.750193,0.528457,-5.993051,0.000862
387,3.225000,-0.002151,0.918883,-0.003934,0.394505,0.748661,0.528742,-5.990535,0.000904
388,3.233333,-0.002534,0.918510,-0.003106,0.395376,0.745095,0.528119,-5.988256,0.000742
389,3.241667,-0.002716,0.918456,-0.003267,0.395501,0.742745,0.528154,-5.985817,0.000788
390,3.250000,-0.002919,0.918345,-0.003281,0.395757,0.740319,0.528082,-5.983383,0.000991
391,3.258333,-0.002102,0.918429,-0.003917,0.395561,0.739029,0.528293,-5.980936,0.000901
392,3.266667,-0.002232,0.917767,-0.003256,0.397099,0.735441,0.527748,-5.978768,0.000757
393,3.275000,-0.002481,0.917893,-0.003332,0.396807,0.733048,0.527685,-5.976166,0.000870
394,3.283333,-0.002603,0.917775,-0.003368,0.397079,0.730635,0.527559,-5.973746,0.000894
395,3.291667,-0.002754,0.917502,-0.003183,0.397709,0.727905,0.527489,-5.971440,0.000640
396,3.300000,-0.002439,0.917515,-0.003323,0.397679,0.725842,0.527397,-5.968897,0.000896
397,3.308333,-0.002403,0.917083,-0.003361,0.398674,0.723043,0.527292,-5.966459,0.000769
398,3.316667,-0.002437,0.917060,-0.003286,0.398729,0.720536,0.527179,-5.964139,0.000797
399,3.325000,-0.002293,0.916930,-0.003371,0.399027,0.718230,0.527058,-5.961763,0.000764
400,3.333333,-0.002561,0.916910,-0.003363,0.399073,0.715533,0.527037,-5.959302,0.000653
401,3.341667,-0.002747,0.916707,-0.003360,0.399537,0.713094,0.526918,-5.956855,0.000614
402,3.350000,-0.002501,0.916561,-0.003442,0.399872,0.710944,0.526875,-5.954464,0.000815
403,3.358333,-0.002837,0.916497,-0.003394,0.400018,0.708264,0.526837,-5.952095,0.000759
404,3.366667,-0.002294,0.916307,-0.003522,0.400455,0.706074,0.526691,-5.949684,0.000819
405,3.375000,-0.004028,0.916680,-0.003615,0.399586,0.703547,0.526960,-5.947315,0.000679
406,3.383333,-0.002628,0.916053,-0.003693,0.401032,0.701152,0.526598,-5.944768,0.000817
407,3.391667,-0.002587,0.915914,-0.003737,0.401350,0.698725,0.526578,-5.942359,0.000828
408,3.400000,-0.003942,0.916248,-0.003882,0.400574,0.696556,0.526752,-5.940036,0.000801
409,3.408333,-0.004072,0.916153,-0.003970,0.400788,0.693663,0.526703,-5.937687,0.000654
410,3.416667,-0.003092,0.915878,-0.004458,0.401421,0.691851,0.526519,-5.935140,0.001030
411,3.425000,-0.003157,0.915746,-0.004424,0.401722,0.689374,0.526522,-5.932731,0.001049
412,3.433333,-0.003830,0.915702,-0.004452,0.401816,0.687043,0.526578,-5.930437,0.000971
413,3.441667,-0.004010,0.915632,-0.004428,0.401974,0.684284,0.526511,-5.928015,0.000793
414,3.450000,-0.003941,0.915467,-0.004607,0.402346,0.681827,0.526469,-5.925609,0.000785
415,3.458333,-0.002707,0.914775,-0.004345,0.403932,0.678970,0.526093,-5.923185,0.000795
416,3.466667,-0.003746,0.915114,-0.004741,0.403149,0.676748,0.526306,-5.920738,0.001077
417,3.475000,-0.005341,0.915242,-0.005424,0.402833,0.674665,0.526894,-5.918456,0.000911
418,3.483333,-0.003302,0.914808,-0.005282,0.403842,0.672138,0.526293,-5.915942,0.001083
419,3.491667,-0.003627,0.914680,-0.005228,0.404129,0.669465,0.526222,-5.913570,0.000911
420,3.500000,-0.003810,0.914605,-0.005341,0.404295,0.666889,0.526265,-5.911193,0.001105
421,3.508333,-0.004281,0.914538,-0.005487,0.404439,0.664618,0.526301,-5.908849,0.000820
422,3.516667,-0.003485,0.914280,-0.005776,0.405026,0.662340,0.526211,-5.906394,0.001037
423,3.525000,-0.003667,0.914105,-0.005928,0.405417,0.659856,0.526200,-5.904043,0.001093
424,3.533333,-0.003877,0.914012,-0.005910,0.405627,0.657078,0.526156,-5.901639,0.000894
425,3.541667,-0.005497,0.914151,-0.006749,0.405281,0.655275,0.526785,-5.899364,0.001037
426,3.550000,-0.004153,0.913828,-0.006916,0.406021,0.652247,0.526449,-5.896898,0.001035
427,3.558333,-0.005890,0.913895,-0.005905,0.405864,0.649540,0.526351,-5.894635,0.001115
428,3.566667,-0.004499,0.913608,-0.006453,0.406519,0.646962,0.526102,-5.892170,0.001199
429,3.575000,-0.005800,0.913657,-0.006306,0.406395,0.644464,0.526372,-5.889938,0.001114
430,3.583333,-0.005537,0.913435,-0.006505,0.406896,0.641824,0.526233,-5.887525,0.000747
431,3.591667,-0.005526,0.913370,-0.006725,0.407038,0.639360,0.526280,-5.885187,0.000801
432,3.600000,-0.005543,0.913178,-0.006890,0.407465,0.636856,0.526306,-5.882798,0.000784
433,3.608333,-0.005886,0.913126,-0.006857,0.407577,0.634595,0.526366,-5.880542,0.001067
434,3.616667,-0.006743,0.913019,-0.007570,0.407791,0.632128,0.526759,-5.878189,0.000847
435,3.625000,-0.005646,0.912789,-0.007254,0.408329,0.629338,0.526384,-5.875793,0.000770
436,3.633333,-0.004655,0.912481,-0.007605,0.409021,0.626943,0.526161,-5.873297,0.000883
437,3.641667,-0.005183,0.912496,-0.008301,0.408969,0.624795,0.526609,-5.870963,0.001284
438,3.650000,-0.005120,0.912235,-0.008323,0.409550,0.622028,0.526554,-5.868615,0.001054
439,3.658333,-0.007578,0.912507,-0.008023,0.408912,0.619967,0.527094,-5.866466,0.001142
440,3.666667,-0.005689,0.912096,-0.007838,0.409863,0.616994,0.526530,-5.864014,0.000795
441,3.675000,-0.004827,0.911808,-0.008262,0.410505,0.614725,0.526415,-5.861561,0.001225
442,3.683333,-0.006364,0.911884,-0.007813,0.410325,0.612274,0.526713,-5.859332,0.001146
443,3.691667,-0.005292,0.912128,-0.008399,0.409786,0.610627,0.526528,-5.857108,0.001039
444,3.700000,-0.005153,0.912000,-0.008445,0.410071,0.607763,0.526545,-5.854760,0.000905
445,3.708333,-0.005217,0.911879,-0.008507,0.410339,0.605561,0.526605,-5.852396,0.001131
446,3.716667,-0.005412,0.911669,-0.008194,0.410808,0.602517,0.526536,-5.849680,0.001021
447,3.725000,-0.004470,0.911386,-0.008812,0.411433,0.600044,0.526568,-5.847495,0.001051
448,3.733333,-0.005227,0.911468,-0.008713,0.411247,0.597803,0.526707,-5.845430,0.000911
449,3.741667,-0.006364,0.911542,-0.009181,0.411056,0.595430,0.527274,-5.843114,0.000969
450,3.750000,-0.005431,0.911144,-0.008692,0.411961,0.592712,0.526840,-5.840680,0.000928
451,3.758333,-0.004446,0.910833,-0.008924,0.412656,0.590383,0.526757,-5.838093,0.001220
452,3.766667,-0.005285,0.910982,-0.008743,0.412319,0.587654,0.526975,-5.836064,0.000966
453,3.775000,-0.005236,0.910791,-0.008824,0.412740,0.585408,0.527014,-5.833726,0.001072
454,3.783333,-0.003417,0.909806,-0.008027,0.414942,0.581862,0.526451,-5.831077,0.001129
455,3.791667,-0.004445,0.910304,-0.008848,0.413821,0.580203,0.527052,-5.828722,0.001210
456,3.800000,-0.004527,0.910115,-0.008751,0.414239,0.577366,0.527074,-5.826384,0.001064
457,3.808333,-0.005242,0.910285,-0.008555,0.413860,0.574916,0.527262,-5.824273,0.000950
458,3.816667,-0.005251,0.910115,-0.008531,0.414236,0.572629,0.527342,-5.821905,0.001080
459,3.825000,-0.005274,0.909959,-0.008363,0.414579,0.569796,0.527434,-5.819553,0.000924
460,3.833333,-0.004495,0.909617,-0.008471,0.415337,0.567447,0.527378,-5.816943,0.001216
461,3.841667,-0.005331,0.909696,-0.008225,0.415160,0.565020,0.527561,-5.814827,0.001086
462,3.850000,-0.005298,0.909579,-0.008101,0.415418,0.562378,0.527597,-5.812459,0.001079
463,3.858333,-0.005328,0.909462,-0.007982,0.415675,0.559480,0.527663,-5.810116,0.000900
464,3.866667,-0.005306,0.909289,-0.007913,0.416057,0.557262,0.527749,-5.807755,0.001088
465,3.875000,-0.004827,0.908547,-0.007835,0.417682,0.553503,0.527699,-5.805257,0.000949
466,3.883333,-0.005911,0.908609,-0.007428,0.417540,0.550889,0.527989,-5.803013,0.000793
467,3.891667,-0.005881,0.908434,-0.007311,0.417923,0.548283,0.527969,-5.800647,0.000818
468,3.900000,-0.005768,0.908305,-0.007243,0.418206,0.545684,0.528036,-5.798311,0.000767
469,3.908333,-0.005829,0.908169,-0.006961,0.418505,0.543026,0.528133,-5.795958,0.000794
470,3.916667,-0.005960,0.908033,-0.006852,0.418800,0.540470,0.528180,-5.793612,0.000811
471,3.925000,-0.006331,0.907984,-0.006647,0.418904,0.538094,0.528372,-5.791317,0.001133
472,3.933333,-0.006154,0.907851,-0.006440,0.419198,0.535446,0.528382,-5.788952,0.001102
473,3.941667,-0.005938,0.907596,-0.006407,0.419754,0.532663,0.528328,-5.786587,0.000818
474,3.950000,-0.005974,0.907526,-0.006236,0.419907,0.530001,0.528429,-5.784303,0.000819
475,3.958333,-0.006341,0.907478,-0.005922,0.420010,0.527600,0.528612,-5.781999,0.001133
476,3.966667,-0.003639,0.906502,-0.005623,0.422149,0.524107,0.527944,-5.779485,0.000825
477,3.975000,-0.003735,0.906447,-0.005494,0.422267,0.521280,0.528005,-5.777177,0.000451
478,3.983333,-0.003751,0.906287,-0.005349,0.422613,0.518632,0.528080,-5.774852,0.000444
479,3.991667,-0.003780,0.906123,-0.005231,0.422964,0.516059,0.528101,-5.772558,0.000511
480,4.000000,-0.003584,0.905959,-0.005082,0.423319,0.513574,0.528172,-5.770219,0.000776
481,4.008333,-0.003561,0.905842,-0.005057,0.423571,0.510972,0.528207,-5.767884,0.000884
482,4.016667,-0.003781,0.905761,-0.004891,0.423743,0.508187,0.528259,-5.765604,0.000477
483,4.025000,-0.003701,0.905599,-0.004765,0.424092,0.505536,0.528326,-5.763324,0.000446
484,4.033333,-0.003653,0.905458,-0.004653,0.424394,0.502820,0.528406,-5.761053,0.000454
485,4.041667,-0.003658,0.905332,-0.004571,0.424665,0.500300,0.528459,-5.758770,0.000464
486,4.050000,-0.003596,0.905138,-0.004520,0.425078,0.497818,0.528569,-5.756474,0.000798
487,4.058333,-0.003643,0.905047,-0.004417,0.425272,0.494978,0.528639,-5.754226,0.000447
488,4.066667,-0.003644,0.904873,-0.004315,0.425644,0.492329,0.528665,-5.751955,0.000443
489,4.075000,-0.003354,0.904783,-0.004445,0.425837,0.489987,0.528790,-5.749634,0.000712
490,4.083333,-0.003688,0.904817,-0.004584,0.425760,0.487384,0.528901,-5.747368,0.000473
491,4.091667,-0.003490,0.904550,-0.004373,0.426330,0.484566,0.528879,-5.745110,0.000387
492,4.100000,-0.003381,0.904417,-0.004348,0.426614,0.481947,0.528964,-5.742848,0.000408
493,4.108333,-0.003175,0.904203,-0.004467,0.427068,0.479572,0.529086,-5.740623,0.000743
494,4.116667,-0.003312,0.904131,-0.004397,0.427220,0.476777,0.529147,-5.738344,0.000375
495,4.125000,-0.003256,0.903991,-0.004302,0.427517,0.474190,0.529191,-5.736085,0.000405
496,4.133333,-0.003214,0.903861,-0.004402,0.427791,0.471580,0.529252,-5.733811,0.000425
497,4.141667,-0.003218,0.903712,-0.004245,0.428108,0.468825,0.529312,-5.731525,0.000399
498,4.150000,-0.003186,0.903574,-0.004222,0.428399,0.466234,0.529340,-5.729277,0.000404
499,4.158333,-0.003236,0.903628,-0.004713,0.428279,0.463762,0.529446,-5.726988,0.000652
500,4.166667,-0.002962,0.903618,-0.004838,0.428301,0.460712,0.529543,-5.724422,0.000694
501,4.175000,-0.003041,0.903580,-0.004951,0.428380,0.458116,0.529574,-5.722196,0.000597
502,4.183333,-0.002849,0.903375,-0.004950,0.428814,0.455410,0.529607,-5.719913,0.000639
503,4.191667,-0.002924,0.902881,-0.004390,0.429858,0.452983,0.529585,-5.718048,0.000324
504,4.200000,-0.002758,0.903100,-0.004975,0.429393,0.450147,0.529711,-5.715399,0.000634
505,4.208333,-0.002769,0.902949,-0.004979,0.429711,0.447391,0.529751,-5.713116,0.000560
506,4.216667,-0.002772,0.902863,-0.005031,0.429889,0.444834,0.529828,-5.710954,0.000595
507,4.225000,-0.002683,0.902742,-0.005165,0.430144,0.442254,0.529926,-5.708704,0.000651
508,4.233333,-0.002924,0.902280,-0.004778,0.431115,0.439755,0.529907,-5.706760,0.000375
509,4.241667,-0.002844,0.902129,-0.004880,0.431430,0.437157,0.529968,-5.704520,0.000447
510,4.250000,-0.002786,0.902006,-0.004797,0.431689,0.434534,0.529977,-5.702229,0.000414
511,4.258333,-0.002768,0.901850,-0.004866,0.432013,0.431874,0.530000,-5.699951,0.000432
512,4.266667,-0.002503,0.902013,-0.005308,0.431669,0.428866,0.530071,-5.697379,0.000647
513,4.275000,-0.002481,0.901851,-0.005310,0.432007,0.426153,0.530101,-5.695121,0.000649
514,4.283333,-0.002446,0.901706,-0.005318,0.432310,0.423506,0.530101,-5.692851,0.000654
515,4.291667,-0.002654,0.901267,-0.004892,0.433229,0.421073,0.530088,-5.690898,0.000418
516,4.300000,-0.002369,0.901410,-0.005350,0.432927,0.418076,0.530113,-5.688299,0.000670
517,4.308333,-0.002348,0.901290,-0.005288,0.433179,0.415407,0.530095,-5.686021,0.000642
518,4.316667,-0.002285,0.901124,-0.005283,0.433523,0.412648,0.530160,-5.683736,0.000663
519,4.325000,-0.002361,0.900944,-0.005294,0.433896,0.409972,0.530127,-5.681474,0.000656
520,4.333333,-0.002257,0.900797,-0.005331,0.434202,0.407187,0.530113,-5.679204,0.000661
521,4.341667,-0.002627,0.900368,-0.004810,0.435095,0.404773,0.530016,-5.677215,0.000458
522,4.350000,-0.002305,0.900501,-0.005280,0.434815,0.401750,0.530046,-5.674639,0.000680
523,4.358333,-0.002251,0.900361,-0.005230,0.435106,0.398951,0.530031,-5.672371,0.000649
524,4.366667,-0.002223,0.900214,-0.005153,0.435412,0.396222,0.529993,-5.670099,0.000651
525,4.375000,-0.002296,0.900052,-0.005102,0.435747,0.393475,0.529954,-5.667798,0.000669
526,4.383333,-0.002291,0.899887,-0.005092,0.436087,0.390647,0.529926,-5.665466,0.000702
527,4.391667,-0.002631,0.899459,-0.004620,0.436973,0.388166,0.529790,-5.663451,0.000450
528,4.400000,-0.002617,0.899320,-0.004531,0.437261,0.385441,0.529741,-5.661154,0.000428
529,4.408333,-0.002680,0.899155,-0.004536,0.437599,0.382617,0.529665,-5.658883,0.000448
530,4.416667,-0.002361,0.899353,-0.004819,0.437189,0.379506,0.529650,-5.656288,0.000668
531,4.425000,-0.002365,0.899209,-0.004802,0.437487,0.376743,0.529580,-5.653945,0.000652
532,4.433333,-0.002450,0.899026,-0.004726,0.437864,0.373886,0.529490,-5.651634,0.000675
533,4.441667,-0.002530,0.898899,-0.004593,0.438125,0.371116,0.529423,-5.649320,0.000655
534,4.450000,-0.002520,0.898714,-0.004541,0.438505,0.368319,0.529322,-5.647010,0.000670
535,4.458333,-0.002584,0.898560,-0.004430,0.438821,0.365515,0.529214,-5.644696,0.000681
536,4.466667,-0.002615,0.898427,-0.004345,0.439093,0.362660,0.529152,-5.642365,0.000690
537,4.475000,-0.002618,0.898300,-0.004233,0.439355,0.359845,0.529016,-5.640032,0.000680
538,4.483333,-0.002941,0.897833,-0.003724,0.440311,0.357306,0.528835,-5.638051,0.000429
539,4.491667,-0.003029,0.897685,-0.003603,0.440613,0.354475,0.528729,-5.635731,0.000437
540,4.500000,-0.002747,0.897548,-0.003829,0.440891,0.351795,0.528587,-5.633424,0.000722
541,4.508333,-0.002820,0.897707,-0.003849,0.440567,0.348502,0.528505,-5.630775,0.000682
542,4.516667,-0.003123,0.897259,-0.003350,0.441481,0.345938,0.528336,-5.628773,0.000482
543,4.525000,-0.002816,0.897422,-0.003696,0.441149,0.342789,0.528251,-5.626168,0.000691
544,4.533333,-0.002854,0.896852,-0.003235,0.442309,0.340457,0.528179,-5.624218,0.000449
545,4.541667,-0.002717,0.897042,-0.003505,0.441923,0.337280,0.528109,-5.621575,0.000728
546,4.550000,-0.002965,0.896557,-0.003086,0.442908,0.334743,0.527931,-5.619586,0.000456
547,4.558333,-0.002959,0.896421,-0.003019,0.443183,0.331920,0.527818,-5.617241,0.000460
548,4.566667,-0.002978,0.896302,-0.002923,0.443425,0.329031,0.527647,-5.614939,0.000483
549,4.575000,-0.002709,0.896442,-0.003308,0.443140,0.325911,0.527562,-5.612323,0.000729
550,4.583333,-0.002716,0.896324,-0.003196,0.443380,0.323110,0.527418,-5.609996,0.000740
551,4.591667,-0.002956,0.895818,-0.002880,0.444401,0.320585,0.527238,-5.608028,0.000457
552,4.600000,-0.002769,0.896017,-0.003183,0.443999,0.317439,0.527190,-5.605356,0.000761
553,4.608333,-0.002736,0.895893,-0.003181,0.444250,0.314671,0.527062,-5.603025,0.000748
554,4.616667,-0.002666,0.895717,-0.003191,0.444606,0.311818,0.526967,-5.600780,0.000753
555,4.625000,-0.002699,0.895562,-0.003209,0.444918,0.308994,0.526890,-5.598473,0.000772
556,4.633333,-0.002888,0.895072,-0.002848,0.445904,0.306541,0.526729,-5.596506,0.000480
557,4.641667,-0.002660,0.895296,-0.003262,0.445451,0.303387,0.526642,-5.593868,0.000751
558,4.650000,-0.002679,0.895156,-0.003299,0.445733,0.300555,0.526557,-5.591576,0.000769
559,4.658333,-0.002596,0.894886,-0.003169,0.446277,0.297971,0.526475,-5.589316,0.000715
560,4.666667,-0.002534,0.894853,-0.003378,0.446341,0.295038,0.526346,-5.586972,0.000741
561,4.675000,-0.002502,0.894692,-0.003478,0.446664,0.292221,0.526277,-5.584684,0.000737
562,4.683333,-0.002414,0.894543,-0.003601,0.446961,0.289519,0.526206,-5.582420,0.000746
563,4.691667,-0.002400,0.894408,-0.003675,0.447229,0.286682,0.526129,-5.580130,0.000749
564,4.700000,-0.002262,0.894253,-0.003783,0.447540,0.283927,0.526072,-5.577892,0.000756
565,4.708333,-0.002205,0.894105,-0.003817,0.447836,0.281150,0.526025,-5.575630,0.000742
566,4.716667,-0.002092,0.893968,-0.003970,0.448109,0.278335,0.526000,-5.573396,0.000773
567,4.725000,-0.002052,0.893795,-0.004097,0.448452,0.275585,0.525987,-5.571133,0.000767
568,4.733333,-0.001948,0.893686,-0.004187,0.448669,0.272831,0.525975,-5.568861,0.000764
569,4.741667,-0.001873,0.893503,-0.004313,0.449034,0.270034,0.525944,-5.566606,0.000762
570,4.750000,-0.001790,0.893363,-0.004474,0.449309,0.267292,0.525944,-5.564352,0.000776
571,4.758333,-0.001844,0.892836,-0.004259,0.450358,0.264833,0.525940,-5.562459,0.000509
572,4.766667,-0.001798,0.892709,-0.004410,0.450608,0.262063,0.525900,-5.560215,0.000525
573,4.775000,-0.001569,0.892926,-0.004889,0.450173,0.258966,0.525951,-5.557623,0.000773
574,4.783333,-0.001480,0.892632,-0.004876,0.450758,0.256354,0.526025,-5.555460,0.000774
575,4.791667,-0.001373,0.892594,-0.005138,0.450830,0.253367,0.526017,-5.553200,0.000781
576,4.800000,-0.001344,0.892439,-0.005309,0.451135,0.250603,0.526084,-5.550959,0.000792
577,4.808333,-0.001280,0.892270,-0.005433,0.451467,0.247856,0.526155,-5.548724,0.000765
578,4.816667,-0.001198,0.892021,-0.005390,0.451960,0.245211,0.526210,-5.546544,0.000804
579,4.825000,-0.001091,0.892003,-0.005721,0.451993,0.242244,0.526252,-5.544283,0.000752
580,4.833333,-0.001060,0.891691,-0.005694,0.452607,0.239607,0.526351,-5.542115,0.000763
581,4.841667,-0.001133,0.891325,-0.005601,0.453330,0.236962,0.526336,-5.540200,0.000500
582,4.850000,-0.000891,0.891515,-0.006112,0.452950,0.233827,0.526465,-5.537665,0.000774
583,4.858333,-0.000863,0.891343,-0.006264,0.453286,0.231036,0.526588,-5.535445,0.000773
584,4.866667,-0.001003,0.890841,-0.005995,0.454275,0.228499,0.526655,-5.533597,0.000535
585,4.875000,-0.000741,0.891067,-0.006488,0.453825,0.225381,0.526773,-5.531050,0.000775
586,4.883333,-0.000708,0.890903,-0.006576,0.454145,0.222554,0.526899,-5.528829,0.000794
587,4.891667,-0.000699,0.890830,-0.006736,0.454286,0.219868,0.527060,-5.526644,0.000763
588,4.900000,-0.000662,0.890559,-0.006771,0.454817,0.216889,0.527124,-5.524452,0.000765
589,4.908333,-0.000552,0.890431,-0.006855,0.455066,0.214019,0.527263,-5.522268,0.000756
590,4.916667,-0.000540,0.890152,-0.006752,0.455614,0.211272,0.527420,-5.520131,0.000806
591,4.925000,-0.000605,0.889975,-0.006867,0.455956,0.208434,0.527528,-5.517925,0.000791
592,4.933333,-0.000600,0.889811,-0.006964,0.456276,0.205584,0.527661,-5.515743,0.000807
593,4.941667,-0.000495,0.889673,-0.006984,0.456545,0.202762,0.527773,-5.513545,0.000799
594,4.950000,-0.000668,0.889260,-0.006834,0.457352,0.200070,0.527873,-5.511626,0.000514
595,4.958333,-0.000501,0.889474,-0.007209,0.456928,0.196869,0.528020,-5.509117,0.000815
596,4.966667,-0.000492,0.889315,-0.007283,0.457236,0.193976,0.528157,-5.506915,0.000814
597,4.975000,-0.000503,0.889043,-0.007147,0.457768,0.191246,0.528312,-5.504774,0.000785
598,4.983333,-0.000392,0.888875,-0.007147,0.458095,0.188304,0.528449,-5.502607,0.000859
599,4.991667,-0.000513,0.888720,-0.007171,0.458394,0.185494,0.528549,-5.500398,0.000790
600,5.000000,-0.000420,0.888557,-0.007212,0.458710,0.182527,0.528732,-5.498203,0.000829
601,5.008333,-0.000439,0.888403,-0.007130,0.459010,0.179713,0.528823,-5.495981,0.000859
602,5.016667,-0.000356,0.888371,-0.007292,0.459068,0.176692,0.528938,-5.493721,0.000847
603,5.025000,-0.000549,0.887844,-0.006918,0.460092,0.174140,0.529036,-5.491878,0.000587
604,5.033333,-0.000453,0.887919,-0.007044,0.459946,0.171077,0.529224,-5.489369,0.000833
605,5.041667,-0.000368,0.887766,-0.006965,0.460241,0.168192,0.529360,-5.487148,0.000834
606,5.050000,-0.000389,0.887614,-0.006935,0.460537,0.165337,0.529454,-5.484910,0.000829
607,5.058333,-0.000370,0.887585,-0.007024,0.460591,0.162327,0.529557,-5.482636,0.000799
608,5.066667,-0.000469,0.887044,-0.006591,0.461637,0.159775,0.529616,-5.480756,0.000569
609,5.075000,-0.000099,0.886698,-0.006602,0.462301,0.157138,0.529662,-5.478370,0.000809
610,5.083333,-0.000150,0.886836,-0.006785,0.462034,0.153999,0.529803,-5.475847,0.001043
611,5.091667,-0.000150,0.886633,-0.006620,0.462426,0.151147,0.529859,-5.473606,0.001064
612,5.100000,0.000010,0.886535,-0.006452,0.462616,0.148264,0.529988,-5.471309,0.001072
613,5.108333,-0.000016,0.886367,-0.006353,0.462939,0.145373,0.530064,-5.469090,0.001066
614,5.116667,0.000003,0.886215,-0.006279,0.463233,0.142446,0.530142,-5.466878,0.001083
615,5.125000,0.000037,0.886047,-0.006090,0.463555,0.139594,0.530249,-5.464630,0.001084
616,5.133333,0.000096,0.885883,-0.005973,0.463870,0.136734,0.530325,-5.462361,0.001081
617,5.141667,0.000057,0.885825,-0.005846,0.463982,0.133895,0.530246,-5.459784,0.001351
618,5.150000,0.000067,0.885647,-0.005698,0.464325,0.131048,0.530282,-5.457507,0.001322
619,5.158333,0.000114,0.885477,-0.005568,0.464651,0.128186,0.530343,-5.455256,0.001345
620,5.166667,0.000171,0.885310,-0.005414,0.464969,0.125304,0.530401,-5.452986,0.001331
621,5.175000,0.000074,0.885148,-0.005211,0.465281,0.122555,0.530449,-5.450802,0.001374
622,5.183333,0.000191,0.885007,-0.005152,0.465549,0.119580,0.530455,-5.448411,0.001331
623,5.191667,0.000143,0.884941,-0.004912,0.465677,0.116259,0.530581,-5.446491,0.001150
624,5.200000,0.000331,0.884583,-0.004857,0.466358,0.113798,0.530634,-5.444178,0.001084
625,5.208333,0.000301,0.884559,-0.004642,0.466405,0.110555,0.530712,-5.442123,0.000831
626,5.216667,-0.000052,0.884554,-0.004350,0.466417,0.107646,0.530738,-5.439852,0.000934
627,5.225000,-0.000017,0.884379,-0.004223,0.466751,0.104819,0.530736,-5.437553,0.000926
628,5.233333,0.000426,0.884048,-0.004242,0.467376,0.101894,0.530721,-5.435355,0.000841
629,5.241667,0.000027,0.884078,-0.003970,0.467323,0.099029,0.530687,-5.433041,0.000982
630,5.250000,0.000462,0.883734,-0.003983,0.467973,0.096105,0.530671,-5.430801,0.000854
631,5.258333,0.000583,0.883569,-0.003820,0.468286,0.093268,0.530655,-5.428546,0.000835
632,5.266667,0.000386,0.883404,-0.003615,0.468598,0.090481,0.530606,-5.426370,0.000843
633,5.275000,0.000538,0.883266,-0.003593,0.468858,0.087486,0.530576,-5.424004,0.000867
634,5.283333,0.000552,0.883079,-0.003472,0.469211,0.084546,0.530549,-5.421794,0.000873
635,5.291667,0.000487,0.882908,-0.003417,0.469534,0.081690,0.530500,-5.419524,0.000853
636,5.300000,0.000551,0.882749,-0.003215,0.469833,0.078813,0.530467,-5.417251,0.000848
637,5.308333,0.000498,0.882604,-0.003125,0.470107,0.075944,0.530402,-5.414965,0.000901
638,5.316667,0.000559,0.882445,-0.003102,0.470406,0.073015,0.530361,-5.412751,0.000833
639,5.325000,0.000519,0.882280,-0.002931,0.470715,0.070153,0.530284,-5.410474,0.000874
640,5.333333,0.000451,0.882148,-0.002907,0.470963,0.067203,0.530228,-5.408221,0.000874
641,5.341667,0.000378,0.881936,-0.002846,0.471360,0.064330,0.530138,-5.406032,0.000872
642,5.350000,0.000410,0.881926,-0.002880,0.471379,0.061648,0.530089,-5.403789,0.000873
643,5.358333,0.000276,0.881657,-0.002709,0.471883,0.058536,0.529990,-5.401530,0.000881
644,5.366667,0.000322,0.881623,-0.002781,0.471947,0.055809,0.529962,-5.399352,0.000870
645,5.375000,0.000242,0.881362,-0.002626,0.472434,0.052736,0.529842,-5.397065,0.000872
646,5.383333,0.000218,0.881142,-0.002563,0.472845,0.049926,0.529807,-5.394834,0.000843
647,5.391667,0.000145,0.880976,-0.002525,0.473155,0.047084,0.529724,-5.392657,0.000829
648,5.400000,0.000047,0.880843,-0.002473,0.473402,0.044082,0.529613,-5.390435,0.000852
649,5.408333,-0.000016,0.880645,-0.002490,0.473771,0.041256,0.529531,-5.388234,0.000868
650,5.416667,-0.000114,0.880496,-0.002462,0.474048,0.038345,0.529422,-5.386034,0.000820
651,5.425000,-0.000149,0.880331,-0.002463,0.474353,0.035513,0.529322,-5.383836,0.000848
652,5.433333,-0.000257,0.880210,-0.002483,0.474577,0.032554,0.529201,-5.381622,0.000810
653,5.441667,-0.000382,0.880046,-0.002487,0.474881,0.029694,0.529136,-5.379397,0.000843
654,5.450000,-0.000467,0.879992,-0.002413,0.474983,0.026741,0.528999,-5.376945,0.001149
655,5.458333,-0.000647,0.879871,-0.002458,0.475206,0.023860,0.528880,-5.374719,0.001153
656,5.466667,-0.000706,0.879721,-0.002503,0.475484,0.020867,0.528778,-5.372470,0.001160
657,5.475000,-0.000818,0.879670,-0.002609,0.475577,0.017795,0.528653,-5.370309,0.001190
658,5.483333,-0.000873,0.879511,-0.002620,0.475871,0.015271,0.528626,-5.368181,0.001126
659,5.491667,-0.001038,0.879216,-0.002655,0.476414,0.012171,0.528490,-5.365928,0.001143
660,5.500000,-0.001115,0.879092,-0.002701,0.476644,0.009235,0.528395,-5.363759,0.001134
661,5.508333,-0.001408,0.878895,-0.002711,0.477006,0.006532,0.528237,-5.361461,0.001253
662,5.516667,-0.001331,0.878780,-0.002852,0.477217,0.003391,0.528181,-5.359342,0.001157
663,5.525000,-0.001416,0.878629,-0.002802,0.477495,0.000442,0.528067,-5.357152,0.001152
664,5.533333,-0.001448,0.878453,-0.002915,0.477818,-0.002470,0.527987,-5.354951,0.001152
665,5.541667,-0.001638,0.878288,-0.002929,0.478119,-0.005422,0.527889,-5.352776,0.001141
666,5.550000,-0.001650,0.878132,-0.003060,0.478405,-0.008341,0.527788,-5.350518,0.001139
667,5.558333,-0.001894,0.878071,-0.003220,0.478516,-0.010916,0.527699,-5.348334,0.001149
668,5.566667,-0.001834,0.877808,-0.003232,0.478998,-0.014240,0.527626,-5.346118,0.001167
669,5.575000,-0.001958,0.877641,-0.003268,0.479303,-0.017159,0.527553,-5.343931,0.001167
670,5.583333,-0.002281,0.877467,-0.003343,0.479620,-0.019938,0.527425,-5.341704,0.001223
671,5.591667,-0.002088,0.877289,-0.003511,0.479945,-0.023080,0.527364,-5.339537,0.001182
672,5.600000,-0.002200,0.877159,-0.003512,0.480182,-0.026037,0.527235,-5.337382,0.001149
673,5.608333,-0.002329,0.876934,-0.003568,0.480592,-0.028807,0.527173,-5.335137,0.001198
674,5.616667,-0.002274,0.876781,-0.003650,0.480870,-0.031944,0.527090,-5.332957,0.001155
675,5.625000,-0.002339,0.876614,-0.003782,0.481174,-0.034922,0.527030,-5.330775,0.001157
676,5.633333,-0.002415,0.876269,-0.003858,0.481801,-0.037681,0.527086,-5.328809,0.000927
677,5.641667,-0.002294,0.876255,-0.004154,0.481825,-0.040613,0.527001,-5.326623,0.000847
678,5.650000,-0.002410,0.875960,-0.004157,0.482360,-0.043782,0.526938,-5.324383,0.000905
679,5.658333,-0.002528,0.875910,-0.004172,0.482451,-0.046366,0.526922,-5.322251,0.000890
680,5.666667,-0.002644,0.875617,-0.004910,0.482975,-0.049676,0.526637,-5.319858,0.001211
681,5.675000,-0.002606,0.875573,-0.005036,0.483052,-0.052495,0.526621,-5.317706,0.001192
682,5.683333,-0.002947,0.875277,-0.005070,0.483586,-0.055448,0.526533,-5.315433,0.001301
683,5.691667,-0.002688,0.875241,-0.005266,0.483650,-0.058450,0.526528,-5.313347,0.001182
684,5.700000,-0.002838,0.874949,-0.005304,0.484178,-0.061584,0.526498,-5.311086,0.001218
685,5.708333,-0.003169,0.874828,-0.005254,0.484395,-0.064090,0.526434,-5.309021,0.001149
686,5.716667,-0.003205,0.874563,-0.005235,0.484873,-0.067208,0.526438,-5.306774,0.001248
687,5.725000,-0.003048,0.874392,-0.005498,0.485180,-0.070457,0.526377,-5.304561,0.001284
688,5.733333,-0.003014,0.874223,-0.005542,0.485484,-0.073436,0.526372,-5.302341,0.001311
689,5.741667,-0.003263,0.874072,-0.005499,0.485754,-0.076247,0.526370,-5.300225,0.001214
690,5.750000,-0.003182,0.873886,-0.005601,0.486088,-0.079274,0.526335,-5.298058,0.001198
691,5.758333,-0.003148,0.873707,-0.005814,0.486407,-0.082437,0.526346,-5.295795,0.001288
692,5.766667,-0.003188,0.873534,-0.005860,0.486718,-0.085464,0.526348,-5.293640,0.001304
693,5.775000,-0.003122,0.873469,-0.006024,0.486833,-0.088214,0.526340,-5.291519,0.001285
694,5.783333,-0.003371,0.873190,-0.005888,0.487332,-0.091339,0.526328,-5.289403,0.001219
695,5.791667,-0.003299,0.872996,-0.005999,0.487679,-0.094361,0.526333,-5.287271,0.001253
696,5.800000,-0.003192,0.872870,-0.006144,0.487904,-0.097564,0.526352,-5.284965,0.001305
697,5.808333,-0.003290,0.872663,-0.006194,0.488272,-0.100557,0.526337,-5.282764,0.001330
698,5.816667,-0.003285,0.872490,-0.006253,0.488582,-0.103628,0.526366,-5.280620,0.001295
699,5.825000,-0.003468,0.872336,-0.006190,0.488855,-0.106483,0.526376,-5.278496,0.001250
700,5.833333,-0.003445,0.872161,-0.006214,0.489167,-0.109505,0.526428,-5.276385,0.001244
701,5.841667,-0.003356,0.871962,-0.006365,0.489521,-0.112694,0.526431,-5.274130,0.001307
702,5.850000,-0.003441,0.871955,-0.006353,0.489533,-0.115427,0.526483,-5.272080,0.001142
703,5.858333,-0.003553,0.871616,-0.006327,0.490136,-0.118650,0.526475,-5.269916,0.001239
704,5.866667,-0.003553,0.871475,-0.006356,0.490387,-0.121767,0.526522,-5.267745,0.001241
705,5.875000,-0.003434,0.871307,-0.006428,0.490684,-0.124991,0.526582,-5.265495,0.001322
706,5.883333,-0.003399,0.871183,-0.006499,0.490903,-0.127910,0.526596,-5.263454,0.001245
707,5.891667,-0.003392,0.871048,-0.006442,0.491144,-0.131006,0.526664,-5.261296,0.001272
708,5.900000,-0.003607,0.870929,-0.006420,0.491353,-0.133876,0.526684,-5.259188,0.001142
709,5.908333,-0.003918,0.870461,-0.006205,0.492182,-0.136615,0.526667,-5.257260,0.000842
710,5.916667,-0.003721,0.870473,-0.006294,0.492162,-0.140220,0.526750,-5.254843,0.001230
711,5.925000,-0.003626,0.870224,-0.006327,0.492602,-0.143550,0.526785,-5.252681,0.001315
712,5.933333,-0.003641,0.870186,-0.006291,0.492670,-0.146267,0.526793,-5.250636,0.001120
713,5.941667,-0.003820,0.869918,-0.006137,0.493143,-0.149534,0.526860,-5.248472,0.001217
714,5.950000,-0.003849,0.869729,-0.006080,0.493478,-0.152685,0.526936,-5.246393,0.001210
715,5.958333,-0.003755,0.869713,-0.006236,0.493505,-0.155589,0.526964,-5.244267,0.001122
716,5.966667,-0.003806,0.869524,-0.006086,0.493838,-0.158703,0.527045,-5.242179,0.001114
717,5.975000,-0.003827,0.869357,-0.006100,0.494132,-0.161785,0.527070,-5.240031,0.001111
718,5.983333,-0.003884,0.869188,-0.006064,0.494430,-0.164939,0.527095,-5.237901,0.001124
719,5.991667,-0.004100,0.868902,-0.005898,0.494933,-0.168191,0.527139,-5.235784,0.001246
720,6.000000,-0.003806,0.868700,-0.005205,0.495297,-0.171421,0.527386,-5.233947,0.000974
721,6.008333,-0.003638,0.868666,-0.005248,0.495357,-0.174363,0.527515,-5.231935,0.000768
722,6.016667,-0.003756,0.868524,-0.005086,0.495606,-0.177449,0.527539,-5.229777,0.000748
723,6.025000,-0.003825,0.868376,-0.005218,0.495865,-0.180564,0.527565,-5.227648,0.000860
724,6.033333,-0.003741,0.868116,-0.004997,0.496323,-0.183751,0.527636,-5.225661,0.000769
725,6.041667,-0.003929,0.867924,-0.004857,0.496658,-0.187115,0.527625,-5.223450,0.000836
726,6.050000,-0.003787,0.867776,-0.004916,0.496917,-0.190069,0.527667,-5.221478,0.000844
727,6.058333,-0.003875,0.867493,-0.004720,0.497412,-0.193425,0.527746,-5.219318,0.000842
728,6.066667,-0.003841,0.867437,-0.004851,0.497508,-0.196344,0.527682,-5.217261,0.000890
729,6.075000,-0.003903,0.867118,-0.004713,0.498065,-0.199800,0.527757,-5.215170,0.000789
730,6.083333,-0.003665,0.867082,-0.004726,0.498129,-0.203033,0.527833,-5.213030,0.000865
731,6.091667,-0.003857,0.866905,-0.004588,0.498438,-0.205771,0.527811,-5.211078,0.000827
732,6.100000,-0.003926,0.866698,-0.004498,0.498797,-0.209040,0.527814,-5.208975,0.000677
733,6.108333,-0.003755,0.866649,-0.004753,0.498882,-0.212694,0.527824,-5.206720,0.000944
734,6.116667,-0.003952,0.866338,-0.004367,0.499423,-0.215260,0.527853,-5.204797,0.000783
735,6.125000,-0.004018,0.866013,-0.004224,0.499988,-0.218630,0.527894,-5.202680,0.000876
736,6.133333,-0.004666,0.865507,-0.004753,0.500853,-0.221657,0.527458,-5.200428,0.001316
737,6.141667,-0.004031,0.865677,-0.004052,0.500571,-0.224971,0.527925,-5.198571,0.000843
738,6.150000,-0.003962,0.865440,-0.004238,0.500979,-0.228312,0.527885,-5.196420,0.000955
739,6.158333,-0.003963,0.865454,-0.004076,0.500956,-0.231014,0.527871,-5.194477,0.000824
740,6.166667,-0.004045,0.865069,-0.004020,0.501621,-0.234449,0.527853,-5.192364,0.000775
741,6.175000,-0.003742,0.865107,-0.004159,0.501556,-0.237614,0.527865,-5.190289,0.000817
742,6.183333,-0.004106,0.864874,-0.004611,0.501950,-0.240565,0.527648,-5.188066,0.001098
743,6.191667,-0.003740,0.864657,-0.004107,0.502332,-0.243771,0.527750,-5.186194,0.000769
744,6.200000,-0.003838,0.864511,-0.003880,0.502584,-0.246849,0.527832,-5.184202,0.000822
745,6.208333,-0.003908,0.864119,-0.003716,0.503259,-0.250305,0.527821,-5.182062,0.000866
746,6.216667,-0.003709,0.864121,-0.003920,0.503256,-0.253434,0.527824,-5.179983,0.000928
747,6.225000,-0.003907,0.863753,-0.003650,0.503886,-0.256631,0.527776,-5.177975,0.000882
748,6.233333,-0.003706,0.863748,-0.003821,0.503896,-0.259562,0.527723,-5.175955,0.000882
749,6.241667,-0.003608,0.863401,-0.003642,0.504492,-0.263078,0.527673,-5.173834,0.000842
750,6.250000,-0.003343,0.863405,-0.003951,0.504486,-0.266153,0.527632,-5.171759,0.000860
751,6.258333,-0.003520,0.863193,-0.003610,0.504850,-0.269163,0.527674,-5.169852,0.000793
752,6.266667,-0.003411,0.862984,-0.003688,0.505207,-0.272516,0.527650,-5.167734,0.000862
753,6.275000,-0.003070,0.862997,-0.003841,0.505184,-0.275966,0.527557,-5.165636,0.000940
754,6.283333,-0.003496,0.862582,-0.003624,0.505892,-0.278660,0.527575,-5.163744,0.000830
755,6.291667,-0.003425,0.862263,-0.003562,0.506437,-0.282352,0.527570,-5.161642,0.000903
756,6.300000,-0.003159,0.862281,-0.003702,0.506407,-0.285321,0.527560,-5.159657,0.000849
757,6.308333,-0.003282,0.862063,-0.003597,0.506777,-0.288261,0.527473,-5.157744,0.000838
758,6.316667,-0.002898,0.862060,-0.003774,0.506785,-0.291961,0.527430,-5.155620,0.000914
759,6.325000,-0.002838,0.861730,-0.003771,0.507345,-0.294880,0.527415,-5.153680,0.000860
760,6.333333,-0.003116,0.861676,-0.003602,0.507437,-0.298157,0.527395,-5.151685,0.001061
761,6.341667,-0.002946,0.861328,-0.003765,0.508026,-0.301127,0.527329,-5.149727,0.000776
762,6.350000,-0.002901,0.861223,-0.003808,0.508204,-0.304533,0.527386,-5.147703,0.000867
763,6.358333,-0.002992,0.860995,-0.003806,0.508591,-0.307699,0.527390,-5.145755,0.001201
764,6.366667,-0.002851,0.860783,-0.003838,0.508950,-0.310901,0.527352,-5.143753,0.000974
765,6.375000,-0.002859,0.860648,-0.003778,0.509179,-0.314037,0.527330,-5.141913,0.000751
766,6.383333,-0.002485,0.860494,-0.004049,0.509439,-0.317330,0.527261,-5.139860,0.000840
767,6.391667,-0.002775,0.860285,-0.003868,0.509792,-0.320369,0.527324,-5.137983,0.000862
768,6.400000,-0.002838,0.860098,-0.003814,0.510106,-0.324081,0.527280,-5.135921,0.000889
769,6.408333,-0.002248,0.859986,-0.004190,0.510295,-0.326938,0.527268,-5.134046,0.000876
770,6.416667,-0.002553,0.859876,-0.004149,0.510480,-0.330392,0.527294,-5.132016,0.000985
771,6.425000,-0.002456,0.859605,-0.004272,0.510935,-0.333375,0.527315,-5.130155,0.000901
772,6.433333,-0.002347,0.859573,-0.004225,0.510989,-0.336580,0.527270,-5.128199,0.001031
773,6.441667,-0.002606,0.859147,-0.004228,0.511705,-0.339837,0.527299,-5.126319,0.000920
774,6.450000,-0.002456,0.858949,-0.004380,0.512036,-0.343230,0.527384,-5.124279,0.001011
775,6.458333,-0.002270,0.859090,-0.004533,0.511800,-0.346280,0.527308,-5.122502,0.000925
776,6.466667,-0.002187,0.858835,-0.004625,0.512228,-0.349427,0.527433,-5.120562,0.000828
777,6.475000,-0.002104,0.858612,-0.004792,0.512600,-0.352654,0.527442,-5.118648,0.000893
778,6.483333,-0.002190,0.858464,-0.004758,0.512847,-0.355701,0.527480,-5.116793,0.000736
779,6.491667,-0.001915,0.858318,-0.004970,0.513090,-0.358875,0.527451,-5.114881,0.000751
780,6.500000,-0.002153,0.858131,-0.004962,0.513402,-0.362065,0.527549,-5.112949,0.000867
781,6.508333,-0.001919,0.857941,-0.005011,0.513720,-0.365416,0.527614,-5.111002,0.000942
782,6.516667,-0.002047,0.857817,-0.005108,0.513926,-0.368482,0.527638,-5.109153,0.000815
783,6.525000,-0.001709,0.857784,-0.005129,0.513981,-0.371937,0.527628,-5.107234,0.000929
784,6.533333,-0.001493,0.857546,-0.005534,0.514375,-0.375109,0.527681,-5.105330,0.000861
785,6.541667,-0.001911,0.857188,-0.005146,0.514975,-0.378423,0.527799,-5.103451,0.000778
786,6.550000,-0.001642,0.857229,-0.005580,0.514902,-0.381514,0.527845,-5.101540,0.000889
787,6.558333,-0.001842,0.857056,-0.005447,0.515191,-0.384488,0.527949,-5.099669,0.000837
788,6.566667,-0.001506,0.857020,-0.005591,0.515250,-0.388279,0.527990,-5.097728,0.000896
789,6.575000,-0.001437,0.856721,-0.005658,0.515747,-0.391209,0.528042,-5.095863,0.000846
790,6.583333,-0.001534,0.856528,-0.005536,0.516069,-0.394230,0.528108,-5.094013,0.000871
791,6.591667,-0.001394,0.856381,-0.005606,0.516313,-0.397485,0.528114,-5.092116,0.000738
792,6.600000,-0.000975,0.856274,-0.005751,0.516490,-0.400829,0.528200,-5.090219,0.000857
793,6.608333,-0.001282,0.856064,-0.005594,0.516837,-0.404023,0.528300,-5.088326,0.000747
794,6.616667,-0.001152,0.855857,-0.005741,0.517179,-0.407295,0.528394,-5.086378,0.000857
795,6.625000,-0.001110,0.855711,-0.005651,0.517422,-0.410528,0.528462,-5.084554,0.000768
796,6.633333,-0.001148,0.855535,-0.005652,0.517713,-0.413696,0.528549,-5.082617,0.000738
797,6.641667,-0.001045,0.855375,-0.005571,0.517978,-0.416889,0.528623,-5.080709,0.000826
798,6.650000,-0.000888,0.855319,-0.005703,0.518070,-0.420321,0.528749,-5.078789,0.000844
799,6.658333,-0.000816,0.855086,-0.005661,0.518455,-0.423614,0.528798,-5.076874,0.000839
800,6.666667,-0.000809,0.854885,-0.005502,0.518787,-0.426733,0.528847,-5.075050,0.000753
801,6.675000,-0.000852,0.854709,-0.005471,0.519078,-0.429967,0.528904,-5.073143,0.000719
802,6.683333,-0.000716,0.854566,-0.005429,0.519313,-0.433277,0.528995,-5.071240,0.000747
803,6.691667,-0.000742,0.854439,-0.005398,0.519523,-0.436512,0.529083,-5.069329,0.000789
804,6.700000,-0.000665,0.854239,-0.005263,0.519853,-0.439794,0.529142,-5.067438,0.000709
805,6.708333,-0.000575,0.854069,-0.005211,0.520134,-0.443116,0.529187,-5.065532,0.000747
806,6.716667,-0.000699,0.853866,-0.005108,0.520468,-0.446315,0.529276,-5.063623,0.000848
807,6.725000,-0.000554,0.853710,-0.005069,0.520725,-0.449669,0.529345,-5.061764,0.000716
808,6.733333,-0.000455,0.853655,-0.005111,0.520813,-0.453072,0.529475,-5.059813,0.000880
809,6.741667,-0.000508,0.853370,-0.004877,0.521284,-0.456234,0.529507,-5.057986,0.000705
810,6.750000,-0.000479,0.853202,-0.004760,0.521558,-0.459539,0.529565,-5.056089,0.000736
811,6.758333,-0.000421,0.853022,-0.004709,0.521854,-0.462815,0.529621,-5.054193,0.000709
812,6.766667,-0.000431,0.852853,-0.004633,0.522131,-0.466163,0.529683,-5.052280,0.000746
813,6.775000,-0.000436,0.852728,-0.004603,0.522334,-0.469430,0.529771,-5.050413,0.000783
814,6.783333,-0.000398,0.852592,-0.004534,0.522557,-0.472710,0.529821,-5.048538,0.000765
815,6.791667,-0.000389,0.852347,-0.004400,0.522958,-0.476092,0.529880,-5.046692,0.000736
816,6.800000,-0.000430,0.852176,-0.004276,0.523238,-0.479298,0.529972,-5.044776,0.000833
817,6.808333,-0.000343,0.852016,-0.004258,0.523499,-0.482727,0.530000,-5.042960,0.000706
818,6.816667,-0.000276,0.851899,-0.004280,0.523688,-0.486156,0.530095,-5.041013,0.000837
819,6.825000,-0.000352,0.851769,-0.004228,0.523900,-0.489288,0.530095,-5.039235,0.000767
820,6.833333,-0.000397,0.851641,-0.004042,0.524111,-0.492921,0.530145,-5.037346,0.000873
821,6.841667,-0.000274,0.851359,-0.004144,0.524568,-0.495947,0.530179,-5.035580,0.000749
822,6.850000,-0.000218,0.851168,-0.004068,0.524878,-0.499272,0.530198,-5.033716,0.000736
823,6.858333,-0.000418,0.851210,-0.004122,0.524809,-0.502721,0.530293,-5.031828,0.000887
824,6.866667,-0.000326,0.850902,-0.004127,0.525308,-0.505788,0.530280,-5.030052,0.000758
825,6.875000,-0.000334,0.850706,-0.004124,0.525626,-0.509147,0.530338,-5.028271,0.000745
826,6.883333,-0.000271,0.850530,-0.004075,0.525911,-0.512468,0.530374,-5.026473,0.000716
827,6.891667,-0.000280,0.850347,-0.004122,0.526206,-0.515728,0.530397,-5.024645,0.000731
828,6.900000,-0.000275,0.850222,-0.004121,0.526408,-0.519029,0.530442,-5.022852,0.000729
829,6.908333,-0.000292,0.850017,-0.004212,0.526738,-0.522345,0.530450,-5.021048,0.000737
830,6.916667,-0.000268,0.849912,-0.004316,0.526907,-0.525559,0.530532,-5.019229,0.000793
831,6.925000,-0.000308,0.849703,-0.004307,0.527244,-0.528912,0.530528,-5.017467,0.000748
832,6.933333,-0.000233,0.849534,-0.004359,0.527517,-0.532147,0.530561,-5.015680,0.000744
833,6.941667,-0.000317,0.849432,-0.004467,0.527678,-0.535443,0.530580,-5.013901,0.000766
834,6.950000,-0.000274,0.849241,-0.004521,0.527986,-0.538712,0.530593,-5.012134,0.000748
835,6.958333,-0.000237,0.849100,-0.004668,0.528212,-0.542005,0.530565,-5.010327,0.000767
836,6.966667,-0.000189,0.848868,-0.004616,0.528585,-0.545331,0.530565,-5.008613,0.000735
837,6.975000,-0.000166,0.848703,-0.004799,0.528848,-0.548590,0.530560,-5.006829,0.000716
838,6.983333,-0.000280,0.848577,-0.004851,0.529050,-0.551728,0.530582,-5.005005,0.000868
839,6.991667,-0.000043,0.848398,-0.005116,0.529335,-0.555308,0.530578,-5.003223,0.000833
840,7.000000,0.000006,0.848211,-0.005186,0.529633,-0.558561,0.530571,-5.001423,0.000848
841,7.008333,-0.000176,0.848075,-0.005223,0.529851,-0.561626,0.530511,-4.999716,0.000737
842,7.016667,-0.000054,0.847892,-0.005381,0.530141,-0.564937,0.530523,-4.997972,0.000758
843,7.025000,-0.000079,0.847732,-0.005465,0.530396,-0.568156,0.530463,-4.996185,0.000755
844,7.033333,-0.000021,0.847569,-0.005619,0.530655,-0.571462,0.530484,-4.994427,0.000752
845,7.041667,0.000029,0.847397,-0.005737,0.530928,-0.574725,0.530448,-4.992629,0.000754
846,7.050000,0.000004,0.847195,-0.005848,0.531250,-0.577954,0.530396,-4.990849,0.000747
847,7.058333,0.000086,0.847041,-0.006039,0.531494,-0.581271,0.530383,-4.989089,0.000770
848,7.066667,0.000070,0.846845,-0.006077,0.531805,-0.584485,0.530338,-4.987299,0.000748
849,7.075000,0.000175,0.846698,-0.006285,0.532037,-0.587777,0.530291,-4.985530,0.000761
850,7.083333,0.000135,0.846511,-0.006379,0.532332,-0.591038,0.530232,-4.983737,0.000745
851,7.091667,0.000215,0.846341,-0.006494,0.532601,-0.594318,0.530133,-4.981938,0.000748
852,7.100000,0.000138,0.846152,-0.006662,0.532900,-0.597549,0.530100,-4.980174,0.000842
853,7.108333,0.000384,0.846018,-0.006836,0.533110,-0.601033,0.530059,-4.978361,0.000853
854,7.116667,0.000394,0.845842,-0.007015,0.533387,-0.604298,0.530005,-4.976615,0.000854
855,7.125000,0.000340,0.845648,-0.006979,0.533695,-0.607465,0.529909,-4.974879,0.000738
856,7.133333,0.000413,0.845447,-0.007108,0.534013,-0.610715,0.529801,-4.973074,0.000747
857,7.141667,0.000392,0.845293,-0.007219,0.534254,-0.614052,0.529750,-4.971302,0.000747
858,7.150000,0.000412,0.845127,-0.007316,0.534516,-0.617273,0.529652,-4.969513,0.000752
859,7.158333,0.000457,0.844930,-0.007456,0.534824,-0.620601,0.529569,-4.967727,0.000775
860,7.166667,0.000482,0.844804,-0.007452,0.535024,-0.623765,0.529499,-4.965920,0.000797
861,7.175000,0.000491,0.844571,-0.007609,0.535389,-0.627151,0.529410,-4.964186,0.000750
862,7.183333,0.000442,0.844429,-0.007644,0.535612,-0.630452,0.529361,-4.962401,0.000739
863,7.191667,0.000475,0.844221,-0.007791,0.535939,-0.633725,0.529264,-4.960666,0.000742
864,7.200000,0.000612,0.844079,-0.007830,0.536162,-0.636987,0.529188,-4.958833,0.000786
865,7.208333,0.000454,0.843900,-0.007935,0.536442,-0.640340,0.529108,-4.957114,0.000765
866,7.216667,0.000543,0.843689,-0.008003,0.536772,-0.643642,0.528999,-4.955329,0.000750
867,7.225000,0.000497,0.843562,-0.008050,0.536971,-0.646987,0.528944,-4.953587,0.000734
868,7.233333,0.000595,0.843369,-0.008136,0.537273,-0.650175,0.528843,-4.951784,0.000800
869,7.241667,0.000472,0.843208,-0.008178,0.537525,-0.653568,0.528762,-4.950070,0.000746
870,7.250000,0.000450,0.843020,-0.008306,0.537818,-0.656842,0.528691,-4.948304,0.000747
871,7.258333,0.000433,0.842822,-0.008382,0.538127,-0.660132,0.528610,-4.946550,0.000765
872,7.266667,0.000465,0.842694,-0.008419,0.538326,-0.663455,0.528502,-4.944812,0.000805
873,7.275000,0.000379,0.842496,-0.008475,0.538635,-0.666759,0.528482,-4.943096,0.000738
874,7.283333,0.000382,0.842367,-0.008509,0.538837,-0.670066,0.528354,-4.941368,0.000797
875,7.291667,0.000302,0.842167,-0.008560,0.539148,-0.673441,0.528302,-4.939661,0.000740
876,7.300000,0.000340,0.842016,-0.008629,0.539383,-0.676656,0.528249,-4.937925,0.000786
877,7.308333,0.000184,0.841822,-0.008682,0.539686,-0.680086,0.528162,-4.936219,0.000744
878,7.316667,0.000201,0.841664,-0.008652,0.539933,-0.683272,0.528147,-4.934514,0.000795
879,7.325000,0.000079,0.841504,-0.008745,0.540180,-0.686703,0.528071,-4.932840,0.000714
880,7.333333,0.000068,0.841348,-0.008701,0.540423,-0.689929,0.528007,-4.931105,0.000805
881,7.341667,-0.000011,0.841168,-0.008750,0.540703,-0.693315,0.527944,-4.929449,0.000726
882,7.350000,-0.000053,0.841021,-0.008793,0.540932,-0.696596,0.527910,-4.927722,0.000777
883,7.358333,-0.000182,0.840850,-0.008777,0.541197,-0.700004,0.527838,-4.926079,0.000736
884,7.366667,-0.000171,0.840671,-0.008759,0.541475,-0.703279,0.527822,-4.924385,0.000770
885,7.375000,-0.000342,0.840529,-0.008785,0.541695,-0.706703,0.527807,-4.922724,0.000726
886,7.383333,-0.000405,0.840335,-0.008768,0.541996,-0.710040,0.527800,-4.921068,0.000701
887,7.391667,-0.000501,0.840181,-0.008794,0.542234,-0.713441,0.527754,-4.919380,0.000742
888,7.400000,-0.000612,0.840016,-0.008771,0.542491,-0.716812,0.527722,-4.917721,0.000729
889,7.408333,-0.000590,0.839840,-0.008700,0.542764,-0.720085,0.527649,-4.916015,0.000794
890,7.416667,-0.000662,0.839696,-0.008654,0.542987,-0.723475,0.527632,-4.914333,0.000792
891,7.425000,-0.000794,0.839504,-0.008606,0.543285,-0.726793,0.527624,-4.912693,0.000759
892,7.433333,-0.000990,0.839340,-0.008571,0.543539,-0.730277,0.527604,-4.911060,0.000712
893,7.441667,-0.001001,0.839266,-0.008440,0.543654,-0.733524,0.527558,-4.909299,0.000813
894,7.450000,-0.001165,0.838978,-0.008512,0.544097,-0.737061,0.527628,-4.907758,0.000726
895,7.458333,-0.001234,0.838931,-0.008254,0.544174,-0.740312,0.527545,-4.905997,0.000830
896,7.466667,-0.001368,0.838711,-0.008228,0.544513,-0.743787,0.527563,-4.904400,0.000768
897,7.475000,-0.001422,0.838561,-0.008167,0.544745,-0.747120,0.527549,-4.902710,0.000847
898,7.483333,-0.001600,0.838385,-0.008094,0.545016,-0.750600,0.527520,-4.901061,0.000794
899,7.491667,-0.001586,0.838195,-0.007908,0.545311,-0.753925,0.527531,-4.899345,0.000899
900,7.500000,-0.001655,0.838045,-0.007894,0.545541,-0.757307,0.527536,-4.897747,0.000857
901,7.508333,-0.001772,0.837850,-0.007717,0.545843,-0.760711,0.527553,-4.896024,0.000920
902,7.516667,-0.001864,0.837681,-0.007611,0.546103,-0.764102,0.527542,-4.894390,0.000927
903,7.525000,-0.001954,0.837494,-0.007495,0.546391,-0.767545,0.527490,-4.892709,0.000947
904,7.533333,-0.002003,0.837319,-0.007350,0.546662,-0.770935,0.527525,-4.891016,0.000940
905,7.541667,-0.002106,0.837125,-0.007270,0.546959,-0.774377,0.527516,-4.889395,0.000977
906,7.550000,-0.002247,0.836914,-0.007177,0.547283,-0.777919,0.527563,-4.887770,0.000896
907,7.558333,-0.002178,0.836785,-0.006985,0.547483,-0.781214,0.527559,-4.886070,0.000976
908,7.566667,-0.002269,0.836574,-0.006813,0.547807,-0.784698,0.527539,-4.884383,0.001017
909,7.575000,-0.002437,0.836373,-0.006754,0.548113,-0.788180,0.527600,-4.882778,0.000936
910,7.583333,-0.002397,0.836207,-0.006528,0.548371,-0.791479,0.527553,-4.881051,0.001003
911,7.591667,-0.002557,0.835997,-0.006465,0.548690,-0.794986,0.527598,-4.879467,0.000985
912,7.600000,-0.002476,0.835837,-0.006249,0.548936,-0.798338,0.527571,-4.877738,0.001030
913,7.608333,-0.002674,0.835624,-0.006176,0.549261,-0.801836,0.527590,-4.876124,0.000999
914,7.616667,-0.002561,0.835467,-0.005996,0.549501,-0.805212,0.527592,-4.874418,0.001056
915,7.625000,-0.002742,0.835253,-0.005940,0.549826,-0.808705,0.527651,-4.872766,0.001020
916,7.633333,-0.002751,0.835068,-0.005761,0.550110,-0.812131,0.527659,-4.871125,0.001029
917,7.641667,-0.002799,0.834929,-0.005518,0.550323,-0.815519,0.527675,-4.869471,0.000909
918,7.650000,-0.002718,0.834751,-0.005348,0.550596,-0.818830,0.527630,-4.867787,0.001024
919,7.658333,-0.002791,0.834347,-0.005410,0.551206,-0.822479,0.527730,-4.866372,0.000804
920,7.666667,-0.002692,0.834174,-0.005157,0.551471,-0.825781,0.527700,-4.864676,0.000891
921,7.675000,-0.002968,0.834241,-0.005023,0.551370,-0.829112,0.527704,-4.862957,0.000750
922,7.683333,-0.002720,0.833835,-0.004882,0.551986,-0.832618,0.527711,-4.861360,0.000886
923,7.691667,-0.002869,0.833642,-0.004889,0.552275,-0.836155,0.527739,-4.859771,0.000790
924,7.700000,-0.002775,0.833485,-0.004632,0.552516,-0.839426,0.527710,-4.858076,0.000898
925,7.708333,-0.002725,0.833288,-0.004581,0.552813,-0.842909,0.527722,-4.856430,0.000875
926,7.716667,-0.002809,0.833159,-0.004398,0.553009,-0.846292,0.527751,-4.854811,0.000885
927,7.725000,-0.002800,0.832935,-0.004307,0.553347,-0.849720,0.527727,-4.853156,0.000867
928,7.733333,-0.002932,0.832791,-0.004266,0.553563,-0.853283,0.527765,-4.851592,0.000796
929,7.741667,-0.002786,0.832629,-0.004057,0.553809,-0.856533,0.527726,-4.849919,0.000870
930,7.750000,-0.002966,0.832442,-0.004109,0.554089,-0.860096,0.527744,-4.848330,0.000788
931,7.758333,-0.002848,0.832271,-0.003868,0.554349,-0.863394,0.527713,-4.846714,0.000890
932,7.766667,-0.003022,0.832310,-0.003869,0.554289,-0.866751,0.527701,-4.845032,0.000770
933,7.775000,-0.002953,0.832201,-0.003726,0.554454,-0.870110,0.527712,-4.843375,0.000811
934,7.783333,-0.003059,0.831955,-0.003726,0.554822,-0.873611,0.527699,-4.841806,0.000772
935,7.791667,-0.002990,0.831826,-0.003577,0.555017,-0.876990,0.527685,-4.840184,0.000827
936,7.800000,-0.003073,0.831634,-0.003569,0.555305,-0.880501,0.527692,-4.838624,0.000757
937,7.808333,-0.003067,0.831486,-0.003508,0.555526,-0.883827,0.527696,-4.837049,0.000827
938,7.816667,-0.003048,0.831289,-0.003518,0.555822,-0.887268,0.527671,-4.835474,0.000823
939,7.825000,-0.003018,0.831148,-0.003463,0.556032,-0.890730,0.527684,-4.833913,0.000820
940,7.833333,-0.003102,0.830958,-0.003436,0.556316,-0.894121,0.527645,-4.832368,0.000829
941,7.841667,-0.003048,0.830777,-0.003449,0.556586,-0.897641,0.527657,-4.830813,0.000821
942,7.850000,-0.003107,0.830587,-0.003426,0.556870,-0.900998,0.527637,-4.829281,0.000842
943,7.858333,-0.003105,0.830399,-0.003514,0.557149,-0.904562,0.527659,-4.827772,0.000760
944,7.866667,-0.003317,0.830119,-0.003367,0.557567,-0.907437,0.527450,-4.826274,0.000790
945,7.875000,-0.002996,0.830071,-0.003424,0.557639,-0.911358,0.527583,-4.824686,0.000854
946,7.883333,-0.002982,0.829873,-0.003534,0.557933,-0.914822,0.527550,-4.823166,0.000815
947,7.891667,-0.003031,0.829746,-0.003501,0.558122,-0.918157,0.527560,-4.821652,0.000832
948,7.900000,-0.002975,0.829510,-0.003596,0.558472,-0.921625,0.527530,-4.820159,0.000828
949,7.908333,-0.002932,0.829380,-0.003581,0.558665,-0.924972,0.527516,-4.818636,0.000836
950,7.916667,-0.002945,0.829174,-0.003635,0.558971,-0.928433,0.527503,-4.817174,0.000793
951,7.925000,-0.002853,0.829007,-0.003672,0.559219,-0.931839,0.527460,-4.815636,0.000823
952,7.933333,-0.002812,0.828794,-0.003784,0.559533,-0.935196,0.527447,-4.814143,0.000829
953,7.941667,-0.002742,0.828643,-0.003806,0.559757,-0.938656,0.527432,-4.812654,0.000823
954,7.950000,-0.002729,0.828456,-0.003870,0.560034,-0.941981,0.527403,-4.811128,0.000823
955,7.958333,-0.002658,0.828288,-0.003920,0.560282,-0.945469,0.527417,-4.809669,0.000804
956,7.966667,-0.002654,0.827896,-0.003992,0.560861,-0.948637,0.527341,-4.808333,0.000453
957,7.975000,-0.002508,0.827907,-0.004067,0.560845,-0.952227,0.527396,-4.806668,0.000793
958,7.983333,-0.002388,0.827742,-0.004159,0.561088,-0.955605,0.527311,-4.805149,0.000810
959,7.991667,-0.002367,0.827527,-0.004236,0.561405,-0.959000,0.527316,-4.803708,0.000811
960,8.000000,-0.002219,0.827347,-0.004334,0.561670,-0.962397,0.527275,-4.802185,0.000816
961,8.008333,-0.002135,0.827167,-0.004423,0.561934,-0.965794,0.527239,-4.800694,0.000798
962,8.016667,-0.002095,0.826981,-0.004458,0.562208,-0.969139,0.527194,-4.799171,0.000812
963,8.025000,-0.001950,0.826812,-0.004477,0.562457,-0.972586,0.527195,-4.797693,0.000785
964,8.033333,-0.001637,0.826547,-0.004778,0.562846,-0.975899,0.527092,-4.796090,0.000964
965,8.041667,-0.001791,0.826425,-0.004632,0.563025,-0.979339,0.527146,-4.794685,0.000805
966,8.050000,-0.001613,0.826243,-0.004708,0.563292,-0.982770,0.527114,-4.793158,0.000800
967,8.058333,-0.001478,0.826044,-0.004746,0.563583,-0.986192,0.527027,-4.791533,0.000993
968,8.066667,-0.001453,0.825902,-0.004801,0.563792,-0.989507,0.527010,-4.790115,0.000801
969,8.075000,-0.001767,0.825565,-0.004531,0.564286,-0.992474,0.526755,-4.788614,0.000816
970,8.083333,-0.001184,0.825562,-0.005064,0.564288,-0.996371,0.526936,-4.786961,0.000976
971,8.091667,-0.001094,0.825388,-0.005001,0.564542,-0.999784,0.526930,-4.785454,0.001010
972,8.100000,-0.000896,0.825187,-0.005110,0.564836,-1.003206,0.526851,-4.783900,0.000995
973,8.108333,-0.000731,0.824956,-0.005273,0.565173,-1.006515,0.526753,-4.782292,0.001159
974,8.116667,-0.000776,0.824814,-0.005113,0.565380,-1.009949,0.526756,-4.780811,0.001048
975,8.125000,-0.000588,0.824654,-0.005156,0.565613,-1.013448,0.526729,-4.779282,0.001008
976,8.133333,-0.000534,0.824468,-0.005196,0.565885,-1.016781,0.526662,-4.777726,0.001052
977,8.141667,-0.000390,0.824203,-0.005173,0.566270,-1.020177,0.526602,-4.776171,0.001141
978,8.150000,-0.000321,0.824088,-0.005137,0.566438,-1.023659,0.526547,-4.774642,0.001069
979,8.158333,-0.000315,0.823901,-0.005150,0.566710,-1.027064,0.526539,-4.773062,0.001081
980,8.166667,-0.000256,0.823734,-0.005099,0.566954,-1.030507,0.526390,-4.771362,0.001259
981,8.175000,-0.000087,0.823530,-0.005107,0.567249,-1.033903,0.526359,-4.769942,0.001109
