Format Version,1.23,Take Name,Take 2021-07-09 18.50.59 AM_001,Take Notes,,Capture Frame Rate,120.000000,Export Frame Rate,120.000000,Capture Start Time,2021-07-09 07.04.38.944 下午,Total Frames in Take,1115,Total Exported Frames,1115,Rotation Type,Quaternion,Length Units,Meters,Coordinate Space,Local

,Type,Rigid Body,Rigid Body,Rigid Body,Rigid Body,Rigid Body,Rigid Body,Rigid Body,Rigid Body
,Name,OASES_USV,OASES_USV,OASES_USV,OASES_USV,OASES_USV,OASES_USV,OASES_USV,OASES_USV
,ID,"D0D601A5E0A211EB1371DA7D1A00CE88","D0D601A5E0A211EB1371DA7D1A00CE88","D0D601A5E0A211EB1371DA7D1A00CE88","D0D601A5E0A211EB1371DA7D1A00CE88","D0D601A5E0A211EB1371DA7D1A00CE88","D0D601A5E0A211EB1371DA7D1A00CE88","D0D601A5E0A211EB1371DA7D1A00CE88","D0D601A5E0A211EB1371DA7D1A00CE88"
,,Rotation,Rotation,Rotation,Rotation,Position,Position,Position,Mean Marker Error
Frame,Time (Seconds),X,Y,Z,W,X,Y,Z,
0,0.000000,0.001576,0.411289,0.001908,-0.911502,1.706787,0.533101,-6.324771,0.001529
1,0.008333,0.001648,0.411349,0.001959,-0.911475,1.706486,0.533086,-6.324314,0.001474
2,0.016667,0.001665,0.411321,0.001997,-0.911487,1.706202,0.533065,-6.323875,0.001510
3,0.025000,0.001707,0.411287,0.002040,-0.911502,1.705914,0.533044,-6.323400,0.001523
4,0.033333,0.001717,0.411300,0.002064,-0.911496,1.705596,0.532989,-6.322934,0.001528
5,0.041667,0.001711,0.411300,0.002087,-0.911496,1.705253,0.532939,-6.322477,0.001528
6,0.050000,0.001662,0.411269,0.002201,-0.911510,1.704892,0.532903,-6.321965,0.001538
7,0.058333,0.001639,0.411295,0.002268,-0.911498,1.704496,0.532858,-6.321442,0.001479
8,0.066667,0.001562,0.411347,0.002311,-0.911475,1.704143,0.532855,-6.320948,0.001477
9,0.075000,0.001531,0.411406,0.002303,-0.911448,1.703721,0.532822,-6.320421,0.001505
10,0.083333,0.001522,0.411424,0.002316,-0.911440,1.703339,0.532781,-6.319841,0.001514
11,0.091667,0.001455,0.411436,0.002304,-0.911435,1.702960,0.532762,-6.319327,0.001525
12,0.100000,0.001397,0.411451,0.002310,-0.911428,1.702572,0.532748,-6.318778,0.001496
13,0.108333,0.001300,0.411433,0.002276,-0.911436,1.702183,0.532747,-6.318201,0.001457
14,0.116667,0.001177,0.411419,0.002259,-0.911443,1.701761,0.532753,-6.317625,0.001459
15,0.125000,0.001070,0.411468,0.002280,-0.911421,1.701317,0.532737,-6.317048,0.001462
16,0.133333,0.001008,0.411504,0.002272,-0.911404,1.700819,0.532723,-6.316452,0.001484
17,0.141667,0.000893,0.411515,0.002249,-0.911400,1.700319,0.532657,-6.315876,0.001494
18,0.150000,0.000752,0.411576,0.002113,-0.911372,1.699798,0.532603,-6.315278,0.001488
19,0.158333,,,,,,,,
20,0.166667,0.000547,0.411551,0.001968,-0.911385,1.698807,0.532519,-6.314056,0.001482
21,0.175000,,,,,,,,
22,0.183333,,,,,,,,
23,0.191667,0.000324,0.411576,0.001849,-0.911373,1.697349,0.532571,-6.312229,0.001501
24,0.200000,0.000224,0.411563,0.001843,-0.911379,1.696821,0.532550,-6.311603,0.001481
25,0.208333,0.000132,0.411628,0.001782,-0.911350,1.696268,0.532499,-6.310938,0.001498
26,0.216667,-0.000016,0.411658,0.001669,-0.911337,1.695685,0.532419,-6.310325,0.001521
27,0.225000,-0.000163,0.411700,0.001612,-0.911318,1.695085,0.532379,-6.309649,0.001549
28,0.233333,-0.000204,0.411733,0.001551,-0.911303,1.694472,0.532331,-6.308993,0.001543
29,0.241667,-0.000265,0.411753,0.001411,-0.911294,1.693873,0.532325,-6.308325,0.001543
30,0.250000,-0.000354,0.411739,0.001434,-0.911301,1.693355,0.532384,-6.307651,0.001523
31,0.258333,-0.000420,0.411696,0.001387,-0.911320,1.692820,0.532405,-6.306961,0.001463
32,0.266667,-0.000548,0.411720,0.001235,-0.911310,1.692259,0.532435,-6.306259,0.001477
33,0.275000,-0.000543,0.411796,0.001131,-0.911275,1.691612,0.532416,-6.305582,0.001502
34,0.283333,-0.000567,0.411813,0.001018,-0.911268,1.690968,0.532375,-6.304866,0.001485
35,0.291667,-0.000698,0.411795,0.000923,-0.911276,1.690323,0.532379,-6.304202,0.001493
36,0.300000,-0.000721,0.411802,0.000846,-0.911273,1.689663,0.532364,-6.303471,0.001504
37,0.308333,-0.000736,0.411872,0.000799,-0.911241,1.689011,0.532370,-6.302734,0.001486
38,0.316667,-0.000781,0.411904,0.000698,-0.911227,1.688381,0.532360,-6.302008,0.001498
39,0.325000,-0.000786,0.411824,0.000527,-0.911263,1.687712,0.532352,-6.301311,0.001486
40,0.333333,-0.000769,0.411805,0.000526,-0.911272,1.687019,0.532339,-6.300593,0.001501
41,0.341667,-0.000749,0.411856,0.000448,-0.911249,1.686326,0.532327,-6.299857,0.001525
42,0.350000,-0.000755,0.411845,0.000410,-0.911253,1.685662,0.532340,-6.299113,0.001471
43,0.358333,-0.000662,0.411858,0.000323,-0.911248,1.684989,0.532332,-6.298385,0.001510
44,0.366667,-0.000609,0.411867,0.000213,-0.911244,1.684265,0.532326,-6.297638,0.001511
45,0.375000,-0.000573,0.411886,0.000278,-0.911235,1.683562,0.532315,-6.296884,0.001505
46,0.383333,-0.000485,0.411881,0.000250,-0.911237,1.682833,0.532288,-6.296110,0.001510
47,0.391667,-0.000412,0.411898,0.000168,-0.911230,1.682091,0.532295,-6.295353,0.001515
48,0.400000,-0.000352,0.412042,-0.000381,-0.911165,1.680926,0.531932,-6.294597,0.001462
49,0.408333,-0.000608,0.411930,-0.000509,-0.911215,1.680069,0.532044,-6.293804,0.001360
50,0.416667,-0.000531,0.411968,-0.000565,-0.911198,1.679323,0.532105,-6.293008,0.001377
51,0.425000,-0.000460,0.412017,-0.000597,-0.911176,1.678596,0.532136,-6.292212,0.001383
52,0.433333,-0.000481,0.412021,-0.000653,-0.911174,1.677859,0.532177,-6.291417,0.001395
53,0.441667,-0.000371,0.411954,-0.000680,-0.911205,1.677053,0.532186,-6.290607,0.001357
54,0.450000,-0.000258,0.411998,-0.000665,-0.911184,1.676286,0.532216,-6.289788,0.001386
55,0.458333,-0.000190,0.412011,-0.000679,-0.911178,1.675488,0.532209,-6.288963,0.001384
56,0.466667,-0.000094,0.412035,-0.000726,-0.911168,1.674668,0.532185,-6.288149,0.001375
57,0.475000,0.000041,0.412038,-0.000649,-0.911167,1.673803,0.532185,-6.287318,0.001378
58,0.483333,0.000066,0.412005,-0.000703,-0.911182,1.673020,0.532250,-6.286523,0.001368
59,0.491667,0.000186,0.412099,-0.000685,-0.911139,1.672262,0.532293,-6.285686,0.001354
60,0.500000,0.000240,0.412118,-0.000686,-0.911130,1.671484,0.532377,-6.284842,0.001377
61,0.508333,0.000404,0.412117,-0.000711,-0.911131,1.670694,0.532421,-6.284001,0.001375
62,0.516667,0.000547,0.412114,-0.000661,-0.911132,1.669900,0.532445,-6.283170,0.001355
63,0.525000,0.000580,0.412137,-0.000592,-0.911121,1.669003,0.532443,-6.282319,0.001373
64,0.533333,0.000709,0.412139,-0.000567,-0.911120,1.668164,0.532441,-6.281453,0.001381
65,0.541667,0.000716,0.412232,-0.000432,-0.911078,1.667331,0.532439,-6.280622,0.001375
66,0.550000,0.000799,0.412240,-0.000441,-0.911075,1.666455,0.532482,-6.279737,0.001341
67,0.558333,0.000923,0.412291,-0.000387,-0.911052,1.665585,0.532518,-6.278869,0.001386
68,0.566667,0.000968,0.412311,-0.000395,-0.911043,1.664775,0.532601,-6.277981,0.001374
69,0.575000,0.001070,0.412326,-0.000385,-0.911036,1.663946,0.532683,-6.277111,0.001314
70,0.583333,0.001198,0.412263,-0.000290,-0.911064,1.663077,0.532729,-6.276199,0.001367
71,0.591667,0.001266,0.412303,-0.000318,-0.911046,1.662219,0.532747,-6.275290,0.001357
72,0.600000,0.001330,0.412328,-0.000331,-0.911035,1.661324,0.532763,-6.274394,0.001351
73,0.608333,0.001382,0.412314,-0.000229,-0.911041,1.660432,0.532768,-6.273501,0.001387
74,0.616667,0.001434,0.412297,-0.000214,-0.911048,1.659529,0.532808,-6.272567,0.001371
75,0.625000,0.001774,0.412434,-0.000277,-0.910986,1.658646,0.532929,-6.271627,0.001382
76,0.633333,0.001750,0.412498,-0.000229,-0.910957,1.657717,0.532993,-6.270685,0.001400
77,0.641667,0.001852,0.412593,-0.000196,-0.910914,1.656764,0.533001,-6.269778,0.001401
78,0.650000,0.001947,0.412554,-0.000153,-0.910931,1.655875,0.533029,-6.268847,0.001381
79,0.658333,0.001940,0.412571,-0.000085,-0.910923,1.654919,0.533101,-6.267913,0.001395
80,0.666667,0.002034,0.412614,-0.000043,-0.910904,1.653976,0.533118,-6.266965,0.001372
81,0.675000,0.002083,0.412632,-0.000082,-0.910896,1.653061,0.533130,-6.266030,0.001330
82,0.683333,0.002126,0.412725,-0.000026,-0.910853,1.652099,0.533175,-6.265073,0.001401
83,0.691667,0.002178,0.412731,0.000028,-0.910851,1.651163,0.533209,-6.264114,0.001361
84,0.700000,0.002201,0.412753,0.000004,-0.910840,1.650255,0.533263,-6.263138,0.001352
85,0.708333,0.002240,0.412832,0.000092,-0.910804,1.649288,0.533306,-6.262187,0.001372
86,0.716667,0.002245,0.412842,0.000035,-0.910800,1.648294,0.533300,-6.261209,0.001371
87,0.725000,0.002315,0.412947,0.000044,-0.910752,1.647338,0.533325,-6.260231,0.001376
88,0.733333,0.002309,0.412945,0.000136,-0.910753,1.646321,0.533357,-6.259212,0.001381
89,0.741667,0.002316,0.412932,0.000075,-0.910759,1.645320,0.533339,-6.258245,0.001401
90,0.750000,0.002310,0.413042,0.000091,-0.910709,1.644328,0.533369,-6.257253,0.001352
91,0.758333,0.002262,0.413152,0.000171,-0.910659,1.643325,0.533424,-6.256229,0.001408
92,0.766667,0.002274,0.413179,0.000194,-0.910647,1.642343,0.533470,-6.255229,0.001376
93,0.775000,0.002283,0.413238,0.000203,-0.910620,1.641364,0.533487,-6.254208,0.001374
94,0.783333,0.002188,0.413305,0.000215,-0.910590,1.640358,0.533528,-6.253220,0.001360
95,0.791667,0.002227,0.413334,0.000246,-0.910577,1.639355,0.533538,-6.252177,0.001339
96,0.800000,0.002188,0.413393,0.000212,-0.910550,1.638339,0.533554,-6.251173,0.001361
97,0.808333,0.002219,0.413477,0.000219,-0.910512,1.637275,0.533558,-6.250142,0.001408
98,0.816667,0.002240,0.413531,0.000184,-0.910488,1.636238,0.533521,-6.249096,0.001380
99,0.825000,0.002096,0.413522,0.000217,-0.910492,1.635246,0.533582,-6.248088,0.001374
100,0.833333,0.002133,0.413670,0.000242,-0.910424,1.634174,0.533571,-6.247045,0.001401
101,0.841667,0.002118,0.413676,0.000175,-0.910422,1.633156,0.533558,-6.246020,0.001362
102,0.850000,0.002059,0.413732,0.000226,-0.910397,1.632072,0.533573,-6.244991,0.001385
103,0.858333,0.002057,0.413783,0.000224,-0.910373,1.630956,0.533529,-6.243943,0.001361
104,0.866667,0.001998,0.413895,0.000263,-0.910323,1.629950,0.533510,-6.242907,0.001353
105,0.875000,0.002011,0.413975,0.000258,-0.910286,1.628821,0.533533,-6.241818,0.001373
106,0.883333,0.001959,0.413966,0.000258,-0.910290,1.627770,0.533512,-6.240776,0.001394
107,0.891667,0.001912,0.414087,0.000234,-0.910235,1.626677,0.533525,-6.239712,0.001386
108,0.900000,0.001832,0.414145,0.000217,-0.910209,1.625616,0.533539,-6.238646,0.001399
109,0.908333,0.001854,0.414203,0.000174,-0.910183,1.624513,0.533535,-6.237569,0.001373
110,0.916667,0.001797,0.414261,0.000192,-0.910156,1.623428,0.533525,-6.236516,0.001393
111,0.925000,0.001788,0.414300,0.000178,-0.910139,1.622290,0.533503,-6.235450,0.001397
112,0.933333,0.001752,0.414397,0.000195,-0.910095,1.621168,0.533474,-6.234357,0.001406
113,0.941667,0.001692,0.414398,0.000164,-0.910094,1.620124,0.533463,-6.233318,0.001349
114,0.950000,0.001758,0.414557,0.000193,-0.910021,1.618976,0.533446,-6.232203,0.001377
115,0.958333,0.001659,0.414531,0.000193,-0.910034,1.617844,0.533428,-6.231114,0.001357
116,0.966667,0.001731,0.414635,0.000139,-0.909986,1.616669,0.533376,-6.230050,0.001339
117,0.975000,0.001659,0.414707,0.000141,-0.909954,1.615558,0.533354,-6.228973,0.001393
118,0.983333,0.001656,0.414744,0.000121,-0.909937,1.614413,0.533340,-6.227871,0.001391
119,0.991667,0.001651,0.414789,0.000110,-0.909916,1.613219,0.533322,-6.226774,0.001379
120,1.000000,0.001648,0.414877,0.000105,-0.909876,1.612090,0.533309,-6.225703,0.001400
121,1.008333,0.001682,0.414932,0.000102,-0.909851,1.610944,0.533289,-6.224609,0.001390
122,1.016667,0.001613,0.415016,0.000177,-0.909813,1.609796,0.533280,-6.223517,0.001395
123,1.025000,0.001624,0.415121,0.000174,-0.909765,1.608631,0.533272,-6.222413,0.001367
124,1.033333,0.001641,0.415124,0.000174,-0.909763,1.607412,0.533201,-6.221272,0.001373
125,1.041667,0.001661,0.415203,0.000165,-0.909727,1.606206,0.533162,-6.220210,0.001388
126,1.050000,0.001671,0.415256,0.000188,-0.909703,1.604980,0.533094,-6.219066,0.001394
127,1.058333,0.001654,0.415315,0.000186,-0.909676,1.603838,0.533096,-6.217956,0.001394
128,1.066667,0.001713,0.415398,0.000212,-0.909638,1.602660,0.533084,-6.216846,0.001378
129,1.075000,0.001701,0.415403,0.000181,-0.909636,1.601471,0.533066,-6.215734,0.001352
130,1.083333,0.001692,0.415532,0.000210,-0.909577,1.600314,0.533054,-6.214612,0.001389
131,1.091667,0.001661,0.415563,0.000282,-0.909563,1.599102,0.533035,-6.213453,0.001385
132,1.100000,0.001725,0.415642,0.000302,-0.909527,1.597930,0.532998,-6.212339,0.001353
133,1.108333,0.001735,0.415708,0.000289,-0.909496,1.596739,0.532978,-6.211214,0.001373
134,1.116667,0.001732,0.415791,0.000356,-0.909459,1.595577,0.532993,-6.210063,0.001381
135,1.125000,0.001716,0.415888,0.000303,-0.909414,1.594354,0.532942,-6.208918,0.001360
136,1.133333,0.001835,0.415955,0.000366,-0.909383,1.593130,0.532906,-6.207777,0.001403
137,1.141667,0.001798,0.415985,0.000406,-0.909370,1.591886,0.532889,-6.206652,0.001386
138,1.150000,0.001897,0.416019,0.000465,-0.909354,1.590636,0.532827,-6.205482,0.001375
139,1.158333,0.001853,0.416130,0.000469,-0.909303,1.589414,0.532817,-6.204329,0.001402
140,1.166667,0.001820,0.416209,0.000608,-0.909267,1.588198,0.532785,-6.203171,0.001333
141,1.175000,0.001845,0.416286,0.000674,-0.909232,1.586955,0.532787,-6.202013,0.001352
142,1.183333,0.001820,0.416323,0.000692,-0.909215,1.585718,0.532745,-6.200861,0.001344
143,1.191667,0.001946,0.416389,0.000720,-0.909184,1.584482,0.532727,-6.199689,0.001372
144,1.200000,0.001853,0.416443,0.000792,-0.909160,1.583259,0.532732,-6.198510,0.001365
145,1.208333,0.001921,0.416495,0.000798,-0.909136,1.581993,0.532684,-6.197316,0.001338
146,1.216667,0.001921,0.416559,0.000849,-0.909106,1.580741,0.532670,-6.196167,0.001371
147,1.225000,0.002040,0.416649,0.000892,-0.909065,1.579491,0.532612,-6.194988,0.001368
148,1.233333,0.001984,0.416731,0.001007,-0.909027,1.578236,0.532612,-6.193788,0.001381
149,1.241667,0.001989,0.416856,0.001120,-0.908970,1.576963,0.532566,-6.192607,0.001368
150,1.250000,0.001982,0.416874,0.001116,-0.908961,1.575748,0.532563,-6.191414,0.001336
151,1.258333,0.001979,0.417008,0.001212,-0.908900,1.574533,0.532577,-6.190197,0.001393
152,1.266667,0.001995,0.417025,0.001256,-0.908892,1.573333,0.532591,-6.189023,0.001371
153,1.275000,0.002020,0.417131,0.001344,-0.908843,1.572076,0.532578,-6.187783,0.001369
154,1.283333,0.002048,0.417081,0.001319,-0.908866,1.570761,0.532513,-6.186580,0.001308
155,1.291667,0.002042,0.417224,0.001434,-0.908800,1.569518,0.532516,-6.185351,0.001367
156,1.300000,0.002087,0.417329,0.001443,-0.908752,1.568186,0.532470,-6.184162,0.001413
157,1.308333,0.002071,0.417376,0.001549,-0.908730,1.566857,0.532388,-6.182926,0.001340
158,1.316667,0.002097,0.417480,0.001654,-0.908682,1.565594,0.532402,-6.181762,0.001391
159,1.325000,0.002028,0.417543,0.001707,-0.908653,1.564286,0.532385,-6.180520,0.001352
160,1.333333,0.002072,0.417671,0.001741,-0.908594,1.562996,0.532406,-6.179304,0.001367
161,1.341667,0.002056,0.417751,0.001791,-0.908558,1.561691,0.532418,-6.178075,0.001371
162,1.350000,0.002079,0.417754,0.001782,-0.908556,1.560407,0.532407,-6.176828,0.001366
163,1.358333,0.002136,0.417805,0.001813,-0.908533,1.559036,0.532378,-6.175568,0.001340
164,1.366667,0.002054,0.417992,0.001842,-0.908446,1.557804,0.532400,-6.174372,0.001375
165,1.375000,0.002024,0.418048,0.001955,-0.908421,1.556437,0.532384,-6.173147,0.001389
166,1.383333,0.002083,0.418099,0.001941,-0.908397,1.555101,0.532340,-6.171913,0.001352
167,1.391667,0.002147,0.418198,0.001958,-0.908351,1.553724,0.532312,-6.170627,0.001364
168,1.400000,0.002082,0.418250,0.001990,-0.908327,1.552427,0.532317,-6.169425,0.001343
169,1.408333,0.002106,0.418392,0.001985,-0.908262,1.551089,0.532304,-6.168177,0.001359
170,1.416667,0.002075,0.418389,0.001971,-0.908264,1.549764,0.532285,-6.166911,0.001333
171,1.425000,0.002140,0.418558,0.001924,-0.908185,1.548415,0.532285,-6.165680,0.001377
172,1.433333,0.002037,0.418582,0.001988,-0.908175,1.547104,0.532301,-6.164454,0.001372
173,1.441667,0.002098,0.418693,0.001940,-0.908123,1.545714,0.532288,-6.163189,0.001353
174,1.450000,0.002083,0.418783,0.001979,-0.908082,1.544394,0.532265,-6.161954,0.001362
175,1.458333,0.002032,0.418966,0.002003,-0.907997,1.543017,0.532309,-6.160689,0.001357
176,1.466667,0.002069,0.419008,0.001927,-0.907978,1.541567,0.532217,-6.159446,0.001348
177,1.475000,0.002127,0.419103,0.001875,-0.907934,1.540130,0.532185,-6.158201,0.001375
178,1.483333,0.002120,0.419148,0.001798,-0.907914,1.538704,0.532149,-6.156931,0.001328
179,1.491667,0.002154,0.419248,0.001800,-0.907867,1.537310,0.532163,-6.155676,0.001367
180,1.500000,0.002082,0.419371,0.001702,-0.907811,1.535900,0.532165,-6.154444,0.001349
181,1.508333,0.002131,0.419419,0.001679,-0.907789,1.534592,0.532218,-6.153197,0.001355
182,1.516667,0.002107,0.419575,0.001637,-0.907717,1.533198,0.532246,-6.151932,0.001349
183,1.525000,0.002056,0.419669,0.001615,-0.907673,1.531813,0.532260,-6.150675,0.001335
184,1.533333,0.002111,0.419765,0.001553,-0.907629,1.530386,0.532226,-6.149415,0.001371
185,1.541667,0.002135,0.419867,0.001385,-0.907582,1.528966,0.532167,-6.148174,0.001336
186,1.550000,0.002131,0.419946,0.001383,-0.907546,1.527470,0.532120,-6.146876,0.001380
187,1.558333,0.002150,0.420007,0.001292,-0.907518,1.525965,0.532039,-6.145640,0.001330
188,1.566667,0.002000,0.420080,0.001177,-0.907484,1.524618,0.531966,-6.144368,0.001375
189,1.575000,0.002124,0.420217,0.001168,-0.907420,1.523183,0.532049,-6.143087,0.001362
190,1.583333,0.002107,0.420434,0.001097,-0.907320,1.521817,0.532082,-6.141849,0.001348
191,1.591667,0.002042,0.420498,0.001049,-0.907291,1.520406,0.532125,-6.140584,0.001337
192,1.600000,0.002076,0.420615,0.000950,-0.907237,1.519035,0.532145,-6.139300,0.001369
193,1.608333,0.002119,0.420689,0.000915,-0.907202,1.517551,0.532094,-6.138040,0.001339
194,1.616667,0.002023,0.420838,0.000852,-0.907133,1.516090,0.532066,-6.136743,0.001348
195,1.625000,0.002107,0.420938,0.000721,-0.907087,1.514581,0.532020,-6.135442,0.001310
196,1.633333,0.002071,0.420984,0.000676,-0.907065,1.513139,0.531975,-6.134152,0.001349
197,1.641667,0.002018,0.421033,0.000550,-0.907043,1.511672,0.531855,-6.132808,0.001399
198,1.650000,0.002035,0.421209,0.000546,-0.906961,1.510170,0.531903,-6.131563,0.001341
199,1.658333,0.002056,0.421391,0.000445,-0.906877,1.508766,0.531925,-6.130258,0.001368
200,1.666667,0.001962,0.421456,0.000445,-0.906847,1.507360,0.531973,-6.128938,0.001344
201,1.675000,0.001960,0.421598,0.000395,-0.906781,1.505936,0.531979,-6.127643,0.001344
202,1.683333,0.001907,0.421724,0.000293,-0.906722,1.504465,0.531983,-6.126311,0.001357
203,1.691667,0.001929,0.421793,0.000284,-0.906690,1.502999,0.531917,-6.125011,0.001332
204,1.700000,0.001882,0.421878,0.000254,-0.906651,1.501466,0.531820,-6.123668,0.001347
205,1.708333,0.001903,0.421982,0.000225,-0.906602,1.499997,0.531734,-6.122346,0.001312
206,1.716667,0.001858,0.422143,0.000196,-0.906527,1.498512,0.531740,-6.120987,0.001347
207,1.725000,0.001814,0.422241,0.000159,-0.906482,1.497037,0.531715,-6.119673,0.001346
208,1.733333,0.001799,0.422365,0.000145,-0.906424,1.495623,0.531692,-6.118342,0.001361
209,1.741667,0.001544,0.422383,0.000005,-0.906416,1.494246,0.531645,-6.116978,0.001370
210,1.750000,0.001670,0.422573,0.000082,-0.906328,1.492765,0.531736,-6.115638,0.001327
211,1.758333,0.001630,0.422696,0.000018,-0.906270,1.491295,0.531736,-6.114276,0.001344
212,1.766667,0.001446,0.422766,-0.000116,-0.906238,1.489871,0.531595,-6.112928,0.001404
213,1.775000,0.001577,0.422922,0.000051,-0.906165,1.488263,0.531576,-6.111567,0.001326
214,1.783333,0.001576,0.423024,0.000002,-0.906117,1.486696,0.531493,-6.110164,0.001345
215,1.791667,0.001546,0.423173,0.000036,-0.906048,1.485211,0.531387,-6.108828,0.001324
216,1.800000,0.001450,0.423287,-0.000019,-0.905995,1.483770,0.531404,-6.107449,0.001351
217,1.808333,0.001380,0.423349,0.000017,-0.905966,1.482285,0.531340,-6.106079,0.001364
218,1.816667,0.001296,0.423505,0.000048,-0.905893,1.480787,0.531367,-6.104718,0.001331
219,1.825000,0.001296,0.423660,-0.000005,-0.905820,1.479403,0.531327,-6.103305,0.001329
220,1.833333,0.001205,0.423733,-0.000003,-0.905786,1.477945,0.531348,-6.101971,0.001330
221,1.841667,0.001248,0.423842,-0.000030,-0.905736,1.476492,0.531288,-6.100579,0.001361
222,1.850000,0.001156,0.423944,-0.000018,-0.905688,1.475010,0.531252,-6.099203,0.001359
223,1.858333,0.001176,0.423997,-0.000049,-0.905663,1.473467,0.531147,-6.097795,0.001321
224,1.866667,0.001068,0.424151,0.000089,-0.905591,1.471874,0.531018,-6.096419,0.001320
225,1.875000,0.000909,0.424263,-0.000016,-0.905538,1.470434,0.530892,-6.095063,0.001368
226,1.883333,0.001522,0.424290,0.000454,-0.905525,1.469126,0.531197,-6.093736,0.001452
227,1.891667,0.001015,0.424520,0.000020,-0.905418,1.467380,0.530923,-6.092267,0.001341
228,1.900000,0.000860,0.424538,-0.000044,-0.905410,1.465977,0.530821,-6.090868,0.001379
229,1.908333,0.000943,0.424756,0.000015,-0.905308,1.464446,0.530890,-6.089494,0.001340
230,1.916667,0.000825,0.425026,-0.000433,-0.905181,1.463228,0.530681,-6.088202,0.001250
231,1.925000,0.000853,0.424991,0.000087,-0.905197,1.461396,0.530782,-6.086768,0.001337
232,1.933333,0.000922,0.425131,0.000064,-0.905131,1.459806,0.530668,-6.085357,0.001291
233,1.941667,0.000846,0.425192,0.000129,-0.905103,1.458262,0.530634,-6.083944,0.001343
234,1.950000,0.000900,0.425304,0.000070,-0.905050,1.456684,0.530494,-6.082556,0.001345
235,1.958333,0.000717,0.425538,-0.000446,-0.904940,1.455399,0.530273,-6.081246,0.001196
236,1.966667,0.000631,0.425731,-0.000427,-0.904850,1.453871,0.530257,-6.079894,0.001223
237,1.975000,0.000830,0.425723,0.000100,-0.904853,1.452117,0.530402,-6.078404,0.001360
238,1.983333,0.000797,0.425786,0.000116,-0.904823,1.450631,0.530384,-6.077050,0.001326
239,1.991667,0.000666,0.426085,-0.000452,-0.904683,1.449380,0.530200,-6.075728,0.001206
240,2.000000,0.000620,0.426143,-0.000479,-0.904655,1.447858,0.530163,-6.074345,0.001196
241,2.008333,0.000783,0.426274,-0.000513,-0.904594,1.446301,0.530066,-6.072951,0.001242
242,2.016667,0.000694,0.426183,-0.000091,-0.904637,1.444516,0.530104,-6.071486,0.001378
243,2.025000,0.000470,0.426466,-0.000605,-0.904503,1.443239,0.529832,-6.070173,0.001241
244,2.033333,0.000789,0.426553,0.000062,-0.904462,1.441307,0.530043,-6.068686,0.001337
245,2.041667,0.001364,0.426562,0.000383,-0.904457,1.439948,0.530192,-6.067422,0.001418
246,2.050000,0.000535,0.426810,-0.000622,-0.904341,1.438482,0.529664,-6.066031,0.001249
247,2.058333,0.000731,0.426790,-0.000060,-0.904350,1.436618,0.529811,-6.064580,0.001345
248,2.066667,0.000983,0.426992,-0.000041,-0.904255,1.434993,0.529838,-6.063207,0.001346
249,2.075000,0.000602,0.427131,-0.000798,-0.904189,1.433740,0.529532,-6.061868,0.001221
250,2.083333,0.000002,0.427465,-0.001431,-0.904031,1.431976,0.529259,-6.060625,0.001140
251,2.091667,0.000642,0.427376,-0.000111,-0.904074,1.430166,0.529781,-6.059014,0.001356
252,2.100000,0.000616,0.427468,-0.000161,-0.904030,1.428583,0.529597,-6.057588,0.001361
253,2.108333,0.000638,0.427645,-0.000080,-0.903947,1.427048,0.529538,-6.056175,0.001415
254,2.116667,0.000841,0.427897,-0.000115,-0.903827,1.425316,0.529518,-6.054793,0.001381
255,2.125000,0.000708,0.428018,-0.000127,-0.903770,1.423882,0.529439,-6.053393,0.001443
256,2.133333,0.000896,0.428277,-0.000044,-0.903647,1.422297,0.529518,-6.052019,0.001440
257,2.141667,0.000667,0.428311,-0.000157,-0.903631,1.420812,0.529453,-6.050598,0.001472
258,2.150000,0.000867,0.428526,-0.000104,-0.903529,1.419158,0.529488,-6.049205,0.001430
259,2.158333,0.000987,0.428617,-0.000126,-0.903486,1.417491,0.529427,-6.047795,0.001455
260,2.166667,0.000872,0.428760,-0.000097,-0.903418,1.415905,0.529413,-6.046381,0.001489
261,2.175000,0.000794,0.429100,-0.000646,-0.903257,1.414508,0.529184,-6.045121,0.001334
262,2.183333,0.000805,0.429273,-0.000639,-0.903174,1.412820,0.529083,-6.043680,0.001341
263,2.191667,0.000770,0.429400,-0.000487,-0.903114,1.411237,0.529150,-6.042296,0.001301
264,2.200000,0.000802,0.429259,-0.000170,-0.903181,1.409403,0.529210,-6.040707,0.001507
265,2.208333,0.000685,0.429554,-0.000696,-0.903041,1.408065,0.528968,-6.039421,0.001312
266,2.216667,0.000755,0.429839,-0.000552,-0.902905,1.406355,0.529048,-6.038044,0.001346
267,2.225000,0.001517,0.429732,0.000445,-0.902955,1.404909,0.529464,-6.036645,0.001385
268,2.233333,0.000760,0.430155,-0.000501,-0.902755,1.403091,0.528948,-6.035241,0.001333
269,2.241667,0.000606,0.430120,-0.000657,-0.902771,1.401468,0.528844,-6.033726,0.001361
270,2.250000,0.000819,0.430377,-0.000388,-0.902649,1.399764,0.528961,-6.032334,0.001321
271,2.258333,0.000812,0.430240,0.000010,-0.902714,1.397965,0.529062,-6.030751,0.001545
272,2.266667,0.000772,0.430696,-0.000411,-0.902497,1.396474,0.528917,-6.029488,0.001330
273,2.275000,0.000758,0.430811,-0.000326,-0.902442,1.394814,0.528913,-6.028038,0.001369
274,2.283333,0.000870,0.430783,0.000213,-0.902455,1.392886,0.529040,-6.026471,0.001484
275,2.291667,0.000567,0.431085,-0.000426,-0.902311,1.391646,0.528805,-6.025123,0.001374
276,2.300000,0.000633,0.431405,-0.000144,-0.902158,1.390077,0.529196,-6.023671,0.001389
277,2.308333,0.000810,0.431452,-0.000189,-0.902136,1.388311,0.528969,-6.022244,0.001376
278,2.316667,0.000700,0.431685,-0.000226,-0.902024,1.386764,0.528940,-6.020802,0.001445
279,2.325000,0.000939,0.431793,-0.000071,-0.901972,1.385095,0.529010,-6.019357,0.001337
280,2.333333,0.000803,0.431864,-0.000141,-0.901938,1.383466,0.528977,-6.017874,0.001399
281,2.341667,0.000682,0.431979,0.000053,-0.901884,1.381970,0.529242,-6.016407,0.001387
282,2.350000,0.000496,0.431969,-0.000021,-0.901889,1.380473,0.529216,-6.014929,0.001413
283,2.358333,0.000878,0.431877,0.000394,-0.901932,1.378331,0.529134,-6.013377,0.001573
284,2.366667,0.001801,0.431572,-0.000460,-0.902077,1.377153,0.529159,-6.011986,0.001399
285,2.375000,0.001646,0.431681,-0.000513,-0.902025,1.375641,0.529104,-6.010516,0.001415
286,2.383333,0.001569,0.431823,-0.000468,-0.901957,1.373993,0.529124,-6.009046,0.001375
287,2.391667,0.001235,0.432329,0.000035,-0.901715,1.372339,0.529520,-6.007686,0.001423
288,2.400000,0.001400,0.432220,-0.000147,-0.901767,1.370770,0.529516,-6.006110,0.001471
289,2.408333,0.001282,0.432288,-0.000090,-0.901735,1.368950,0.529110,-6.004702,0.001357
290,2.416667,0.001248,0.432801,0.000269,-0.901489,1.367394,0.529603,-6.003282,0.001468
291,2.425000,0.001263,0.432897,0.000229,-0.901442,1.365679,0.529576,-6.001784,0.001439
292,2.433333,0.001050,0.432976,0.000248,-0.901405,1.364120,0.529540,-6.000293,0.001430
293,2.441667,0.002211,0.432857,0.001342,-0.901459,1.362653,0.530159,-5.998916,0.001508
294,2.450000,0.000515,0.433671,0.000366,-0.901071,1.361073,0.529995,-5.997451,0.001438
295,2.458333,0.001066,0.433482,0.000416,-0.901162,1.359184,0.529678,-5.995870,0.001438
296,2.466667,0.000994,0.433636,0.000446,-0.901088,1.357546,0.529677,-5.994377,0.001430
297,2.475000,0.000992,0.433809,0.000566,-0.901004,1.355909,0.529733,-5.992924,0.001423
298,2.483333,0.001153,0.434058,0.000660,-0.900884,1.354108,0.529813,-5.991463,0.001412
299,2.491667,0.000925,0.434116,0.000650,-0.900856,1.352593,0.529845,-5.989985,0.001444
300,2.500000,0.000989,0.434259,0.000659,-0.900787,1.350925,0.529846,-5.988433,0.001431
301,2.508333,0.001258,0.434403,0.000502,-0.900718,1.349245,0.529925,-5.986907,0.001465
302,2.516667,0.001152,0.434544,0.000634,-0.900650,1.347502,0.529940,-5.985445,0.001418
303,2.525000,0.001182,0.434742,0.000696,-0.900554,1.345863,0.529988,-5.983974,0.001473
304,2.533333,0.001238,0.434854,0.000772,-0.900500,1.344149,0.530041,-5.982507,0.001490
305,2.541667,0.001228,0.435020,0.000764,-0.900420,1.342431,0.530054,-5.980949,0.001476
306,2.550000,0.001247,0.435187,0.000794,-0.900339,1.340772,0.530078,-5.979537,0.001458
307,2.558333,0.000931,0.435368,0.000946,-0.900252,1.339041,0.530040,-5.977993,0.001431
308,2.566667,0.001247,0.435503,0.000793,-0.900186,1.337332,0.530096,-5.976522,0.001466
309,2.575000,0.000962,0.435711,0.000876,-0.900086,1.335615,0.530037,-5.975044,0.001432
310,2.583333,0.000002,0.436230,0.000880,-0.899835,1.334290,0.530541,-5.973647,0.001471
311,2.591667,0.001293,0.435939,0.001531,-0.899974,1.331531,0.530495,-5.972023,0.001438
312,2.600000,0.000038,0.436573,0.000903,-0.899669,1.330865,0.530580,-5.970623,0.001454
313,2.608333,0.000938,0.436444,0.000931,-0.899731,1.328899,0.530162,-5.969063,0.001455
314,2.616667,0.002311,0.436272,0.001907,-0.899810,1.327352,0.530807,-5.967587,0.001496
315,2.625000,0.001158,0.436532,0.001437,-0.899687,1.324867,0.530555,-5.965972,0.001433
316,2.633333,0.001155,0.436672,0.001428,-0.899619,1.323149,0.530596,-5.964432,0.001455
317,2.641667,0.001156,0.436895,0.001482,-0.899511,1.321462,0.530665,-5.962949,0.001455
318,2.650000,0.001083,0.437098,0.001481,-0.899412,1.319755,0.530707,-5.961388,0.001455
319,2.658333,0.000498,0.437653,-0.000271,-0.899144,1.319011,0.530422,-5.959973,0.001528
320,2.666667,0.000915,0.437400,0.001620,-0.899265,1.316272,0.530662,-5.958391,0.001409
321,2.675000,0.001127,0.437543,0.001413,-0.899196,1.314563,0.530730,-5.956824,0.001409
322,2.683333,0.001133,0.437741,0.001521,-0.899099,1.312804,0.530727,-5.955294,0.001413
323,2.691667,0.001222,0.437861,0.001380,-0.899041,1.311089,0.530747,-5.953778,0.001380
324,2.700000,0.001141,0.438055,0.001428,-0.898947,1.309313,0.530791,-5.952267,0.001424
325,2.708333,0.001200,0.438170,0.001398,-0.898890,1.307577,0.530775,-5.950705,0.001359
326,2.716667,0.001101,0.438392,0.001378,-0.898782,1.305815,0.530821,-5.949172,0.001408
327,2.725000,0.000320,0.439048,0.000662,-0.898463,1.305118,0.531018,-5.947781,0.001514
328,2.733333,0.001016,0.438697,0.001517,-0.898633,1.302359,0.530804,-5.946161,0.001330
329,2.741667,0.000084,0.439420,0.000673,-0.898282,1.301603,0.530944,-5.944699,0.001502
330,2.750000,0.001262,0.439002,0.001331,-0.898484,1.298813,0.530815,-5.943024,0.001350
331,2.758333,0.002017,0.439104,0.001884,-0.898432,1.297346,0.531183,-5.941647,0.001512
332,2.766667,0.001004,0.439391,0.001358,-0.898295,1.295367,0.530829,-5.939926,0.001338
333,2.775000,0.001371,0.439717,0.001260,-0.898134,1.293671,0.530988,-5.938402,0.001332
334,2.783333,0.001401,0.439813,0.001187,-0.898088,1.291896,0.531044,-5.936808,0.001291
335,2.791667,0.001207,0.439940,0.001159,-0.898026,1.290247,0.530982,-5.935222,0.001374
336,2.800000,0.001245,0.440104,0.001199,-0.897945,1.288483,0.530940,-5.933673,0.001312
337,2.808333,0.001269,0.440333,0.001104,-0.897833,1.286726,0.530958,-5.932058,0.001332
338,2.816667,0.001233,0.440440,0.001115,-0.897781,1.284955,0.530986,-5.930535,0.001297
339,2.825000,0.001260,0.440606,0.001109,-0.897699,1.283216,0.530952,-5.928943,0.001334
340,2.833333,0.001240,0.440851,0.001042,-0.897579,1.281470,0.530989,-5.927402,0.001319
341,2.841667,0.002100,0.440905,0.001477,-0.897550,1.279945,0.531348,-5.925950,0.001445
342,2.850000,0.001011,0.441228,0.001083,-0.897394,1.278005,0.530995,-5.924289,0.001291
343,2.858333,0.002375,0.441235,0.001334,-0.897388,1.276450,0.531415,-5.922794,0.001448
344,2.866667,0.001721,0.441255,0.000432,-0.897380,1.274687,0.531296,-5.921246,0.001216
345,2.875000,0.001113,0.441734,-0.000169,-0.897146,1.273912,0.531421,-5.919626,0.001280
346,2.883333,0.001845,0.441464,0.000272,-0.897277,1.271277,0.531211,-5.917995,0.001263
347,2.891667,0.002529,0.441588,0.001192,-0.897214,1.269743,0.531635,-5.916549,0.001292
348,2.900000,0.002566,0.441978,0.001089,-0.897022,1.268522,0.531620,-5.914935,0.001344
349,2.908333,0.001898,0.441988,0.000156,-0.897019,1.266028,0.531276,-5.913176,0.001294
350,2.916667,0.001386,0.442557,-0.000280,-0.896739,1.264994,0.531178,-5.911746,0.001295
351,2.925000,0.001232,0.442792,-0.000277,-0.896624,1.263322,0.531499,-5.910072,0.001366
352,2.933333,0.001944,0.442480,0.000006,-0.896776,1.260712,0.531254,-5.908431,0.001261
353,2.941667,0.001467,0.443255,0.001226,-0.896394,1.260000,0.531973,-5.907110,0.001181
354,2.950000,0.001983,0.442921,-0.000062,-0.896558,1.257167,0.531300,-5.905261,0.001249
355,2.958333,0.001552,0.443152,0.000084,-0.896445,1.255371,0.531236,-5.903679,0.001206
356,2.966667,0.001942,0.443252,-0.000175,-0.896395,1.253618,0.531231,-5.902066,0.001219
357,2.975000,0.001974,0.443438,-0.000228,-0.896303,1.251812,0.531212,-5.900490,0.001297
358,2.983333,0.000413,0.444453,-0.002052,-0.895800,1.251396,0.531473,-5.899056,0.001493
359,2.991667,0.001999,0.443795,-0.000241,-0.896126,1.248229,0.531177,-5.897277,0.001230
360,3.000000,0.002584,0.443898,0.000677,-0.896074,1.246628,0.531493,-5.895863,0.001201
361,3.008333,0.000913,0.444688,-0.000623,-0.895685,1.245432,0.531331,-5.894188,0.001361
362,3.016667,,,,,,,,
363,3.025000,0.001514,0.445093,0.000844,-0.895483,1.242147,0.531870,-5.891137,0.001192
364,3.033333,0.001755,0.444818,-0.000257,-0.895620,1.239176,0.531193,-5.889366,0.001150
365,3.041667,0.002951,0.444799,0.000328,-0.895625,1.237690,0.531588,-5.887838,0.001274
366,3.050000,0.001120,0.445549,-0.000832,-0.895257,1.236509,0.531323,-5.886126,0.001382
367,3.058333,0.001635,0.445282,-0.000301,-0.895389,1.233723,0.530994,-5.884500,0.001156
368,3.066667,0.002000,0.445524,-0.000418,-0.895267,1.231871,0.531103,-5.882910,0.001186
369,3.075000,0.001826,0.445664,-0.000483,-0.895198,1.230159,0.531013,-5.881254,0.001202
370,3.083333,0.001809,0.445839,-0.000569,-0.895111,1.228379,0.530990,-5.879622,0.001151
371,3.091667,0.001237,0.446229,-0.000055,-0.894918,1.226389,0.530812,-5.877957,0.001143
372,3.100000,0.001346,0.446437,-0.000099,-0.894814,1.224630,0.530772,-5.876358,0.001119
373,3.108333,0.001621,0.446996,0.000654,-0.894534,1.223982,0.531593,-5.874969,0.001240
374,3.116667,0.001510,0.446717,-0.000284,-0.894674,1.221053,0.530759,-5.873125,0.001137
375,3.125000,0.001061,0.446899,-0.000567,-0.894584,1.219486,0.531264,-5.871617,0.001283
376,3.133333,0.001786,0.447099,-0.000515,-0.894483,1.217530,0.530734,-5.869913,0.001243
377,3.141667,0.000966,0.447309,-0.000588,-0.894379,1.215936,0.531224,-5.868360,0.001244
378,3.150000,0.001563,0.447452,-0.000510,-0.894306,1.213880,0.530805,-5.866721,0.001140
379,3.158333,0.000485,0.447850,-0.000200,-0.894108,1.212142,0.531000,-5.865062,0.001341
380,3.166667,0.001628,0.448335,0.000555,-0.893864,1.211312,0.531616,-5.863704,0.001204
381,3.175000,0.001579,0.448465,0.000464,-0.893799,1.209471,0.531486,-5.862035,0.001185
382,3.183333,0.000793,0.448377,-0.000434,-0.893844,1.206814,0.531111,-5.860289,0.001262
383,3.191667,0.001076,0.449063,0.000747,-0.893499,1.205841,0.531300,-5.858871,0.001148
384,3.200000,0.002140,0.448655,0.000409,-0.893702,1.203214,0.531000,-5.857125,0.001181
385,3.208333,0.000770,0.448931,-0.000355,-0.893566,1.201381,0.530985,-5.855383,0.001266
386,3.216667,0.000781,0.449316,-0.000627,-0.893372,1.199889,0.530742,-5.853801,0.001432
387,3.225000,0.001564,0.449298,-0.000570,-0.893381,1.197758,0.530229,-5.852092,0.001366
388,3.233333,0.000750,0.449746,-0.000581,-0.893156,1.196234,0.530612,-5.850523,0.001423
389,3.241667,0.001429,0.449721,-0.000202,-0.893168,1.193822,0.530397,-5.848855,0.001134
390,3.250000,0.001517,0.450007,-0.000520,-0.893024,1.192301,0.530152,-5.847264,0.001357
391,3.258333,0.000393,0.450428,-0.000377,-0.892812,1.190789,0.530487,-5.845675,0.001360
392,3.266667,0.001537,0.450403,-0.000348,-0.892824,1.188685,0.530076,-5.843973,0.001348
393,3.275000,0.000842,0.450765,-0.000416,-0.892642,1.187073,0.530447,-5.842413,0.001406
394,3.283333,0.001047,0.450935,-0.000262,-0.892556,1.185207,0.530095,-5.840806,0.001340
395,3.291667,0.000277,0.451525,0.000546,-0.892259,1.183788,0.530818,-5.839153,0.001342
396,3.300000,0.000930,0.451418,-0.000254,-0.892312,1.181656,0.530396,-5.837522,0.001434
397,3.308333,-0.000082,0.451939,-0.001148,-0.892048,1.180256,0.530599,-5.835931,0.001594
398,3.316667,0.001724,0.451619,-0.000056,-0.892209,1.177709,0.529974,-5.834233,0.001411
399,3.325000,0.000905,0.452109,0.000006,-0.891962,1.176278,0.530361,-5.832668,0.001421
400,3.333333,0.001746,0.452090,0.000009,-0.891970,1.174144,0.529926,-5.831016,0.001373
401,3.341667,0.000458,0.452764,-0.001036,-0.891630,1.173051,0.530615,-5.829445,0.001640
402,3.350000,0.001365,0.452646,-0.000706,-0.891689,1.170839,0.530166,-5.827774,0.001565
403,3.358333,0.001942,0.452757,0.000144,-0.891632,1.168675,0.529912,-5.826137,0.001380
404,3.366667,0.001237,0.453138,-0.000551,-0.891439,1.167163,0.530090,-5.824554,0.001551
405,3.375000,0.001283,0.453292,0.000215,-0.891361,1.165261,0.530243,-5.822926,0.001419
406,3.383333,0.001460,0.453549,0.000101,-0.891230,1.163452,0.530171,-5.821319,0.001427
407,3.391667,0.001398,0.453916,0.000535,-0.891043,1.161806,0.530291,-5.819890,0.001373
408,3.400000,0.002492,0.453989,0.000394,-0.891004,1.159879,0.530084,-5.818249,0.001362
409,3.408333,0.001604,0.454251,0.000118,-0.890872,1.157997,0.530215,-5.816531,0.001432
410,3.416667,,,,,,,,
411,3.425000,0.001715,0.454663,0.000232,-0.890662,1.154260,0.530183,-5.813282,0.001380
412,3.433333,0.001742,0.454976,0.000230,-0.890502,1.152504,0.530247,-5.811668,0.001396
413,3.441667,0.001603,0.455141,0.000269,-0.890418,1.150557,0.530122,-5.810077,0.001401
414,3.450000,0.001922,0.455298,0.000142,-0.890337,1.148696,0.530194,-5.808429,0.001391
415,3.458333,0.002864,0.455353,0.000117,-0.890306,1.146574,0.529787,-5.806709,0.001396
416,3.466667,0.001772,0.455812,0.000228,-0.890074,1.144965,0.530172,-5.805196,0.001386
417,3.475000,0.002154,0.456035,0.000137,-0.889959,1.143137,0.530252,-5.803555,0.001423
418,3.483333,0.002543,0.456382,0.000839,-0.889780,1.141345,0.530250,-5.801885,0.001412
419,3.491667,0.001935,0.456576,0.000139,-0.889682,1.139465,0.530254,-5.800349,0.001358
420,3.500000,0.002658,0.456808,0.000725,-0.889561,1.137640,0.530294,-5.798655,0.001411
421,3.508333,0.002387,0.456936,-0.000055,-0.889496,1.135741,0.530333,-5.797104,0.001441
422,3.516667,0.001339,0.457772,-0.000336,-0.889069,1.134676,0.530994,-5.795544,0.001540
423,3.525000,0.003306,0.457242,-0.000097,-0.889336,1.131693,0.529938,-5.793792,0.001396
424,3.533333,0.002561,0.457720,-0.000098,-0.889093,1.130113,0.530364,-5.792234,0.001405
425,3.541667,0.003406,0.457704,-0.000220,-0.889098,1.127909,0.529971,-5.790550,0.001407
426,3.550000,,,,,,,,
427,3.558333,0.002763,0.458344,-0.000499,-0.888771,1.124488,0.530406,-5.787366,0.001395
428,3.566667,0.002673,0.458651,-0.000373,-0.888612,1.122633,0.530458,-5.785729,0.001426
429,3.575000,0.002826,0.458900,-0.000674,-0.888483,1.120744,0.530424,-5.784076,0.001432
430,3.583333,0.003158,0.459259,-0.000214,-0.888297,1.119073,0.530653,-5.782571,0.001450
431,3.591667,0.003847,0.459244,-0.000515,-0.888302,1.116153,0.530298,-5.780784,0.001292
432,3.600000,0.002911,0.459537,-0.000705,-0.888154,1.114966,0.530503,-5.779171,0.001408
433,3.608333,0.001525,0.459864,-0.000305,-0.887988,1.113068,0.530351,-5.777522,0.001683
434,3.616667,0.001367,0.460141,-0.000242,-0.887845,1.111221,0.530476,-5.775876,0.001678
435,3.625000,0.002886,0.460275,-0.000959,-0.887771,1.109341,0.530636,-5.774254,0.001436
436,3.633333,0.002725,0.460873,-0.001005,-0.887461,1.107973,0.530916,-5.772546,0.001717
437,3.641667,0.002517,0.460804,-0.000876,-0.887498,1.105567,0.530691,-5.770977,0.001417
438,3.650000,0.002319,0.461157,-0.002187,-0.887313,1.104065,0.531087,-5.769299,0.001657
439,3.658333,0.003564,0.461073,-0.001049,-0.887355,1.101403,0.530369,-5.767592,0.001385
440,3.666667,0.002728,0.462080,0.000263,-0.886834,1.100455,0.531546,-5.766149,0.001392
441,3.675000,0.003204,0.461658,-0.001103,-0.887052,1.097422,0.531042,-5.764399,0.001408
442,3.683333,0.002116,0.462376,-0.000429,-0.886682,1.096401,0.531297,-5.762686,0.001386
443,3.691667,0.001326,0.462308,-0.000861,-0.886718,1.094014,0.530656,-5.761007,0.001686
444,3.700000,0.001827,0.462585,-0.000834,-0.886573,1.092361,0.530768,-5.759442,0.001788
445,3.708333,0.001960,0.462824,-0.000844,-0.886448,1.090401,0.530775,-5.757767,0.001786
446,3.716667,0.003374,0.462824,-0.001261,-0.886443,1.088042,0.530542,-5.756022,0.001411
447,3.725000,0.002642,0.463196,-0.001461,-0.886251,1.086438,0.530907,-5.754417,0.001434
448,3.733333,0.001936,0.463920,-0.000557,-0.885875,1.084929,0.531473,-5.752759,0.001415
449,3.741667,0.002505,0.463779,-0.001616,-0.885946,1.082651,0.531015,-5.751117,0.001430
450,3.750000,0.002410,0.463955,-0.001633,-0.885854,1.080715,0.531051,-5.749424,0.001435
451,3.758333,0.000952,0.464529,-0.001036,-0.885557,1.078520,0.530883,-5.747663,0.001690
452,3.766667,0.002389,0.464410,-0.001593,-0.885616,1.076830,0.531068,-5.746093,0.001431
453,3.775000,0.001536,0.464812,-0.001024,-0.885408,1.075022,0.531024,-5.744517,0.001775
454,3.783333,0.001339,0.465012,-0.001056,-0.885303,1.073148,0.531039,-5.742840,0.001781
455,3.791667,0.001667,0.465140,-0.001160,-0.885235,1.070851,0.530759,-5.741048,0.001726
456,3.800000,0.001829,0.465462,-0.001477,-0.885065,1.069140,0.531133,-5.739479,0.001416
457,3.808333,0.001058,0.465907,-0.002573,-0.884829,1.067672,0.531474,-5.737847,0.001658
458,3.816667,0.002028,0.465876,-0.001648,-0.884846,1.065350,0.531206,-5.736141,0.001486
459,3.825000,0.000546,0.466477,-0.000966,-0.884533,1.063065,0.530995,-5.734375,0.001713
460,3.833333,0.000583,0.466457,-0.001065,-0.884543,1.061347,0.531005,-5.732792,0.001680
461,3.841667,0.000422,0.466973,-0.000951,-0.884271,1.059200,0.531004,-5.731041,0.001665
462,3.850000,0.000406,0.466992,-0.001073,-0.884261,1.057520,0.531015,-5.729473,0.001692
463,3.858333,0.000235,0.467166,-0.001061,-0.884169,1.055522,0.531007,-5.727789,0.001743
464,3.866667,0.000591,0.468075,-0.001055,-0.883688,1.054215,0.531214,-5.726418,0.001686
465,3.875000,0.000913,0.467706,-0.000877,-0.883883,1.051893,0.531161,-5.724572,0.001787
466,3.883333,0.001693,0.467807,-0.001409,-0.883828,1.049781,0.531221,-5.722882,0.001436
467,3.891667,0.001552,0.468102,-0.001425,-0.883672,1.047846,0.531299,-5.721222,0.001434
468,3.900000,-0.000061,0.468613,-0.000745,-0.883403,1.045715,0.531057,-5.719428,0.001744
469,3.908333,0.000112,0.468647,-0.000884,-0.883385,1.043942,0.531156,-5.717884,0.001718
470,3.916667,0.000126,0.469128,-0.000664,-0.883130,1.041678,0.531104,-5.716183,0.001682
471,3.925000,-0.000049,0.469262,-0.000514,-0.883059,1.039807,0.531092,-5.714438,0.001777
472,3.933333,0.000091,0.469644,-0.000508,-0.882856,1.037808,0.531065,-5.712847,0.001651
473,3.941667,0.000694,0.469680,-0.000505,-0.882836,1.036351,0.531292,-5.711381,0.001830
474,3.950000,0.000619,0.469969,-0.000464,-0.882683,1.034425,0.531263,-5.709737,0.001812
475,3.958333,0.000004,0.470134,-0.000525,-0.882595,1.032299,0.531178,-5.708046,0.001729
476,3.966667,0.000193,0.470353,-0.000382,-0.882478,1.030301,0.531177,-5.706392,0.001748
477,3.975000,0.001090,0.470604,-0.000615,-0.882344,1.028400,0.531294,-5.704845,0.001431
478,3.983333,0.001538,0.470801,-0.000785,-0.882238,1.026502,0.531318,-5.703148,0.001475
479,3.991667,-0.000229,0.471782,-0.000143,-0.881715,1.024597,0.531145,-5.701489,0.001733
480,4.000000,0.001871,0.471431,-0.000380,-0.881901,1.022802,0.531478,-5.699976,0.001458
481,4.008333,0.000139,0.471695,0.000011,-0.881762,1.020607,0.531183,-5.698227,0.001751
482,4.016667,0.000124,0.471930,0.000147,-0.881636,1.018618,0.531126,-5.696599,0.001667
483,4.025000,-0.000027,0.472532,0.000056,-0.881313,1.017005,0.531191,-5.695024,0.001746
484,4.033333,0.000735,0.472547,0.000222,-0.881305,1.014991,0.531306,-5.693391,0.001799
485,4.041667,0.000732,0.472764,0.000253,-0.881189,1.012982,0.531324,-5.691761,0.001774
486,4.050000,-0.000408,0.472844,-0.001019,-0.881145,1.011446,0.531559,-5.690160,0.001911
487,4.058333,0.000149,0.473256,0.000553,-0.880925,1.008931,0.531271,-5.688512,0.001705
488,4.066667,0.000254,0.473766,0.000625,-0.880651,1.006701,0.531211,-5.686736,0.001694
489,4.075000,0.000860,0.473972,0.000727,-0.880539,1.004560,0.530994,-5.685076,0.001634
490,4.083333,0.000404,0.473985,0.000688,-0.880533,1.003055,0.531276,-5.683560,0.001782
491,4.091667,0.000681,0.474277,0.000618,-0.880375,1.001110,0.531237,-5.681914,0.001653
492,4.100000,-0.001079,0.476255,0.001465,-0.879306,0.997803,0.530667,-5.680359,0.002118
493,4.108333,-0.002862,0.476200,0.001681,-0.879331,0.996305,0.530387,-5.678981,0.002028
494,4.116667,0.000249,0.475422,0.000998,-0.879757,0.995491,0.531321,-5.677157,0.001721
495,4.125000,0.000712,0.475227,0.001182,-0.879862,0.992879,0.531500,-5.675438,0.001354
496,4.133333,0.001259,0.475336,0.001932,-0.879802,0.990310,0.530149,-5.674119,0.001038
497,4.141667,0.000590,0.475975,0.001375,-0.879458,0.988797,0.531505,-5.672126,0.001425
498,4.150000,0.000665,0.476758,0.001077,-0.879033,0.986426,0.531803,-5.670430,0.001992
499,4.158333,-0.000489,0.478174,0.001410,-0.878264,0.982448,0.531091,-5.668698,0.001590
500,4.166667,0.000475,0.477506,0.000959,-0.878628,0.981190,0.531075,-5.667471,0.001407
501,4.175000,0.001352,0.476665,0.001848,-0.879082,0.980293,0.530309,-5.665961,0.000887
502,4.183333,0.000756,0.477138,0.001341,-0.878827,0.979187,0.531711,-5.664127,0.001411
503,4.191667,0.000490,0.477616,0.000470,-0.878568,0.977291,0.532079,-5.662344,0.001681
504,4.200000,0.002639,0.479796,0.004431,-0.877365,0.972665,0.529408,-5.660280,0.001532
505,4.208333,0.003118,0.479076,0.003703,-0.877760,0.971588,0.529376,-5.659001,0.001429
506,4.216667,0.000759,0.478166,0.000604,-0.878269,0.972004,0.532349,-5.657773,0.002043
507,4.225000,0.000546,0.478621,0.000553,-0.878021,0.969302,0.532238,-5.655926,0.001717
508,4.233333,0.003123,0.480266,0.005319,-0.877101,0.965684,0.528760,-5.653869,0.001371
509,4.241667,0.003216,0.480509,0.005341,-0.876968,0.963638,0.528734,-5.652216,0.001414
510,4.250000,0.000633,0.479995,-0.000058,-0.877271,0.964437,0.532417,-5.651059,0.001958
511,4.258333,0.001467,0.478890,0.000405,-0.877874,0.961411,0.532428,-5.650011,0.002190
512,4.266667,0.000785,0.482195,0.002181,-0.876061,0.956498,0.530926,-5.647149,0.001256
513,4.275000,0.001227,0.482407,0.002727,-0.875942,0.954370,0.530686,-5.645502,0.001209
514,4.283333,0.004835,0.478983,0.007420,-0.877780,0.951688,0.528323,-5.645875,0.001698
515,4.291667,-0.000045,0.480651,-0.000092,-0.876912,0.953984,0.532186,-5.643244,0.001956
516,4.300000,0.000654,0.481315,0.000157,-0.876548,0.951289,0.532406,-5.641255,0.001634
517,4.308333,0.003113,0.482749,0.004981,-0.875739,0.947428,0.528934,-5.639226,0.001448
518,4.316667,0.002424,0.484214,0.003278,-0.874940,0.944793,0.529530,-5.637621,0.001280
519,4.325000,0.000522,0.484435,0.002509,-0.874824,0.941961,0.530694,-5.635840,0.001289
520,4.333333,0.000407,0.484761,0.002516,-0.874643,0.939862,0.530749,-5.634186,0.001284
521,4.341667,0.000415,0.484924,0.002083,-0.874554,0.938153,0.531072,-5.632388,0.001114
522,4.350000,0.000651,0.485616,0.001854,-0.874170,0.936301,0.531021,-5.630314,0.001256
523,4.358333,0.002672,0.484499,0.004552,-0.874776,0.935189,0.529230,-5.629478,0.001320
524,4.366667,0.002711,0.484634,0.004576,-0.874701,0.933119,0.529281,-5.627866,0.001399
525,4.375000,-0.000353,0.483331,-0.000552,-0.875438,0.933016,0.532882,-5.626859,0.001934
526,4.383333,-0.000620,0.482983,-0.000677,-0.875629,0.930439,0.532910,-5.625586,0.001882
527,4.391667,0.002552,0.485617,0.004358,-0.874157,0.926922,0.529313,-5.622890,0.001374
528,4.400000,0.002513,0.485800,0.004231,-0.874056,0.924791,0.529332,-5.621302,0.001389
529,4.408333,-0.000726,0.487510,0.000574,-0.873117,0.921589,0.531746,-5.619036,0.001433
530,4.416667,0.003251,0.484533,0.004325,-0.874756,0.918031,0.529532,-5.619381,0.001661
531,4.425000,0.001588,0.487394,0.001870,-0.873179,0.918111,0.530467,-5.616360,0.001236
532,4.433333,0.001491,0.487442,0.002429,-0.873151,0.916281,0.530304,-5.614656,0.001440
533,4.441667,0.002592,0.485878,0.003014,-0.874018,0.915145,0.529789,-5.613640,0.001087
534,4.450000,0.003797,0.485118,0.006367,-0.874417,0.911040,0.528537,-5.612936,0.001828
535,4.458333,0.004054,0.484425,0.008209,-0.874785,0.908869,0.528470,-5.611452,0.001878
536,4.466667,0.003661,0.485401,0.006315,-0.874261,0.906801,0.528648,-5.609822,0.001821
537,4.475000,0.003547,0.485727,0.006105,-0.874082,0.904798,0.528686,-5.608119,0.001824
538,4.483333,0.002879,0.486767,0.003796,-0.873519,0.901555,0.529706,-5.606306,0.001652
539,4.491667,0.002691,0.487384,0.003623,-0.873176,0.899583,0.529816,-5.604530,0.001642
540,4.500000,-0.000396,0.489979,0.000397,-0.871734,0.898957,0.531669,-5.601483,0.001268
541,4.508333,0.000070,0.489810,0.001278,-0.871828,0.896274,0.531537,-5.599998,0.000980
542,4.516667,0.000110,0.490704,0.000513,-0.871326,0.895091,0.531506,-5.598032,0.001058
543,4.525000,0.001526,0.490374,0.002338,-0.871508,0.892917,0.530533,-5.596806,0.001607
544,4.533333,0.001692,0.490268,0.003310,-0.871564,0.891861,0.529688,-5.595150,0.001377
545,4.541667,-0.001400,0.488875,-0.001770,-0.872351,0.891857,0.533338,-5.594219,0.001966
546,4.550000,-0.001642,0.489086,-0.001626,-0.872233,0.889492,0.533193,-5.592767,0.002172
547,4.558333,-0.000040,0.491600,0.001847,-0.870819,0.883719,0.531287,-5.590158,0.000760
548,4.566667,0.000922,0.492038,0.001971,-0.870571,0.883135,0.530369,-5.588448,0.001457
549,4.575000,0.003067,0.489139,0.005737,-0.872182,0.880009,0.528865,-5.588478,0.001804
550,4.583333,0.002005,0.491890,0.002804,-0.870650,0.879590,0.529764,-5.585225,0.001194
551,4.591667,0.001079,0.492564,0.001695,-0.870274,0.875665,0.530778,-5.583656,0.001321
552,4.600000,-0.000590,0.493421,0.000219,-0.869790,0.874200,0.531820,-5.581644,0.001088
553,4.608333,-0.000071,0.493647,0.001268,-0.869662,0.871382,0.531309,-5.580140,0.000885
554,4.616667,-0.001199,0.494838,-0.000308,-0.868985,0.870110,0.531777,-5.577867,0.001360
555,4.625000,0.002271,0.491703,0.003403,-0.870753,0.866431,0.529867,-5.578405,0.001695
556,4.633333,0.000783,0.494397,0.001021,-0.869235,0.866434,0.530688,-5.575402,0.001260
557,4.641667,-0.000132,0.494265,0.001234,-0.869310,0.863093,0.531540,-5.573694,0.000823
558,4.650000,0.001334,0.494788,0.001735,-0.869011,0.861852,0.530400,-5.572023,0.001419
559,4.658333,-0.000114,0.494806,0.001235,-0.869003,0.858723,0.531372,-5.570408,0.000822
560,4.666667,-0.000337,0.495788,0.000257,-0.868443,0.857538,0.531362,-5.568454,0.001043
561,4.675000,-0.000276,0.495413,0.001231,-0.868657,0.854660,0.531468,-5.567130,0.000845
562,4.683333,0.000640,0.496026,0.001565,-0.868306,0.853962,0.530332,-5.565333,0.001472
563,4.691667,0.000641,0.496206,0.002026,-0.868202,0.851148,0.530514,-5.563887,0.001576
564,4.700000,-0.001176,0.495532,-0.000280,-0.868589,0.850717,0.531839,-5.562281,0.001931
565,4.708333,0.002844,0.493681,0.005899,-0.869618,0.846504,0.528481,-5.562237,0.001879
566,4.716667,0.003316,0.493076,0.006893,-0.869953,0.844402,0.528532,-5.560632,0.001870
567,4.725000,0.001093,0.497339,0.002202,-0.867553,0.842680,0.530145,-5.557362,0.001658
568,4.733333,-0.000206,0.498230,0.000539,-0.867045,0.840440,0.530867,-5.555261,0.001255
569,4.741667,0.001198,0.497847,0.002229,-0.867261,0.838379,0.529961,-5.554047,0.001634
570,4.750000,0.001678,0.497565,0.002708,-0.867421,0.837372,0.529220,-5.552464,0.001368
571,4.758333,0.003047,0.495397,0.005992,-0.868641,0.833677,0.528041,-5.552375,0.001818
572,4.766667,0.000984,0.499181,0.001876,-0.866495,0.832691,0.529506,-5.548916,0.001432
573,4.775000,0.001010,0.498929,0.001803,-0.866640,0.829854,0.529999,-5.547504,0.001570
574,4.783333,0.000250,0.499411,0.001394,-0.866364,0.826761,0.530399,-5.545754,0.000970
575,4.791667,0.001033,0.499503,0.001910,-0.866309,0.825461,0.529823,-5.544290,0.001523
576,4.800000,0.001310,0.499977,0.001713,-0.866036,0.823430,0.529565,-5.542573,0.001428
577,4.808333,0.001931,0.499779,0.002586,-0.866147,0.820740,0.529067,-5.541167,0.001532
578,4.816667,-0.000221,0.500302,0.001032,-0.865850,0.818002,0.530519,-5.539308,0.000827
579,4.825000,0.000995,0.500685,0.001856,-0.865627,0.816698,0.529595,-5.537757,0.001570
580,4.833333,0.000984,0.500908,0.001680,-0.865498,0.814465,0.529503,-5.536114,0.001538
581,4.841667,0.000640,0.501345,0.001841,-0.865245,0.812246,0.529404,-5.534495,0.001571
582,4.850000,0.000558,0.501690,0.001447,-0.865046,0.810695,0.529184,-5.532731,0.001456
583,4.858333,0.000862,0.502055,0.001218,-0.864834,0.808659,0.529191,-5.531102,0.001361
584,4.866667,0.000779,0.502396,0.002085,-0.864635,0.805571,0.529059,-5.529582,0.001609
585,4.875000,-0.001447,0.501933,-0.000374,-0.864905,0.804619,0.530549,-5.528201,0.002217
586,4.883333,0.001950,0.502339,0.002623,-0.864665,0.802495,0.528048,-5.526349,0.001293
587,4.891667,0.001722,0.502591,0.002515,-0.864519,0.800217,0.528083,-5.524813,0.001310
588,4.900000,0.000726,0.503247,0.001367,-0.864141,0.796734,0.529386,-5.522953,0.001151
589,4.908333,0.000881,0.503700,0.001034,-0.863877,0.795399,0.528700,-5.521413,0.001331
590,4.916667,0.002325,0.503629,0.002517,-0.863913,0.792318,0.527995,-5.519982,0.001369
591,4.925000,0.001091,0.504171,0.001415,-0.863602,0.790341,0.528715,-5.518291,0.001537
592,4.933333,-0.000413,0.504455,0.001047,-0.863437,0.787080,0.529470,-5.516558,0.000837
593,4.941667,0.001178,0.505100,0.001658,-0.863058,0.785916,0.528311,-5.514966,0.001463
594,4.950000,0.001243,0.505333,0.001660,-0.862922,0.783571,0.528235,-5.513344,0.001520
595,4.958333,0.001008,0.505334,0.001363,-0.862922,0.781425,0.528426,-5.511878,0.001589
596,4.966667,0.000251,0.505693,0.000782,-0.862713,0.778322,0.528989,-5.510132,0.000816
597,4.975000,0.001029,0.505771,0.001141,-0.862666,0.776003,0.528168,-5.508732,0.001363
598,4.983333,0.001527,0.506153,0.001343,-0.862442,0.773880,0.527895,-5.507048,0.001284
599,4.991667,0.001171,0.506488,0.001230,-0.862245,0.771683,0.528058,-5.505496,0.001373
600,5.000000,0.001224,0.506788,0.001316,-0.862069,0.770347,0.528002,-5.503804,0.001517
601,5.008333,0.001080,0.507400,0.001708,-0.861708,0.767832,0.527690,-5.502204,0.001589
602,5.016667,0.000144,0.506761,0.000474,-0.862086,0.767125,0.528082,-5.500550,0.001366
603,5.025000,-0.000029,0.508235,0.000825,-0.861218,0.764404,0.527949,-5.498866,0.001409
604,5.033333,0.000095,0.508510,0.001329,-0.861055,0.761419,0.528351,-5.497233,0.001424
605,5.041667,0.000618,0.508839,0.000995,-0.860861,0.759565,0.527854,-5.495696,0.001508
606,5.050000,0.000633,0.508842,0.000317,-0.860860,0.757825,0.527800,-5.493973,0.001337
607,5.058333,0.000806,0.508368,0.000775,-0.861139,0.753516,0.528134,-5.492743,0.000844
608,5.066667,0.001145,0.508723,0.000757,-0.860929,0.752077,0.527635,-5.491187,0.001558
609,5.075000,0.001114,0.509294,0.001036,-0.860591,0.749850,0.527398,-5.489603,0.001486
610,5.083333,0.000549,0.510104,0.000607,-0.860112,0.747638,0.528186,-5.487733,0.001226
611,5.091667,0.000894,0.510412,0.000934,-0.859929,0.746237,0.527639,-5.486268,0.001626
612,5.100000,0.000960,0.510722,0.000890,-0.859745,0.743987,0.527570,-5.484652,0.001560
613,5.108333,0.001182,0.511045,0.000900,-0.859553,0.741711,0.527382,-5.483042,0.001404
614,5.116667,0.000664,0.511302,0.000650,-0.859401,0.738610,0.527903,-5.481454,0.001298
615,5.125000,0.001591,0.510960,0.000920,-0.859602,0.736423,0.527111,-5.480147,0.001470
616,5.133333,0.001188,0.511137,0.000789,-0.859498,0.733446,0.527575,-5.478588,0.000868
617,5.141667,0.001143,0.512307,0.000741,-0.858801,0.732015,0.527666,-5.476703,0.001134
618,5.150000,0.000926,0.512529,0.000757,-0.858669,0.729788,0.527774,-5.475194,0.001208
619,5.158333,0.001487,0.512936,0.000987,-0.858425,0.728437,0.527223,-5.473631,0.001494
620,5.166667,0.001745,0.513527,-0.003650,-0.858064,0.728096,0.526162,-5.471843,0.001285
621,5.175000,0.001612,0.513542,0.001088,-0.858062,0.724008,0.527146,-5.470493,0.001478
622,5.183333,0.001513,0.513897,0.001470,-0.857849,0.721660,0.527061,-5.469031,0.001620
623,5.191667,0.001478,0.514434,0.001608,-0.857527,0.719404,0.526905,-5.467416,0.001548
624,5.200000,0.002010,0.513705,0.001372,-0.857963,0.716573,0.526983,-5.466178,0.001513
625,5.208333,0.001818,0.513883,0.001192,-0.857857,0.713573,0.527311,-5.464557,0.000877
626,5.216667,0.001647,0.514951,0.001391,-0.857217,0.712702,0.527466,-5.462742,0.001354
627,5.225000,0.001375,0.515970,0.000872,-0.856605,0.711048,0.526814,-5.461326,0.001466
628,5.233333,0.001850,0.515686,0.001606,-0.856774,0.708405,0.527041,-5.459740,0.001529
629,5.241667,0.001578,0.515911,0.001409,-0.856640,0.705275,0.527536,-5.458151,0.001260
630,5.250000,0.001839,0.516727,0.000808,-0.856148,0.704443,0.526862,-5.456706,0.001411
631,5.258333,0.002176,0.516626,0.001556,-0.856207,0.701693,0.526982,-5.455038,0.001608
632,5.266667,0.002357,0.515937,0.001880,-0.856621,0.698449,0.526908,-5.453872,0.001572
633,5.275000,0.002262,0.515548,0.001702,-0.856856,0.696831,0.526769,-5.452336,0.001721
634,5.283333,0.002531,0.516534,0.002074,-0.856261,0.693946,0.526938,-5.450785,0.001613
635,5.291667,0.002475,0.517726,0.001894,-0.855541,0.692622,0.526917,-5.448737,0.001596
636,5.300000,0.002205,0.518131,0.002063,-0.855296,0.690388,0.527104,-5.447393,0.001744
637,5.308333,0.002824,0.518228,0.002564,-0.855234,0.687836,0.526797,-5.445877,0.001581
638,5.316667,0.002730,0.518486,0.002725,-0.855078,0.685545,0.526934,-5.444373,0.001769
639,5.325000,0.002282,0.519129,0.002566,-0.854689,0.683577,0.527124,-5.442814,0.001718
640,5.333333,0.002369,0.519362,0.002279,-0.854548,0.681439,0.527294,-5.441227,0.001688
641,5.341667,0.002430,0.518510,0.002505,-0.855065,0.679540,0.526940,-5.439882,0.001643
642,5.350000,0.002663,0.519011,0.002533,-0.854760,0.675956,0.527167,-5.438404,0.001578
643,5.358333,0.002813,0.519561,0.002527,-0.854425,0.673822,0.527119,-5.436822,0.001517
644,5.366667,0.002832,0.519706,0.002556,-0.854337,0.670791,0.527045,-5.435347,0.001217
645,5.375000,0.002298,0.520267,0.002315,-0.853997,0.669304,0.527375,-5.433953,0.001693
646,5.383333,0.002246,0.520610,0.002392,-0.853788,0.667018,0.527472,-5.432419,0.001749
647,5.391667,0.002874,0.520477,0.003146,-0.853865,0.664409,0.527037,-5.430784,0.001422
648,5.400000,0.002315,0.520838,0.002836,-0.853647,0.661504,0.527822,-5.429128,0.000875
649,5.408333,0.002739,0.521428,0.002844,-0.853286,0.660166,0.527363,-5.427569,0.001470
650,5.416667,0.002201,0.522006,0.002502,-0.852935,0.658107,0.527847,-5.426198,0.001787
651,5.425000,0.001777,0.521658,0.002938,-0.853148,0.654804,0.528168,-5.424778,0.001152
652,5.433333,0.001873,0.522017,0.002711,-0.852929,0.652645,0.528279,-5.423156,0.001182
653,5.441667,0.001343,0.522966,0.002667,-0.852348,0.650945,0.528526,-5.421489,0.001650
654,5.450000,0.001673,0.523418,0.002595,-0.852071,0.648761,0.528430,-5.419883,0.001570
655,5.458333,0.001887,0.522886,0.002898,-0.852395,0.645650,0.528334,-5.418569,0.001087
656,5.466667,0.001855,0.523068,0.002866,-0.852284,0.643422,0.528005,-5.417157,0.001292
657,5.475000,0.001757,0.523505,0.002949,-0.852015,0.641067,0.528469,-5.415471,0.001101
658,5.483333,0.001828,0.523670,0.002946,-0.851914,0.638806,0.528085,-5.414073,0.001280
659,5.491667,0.001815,0.523680,0.002691,-0.851909,0.636016,0.528116,-5.412500,0.001488
660,5.500000,0.001492,0.524502,0.002839,-0.851403,0.634160,0.528727,-5.410859,0.001183
661,5.508333,0.001365,0.524781,0.002875,-0.851232,0.631825,0.528776,-5.409317,0.001190
662,5.516667,0.000836,0.525596,0.002979,-0.850729,0.630031,0.529002,-5.407744,0.001606
663,5.525000,0.001052,0.526208,0.002723,-0.850351,0.627862,0.528964,-5.406071,0.001583
664,5.533333,0.001276,0.525656,0.002910,-0.850691,0.624757,0.528800,-5.404718,0.001076
665,5.541667,0.001176,0.525944,0.002966,-0.850513,0.622395,0.528922,-5.403216,0.001108
666,5.550000,0.001253,0.526115,0.002984,-0.850407,0.620106,0.528561,-5.401824,0.001290
667,5.558333,0.000856,0.527288,0.002873,-0.849682,0.618401,0.529182,-5.400040,0.001543
668,5.566667,0.001009,0.526848,0.002859,-0.849954,0.615355,0.529066,-5.398628,0.001041
669,5.575000,0.000835,0.527210,0.002841,-0.849730,0.613099,0.529273,-5.397107,0.001140
670,5.583333,0.000888,0.527497,0.002812,-0.849552,0.610755,0.529209,-5.395577,0.001125
671,5.591667,-0.000061,0.527707,0.002718,-0.849422,0.609525,0.529561,-5.394104,0.001715
672,5.600000,0.000595,0.528831,0.002872,-0.848722,0.606768,0.529477,-5.392430,0.001487
673,5.608333,0.000508,0.529126,0.002757,-0.848539,0.604353,0.529492,-5.390912,0.001554
674,5.616667,0.000904,0.528774,0.002625,-0.848758,0.601618,0.529092,-5.389641,0.001353
675,5.625000,0.000774,0.528953,0.002863,-0.848646,0.599045,0.529436,-5.388072,0.001103
676,5.633333,0.000809,0.528870,0.002608,-0.848698,0.596022,0.529336,-5.386653,0.001121
677,5.641667,0.000678,0.529206,0.002537,-0.848489,0.593779,0.529415,-5.385064,0.001270
678,5.650000,0.000781,0.530007,0.002396,-0.847989,0.592154,0.529090,-5.383578,0.001358
679,5.658333,0.000514,0.529945,0.002368,-0.848028,0.589805,0.529760,-5.382124,0.001317
680,5.666667,0.000540,0.530614,0.002306,-0.847610,0.587379,0.529607,-5.380509,0.001157
681,5.675000,0.000042,0.530289,0.002136,-0.847814,0.585422,0.529757,-5.379128,0.001409
682,5.683333,0.000026,0.530578,0.001947,-0.847634,0.583133,0.529768,-5.377635,0.001393
683,5.691667,0.000570,0.531211,0.002371,-0.847236,0.580280,0.529306,-5.376238,0.001335
684,5.700000,0.000491,0.531639,0.002366,-0.846968,0.577872,0.529716,-5.374621,0.001099
685,5.708333,0.000476,0.531956,0.002342,-0.846768,0.575475,0.529778,-5.373149,0.001126
686,5.716667,0.000473,0.532187,0.002243,-0.846624,0.573198,0.529794,-5.371627,0.001045
687,5.725000,0.000002,0.532092,0.001736,-0.846685,0.571378,0.529966,-5.370198,0.001452
688,5.733333,0.000598,0.532421,0.001921,-0.846477,0.567902,0.529771,-5.368673,0.001242
689,5.741667,0.000100,0.532703,0.001611,-0.846301,0.566661,0.529966,-5.367282,0.001438
690,5.750000,0.000423,0.533465,0.001810,-0.845820,0.563868,0.529947,-5.365668,0.001130
691,5.758333,0.000431,0.533833,0.001858,-0.845587,0.561502,0.529956,-5.364262,0.001180
692,5.766667,0.000577,0.534012,0.001935,-0.845475,0.559080,0.529893,-5.362783,0.001020
693,5.775000,0.000486,0.534231,0.001924,-0.845336,0.556699,0.529938,-5.361402,0.001123
694,5.783333,0.000457,0.534575,0.001846,-0.845119,0.554297,0.529902,-5.359879,0.001071
695,5.791667,,,,,,,,
696,5.800000,-0.000094,0.535193,0.000712,-0.844730,0.551399,0.529457,-5.356961,0.001649
697,5.808333,0.000530,0.535452,0.001455,-0.844564,0.547301,0.529563,-5.355541,0.001365
698,5.816667,0.000429,0.536022,0.001460,-0.844202,0.545084,0.529601,-5.353988,0.001406
699,5.825000,0.000201,0.536340,0.001427,-0.844001,0.542705,0.530017,-5.352487,0.001161
700,5.833333,0.000230,0.536132,0.001315,-0.844133,0.539676,0.529943,-5.351021,0.001263
701,5.841667,0.000399,0.536720,0.001386,-0.843759,0.537740,0.529926,-5.349602,0.001170
702,5.850000,0.000015,0.536365,0.001434,-0.843985,0.535663,0.529939,-5.348238,0.001384
703,5.858333,0.000205,0.536764,0.001351,-0.843731,0.533309,0.529906,-5.346833,0.001414
704,5.866667,0.000594,0.537479,0.001273,-0.843276,0.530768,0.529505,-5.345272,0.001348
705,5.875000,0.000466,0.537748,0.001436,-0.843104,0.528064,0.529799,-5.343776,0.001142
706,5.883333,0.000324,0.538030,0.001267,-0.842925,0.525638,0.529885,-5.342320,0.001182
707,5.891667,0.000477,0.538393,0.001201,-0.842693,0.523364,0.529716,-5.340806,0.001191
708,5.900000,0.000399,0.537995,0.001044,-0.842947,0.521375,0.529149,-5.339520,0.001460
709,5.908333,0.000240,0.538833,0.001170,-0.842412,0.518476,0.529819,-5.337961,0.001201
710,5.916667,0.000502,0.539180,0.001089,-0.842190,0.516194,0.529283,-5.336548,0.001377
711,5.925000,-0.000230,0.539029,0.000771,-0.842287,0.514319,0.529392,-5.335118,0.001514
712,5.933333,0.000614,0.539871,0.000981,-0.841747,0.511398,0.529149,-5.333637,0.001367
713,5.941667,0.000013,0.539420,0.000670,-0.842037,0.509291,0.529108,-5.332232,0.001493
714,5.950000,0.000123,0.540203,0.000873,-0.841534,0.505920,0.529551,-5.330667,0.001214
715,5.958333,0.000105,0.540915,0.000884,-0.841077,0.504167,0.529536,-5.329157,0.001098
716,5.966667,,,,,,,,
717,5.975000,-0.000278,0.540781,0.000652,-0.841163,0.499806,0.529134,-5.326420,0.001466
718,5.983333,-0.000140,0.541146,0.000621,-0.840928,0.497446,0.528989,-5.324966,0.001458
719,5.991667,0.000108,0.541936,0.000889,-0.840419,0.494487,0.529100,-5.323461,0.001348
720,6.000000,-0.000107,0.541627,0.001035,-0.840618,0.492246,0.529390,-5.322199,0.001344
721,6.008333,0.000376,0.542425,0.000631,-0.840104,0.489670,0.528833,-5.320587,0.001320
722,6.016667,0.000089,0.542818,0.000755,-0.839850,0.487394,0.529039,-5.319153,0.001276
723,6.025000,0.000556,0.543021,0.000729,-0.839718,0.484803,0.528752,-5.317748,0.001332
724,6.033333,0.000058,0.543302,0.000820,-0.839537,0.483368,0.528978,-5.316258,0.002082
725,6.041667,0.000209,0.543034,0.000281,-0.839711,0.480462,0.528688,-5.314889,0.001444
726,6.050000,-0.000028,0.543351,0.000314,-0.839506,0.478158,0.528818,-5.313431,0.001508
727,6.058333,-0.000203,0.543679,0.000555,-0.839293,0.475646,0.528769,-5.312011,0.001466
728,6.066667,0.000260,0.543484,0.000126,-0.839419,0.472901,0.528419,-5.310383,0.001360
729,6.075000,-0.000085,0.544082,0.000269,-0.839032,0.470649,0.528570,-5.309117,0.001488
730,6.083333,0.000038,0.545219,0.000664,-0.838293,0.467922,0.528678,-5.307621,0.001290
731,6.091667,-0.000291,0.544818,0.000416,-0.838554,0.465940,0.528597,-5.306243,0.001474
732,6.100000,0.000099,0.545297,0.000261,-0.838243,0.463600,0.528529,-5.304824,0.001320
733,6.108333,-0.000077,0.545401,0.000424,-0.838175,0.461118,0.528631,-5.303450,0.001578
734,6.116667,-0.000097,0.545672,0.000507,-0.837999,0.458723,0.528545,-5.301967,0.001399
735,6.125000,-0.000016,0.546060,0.000478,-0.837746,0.456285,0.528499,-5.300557,0.001393
736,6.133333,0.000111,0.546270,0.000284,-0.837609,0.453855,0.528448,-5.299110,0.001542
737,6.141667,-0.000105,0.546750,0.000820,-0.837296,0.451186,0.529004,-5.297789,0.001231
738,6.150000,0.000289,0.547047,0.000368,-0.837102,0.448982,0.528416,-5.296247,0.001349
739,6.158333,0.000151,0.547210,0.000467,-0.836995,0.446587,0.528626,-5.294868,0.001386
740,6.166667,0.000582,0.546868,0.000443,-0.837219,0.444673,0.528445,-5.293429,0.001670
741,6.175000,0.000230,0.548199,0.000557,-0.836348,0.442367,0.528654,-5.291953,0.001741
742,6.183333,0.000159,0.547631,0.000931,-0.836720,0.439570,0.528988,-5.290691,0.001451
743,6.191667,0.000116,0.548469,0.000927,-0.836170,0.436634,0.528960,-5.289270,0.001252
744,6.200000,0.000445,0.549327,0.001120,-0.835607,0.433910,0.528782,-5.287685,0.001117
745,6.208333,0.000510,0.549410,0.001016,-0.835552,0.431638,0.528414,-5.286333,0.001307
746,6.216667,0.000624,0.549090,0.000517,-0.835763,0.429445,0.528313,-5.284689,0.001310
747,6.225000,0.000447,0.550064,0.001384,-0.835121,0.426601,0.528790,-5.283486,0.001153
748,6.233333,0.000356,0.550007,0.001020,-0.835159,0.424586,0.528822,-5.282193,0.001271
749,6.241667,0.000362,0.550210,0.001172,-0.835026,0.422154,0.528904,-5.280768,0.001287
750,6.250000,0.000642,0.549994,0.001602,-0.835167,0.419128,0.528803,-5.279539,0.001114
751,6.258333,0.000568,0.550579,0.001213,-0.834782,0.417113,0.528824,-5.278007,0.001343
752,6.266667,0.000817,0.550576,0.001405,-0.834783,0.414441,0.528936,-5.276669,0.001223
753,6.275000,0.000496,0.551013,0.001442,-0.834495,0.412041,0.529036,-5.275148,0.001165
754,6.283333,0.000619,0.551358,0.001503,-0.834267,0.409637,0.529037,-5.273767,0.001212
755,6.291667,0.000557,0.551627,0.001534,-0.834089,0.407153,0.529009,-5.272325,0.001211
756,6.300000,0.000849,0.551790,0.001623,-0.833981,0.404565,0.528941,-5.270998,0.001265
757,6.308333,0.000749,0.552209,0.001594,-0.833704,0.402316,0.529078,-5.269537,0.001172
758,6.316667,0.000716,0.552472,0.001690,-0.833529,0.399882,0.529121,-5.268152,0.001226
759,6.325000,0.000800,0.552801,0.001712,-0.833311,0.397470,0.529106,-5.266716,0.001214
760,6.333333,0.000723,0.553052,0.001731,-0.833145,0.394902,0.529094,-5.265301,0.001239
761,6.341667,0.000917,0.553359,0.001779,-0.832940,0.392530,0.529056,-5.263918,0.001164
762,6.350000,0.000805,0.553640,0.001822,-0.832754,0.389975,0.529048,-5.262480,0.001218
763,6.358333,0.000887,0.553938,0.001844,-0.832556,0.387589,0.529110,-5.261174,0.001183
764,6.366667,0.001183,0.554072,0.001985,-0.832465,0.384980,0.529007,-5.259815,0.001256
765,6.375000,0.001011,0.554503,0.001969,-0.832179,0.382609,0.529097,-5.258394,0.001192
766,6.383333,0.000592,0.554667,0.002036,-0.832070,0.380213,0.529120,-5.257014,0.001262
767,6.391667,0.001262,0.554936,0.002062,-0.831889,0.377531,0.529078,-5.255667,0.001235
768,6.400000,0.001005,0.555082,0.002124,-0.831793,0.375147,0.529048,-5.254326,0.001263
769,6.408333,0.000761,0.555542,0.002087,-0.831486,0.372821,0.529183,-5.252853,0.001213
770,6.416667,0.000876,0.556125,0.002188,-0.831095,0.369971,0.529111,-5.251212,0.001374
771,6.425000,0.000907,0.556482,0.002216,-0.830856,0.367527,0.529116,-5.249828,0.001411
772,6.433333,0.000432,0.556564,0.002066,-0.830802,0.365022,0.529504,-5.249026,0.001244
773,6.441667,0.001129,0.557174,0.002322,-0.830392,0.362477,0.529284,-5.247409,0.000944
774,6.450000,0.000464,0.557129,0.002158,-0.830423,0.360032,0.529544,-5.246287,0.001287
775,6.458333,0.000560,0.557271,0.001911,-0.830329,0.357592,0.529590,-5.244963,0.001242
776,6.466667,0.000416,0.557676,0.002111,-0.830056,0.354919,0.529547,-5.243572,0.001227
777,6.475000,0.000351,0.557934,0.002092,-0.829883,0.352415,0.529504,-5.242190,0.001238
778,6.483333,0.000585,0.558264,0.002049,-0.829660,0.349805,0.529490,-5.240843,0.001246
779,6.491667,0.000362,0.558489,0.002057,-0.829509,0.347358,0.529493,-5.239470,0.001152
780,6.500000,0.000459,0.558814,0.002050,-0.829290,0.344731,0.529501,-5.238150,0.001210
781,6.508333,0.000599,0.558850,0.002046,-0.829266,0.342446,0.529215,-5.236447,0.001231
782,6.516667,0.000417,0.559346,0.001955,-0.828932,0.339646,0.529528,-5.235410,0.001231
783,6.525000,0.000225,0.559570,0.001881,-0.828781,0.337089,0.529540,-5.234075,0.001188
784,6.533333,0.000307,0.559911,0.001944,-0.828550,0.334549,0.529496,-5.232688,0.001272
785,6.541667,0.000304,0.560110,0.001860,-0.828416,0.332048,0.529473,-5.231275,0.001229
786,6.550000,0.000231,0.560399,0.001880,-0.828221,0.329460,0.529489,-5.229960,0.001220
787,6.558333,-0.000073,0.560717,0.001876,-0.828006,0.326789,0.529463,-5.228533,0.001358
788,6.566667,0.000306,0.560774,0.001689,-0.827967,0.324430,0.529546,-5.227306,0.001234
789,6.575000,0.000162,0.561198,0.001758,-0.827680,0.321788,0.529513,-5.225874,0.001176
790,6.583333,0.000680,0.561120,0.001875,-0.827732,0.319366,0.529126,-5.224332,0.001209
791,6.591667,0.000163,0.561705,0.001691,-0.827336,0.316577,0.529492,-5.223204,0.001252
792,6.600000,0.000022,0.561959,0.001595,-0.827164,0.313965,0.529484,-5.221885,0.001255
793,6.608333,-0.000141,0.562228,0.001565,-0.826981,0.311313,0.529434,-5.220491,0.001284
794,6.616667,-0.000244,0.562484,0.001467,-0.826807,0.308764,0.529410,-5.219147,0.001357
795,6.625000,-0.000010,0.562742,0.001502,-0.826632,0.306269,0.529409,-5.217835,0.001183
796,6.633333,-0.000071,0.562961,0.001356,-0.826482,0.303671,0.529384,-5.216529,0.001212
797,6.641667,-0.000061,0.563277,0.001361,-0.826267,0.301008,0.529405,-5.215171,0.001226
798,6.650000,0.000246,0.563312,0.001410,-0.826243,0.298742,0.529088,-5.213525,0.001189
799,6.658333,0.000133,0.563582,0.001367,-0.826059,0.296140,0.529087,-5.212195,0.001201
800,6.666667,0.000037,0.563849,0.001292,-0.825877,0.293579,0.529035,-5.210834,0.001199
801,6.675000,0.000059,0.564080,0.001310,-0.825719,0.290939,0.528993,-5.209480,0.001165
802,6.683333,-0.000090,0.564370,0.001206,-0.825521,0.288289,0.528943,-5.208119,0.001217
803,6.691667,-0.000036,0.564603,0.001228,-0.825362,0.285764,0.528981,-5.206804,0.001209
804,6.700000,-0.000104,0.564871,0.001143,-0.825178,0.283223,0.528951,-5.205461,0.001216
805,6.708333,-0.000170,0.565098,0.001224,-0.825023,0.280582,0.528962,-5.204118,0.001243
806,6.716667,-0.000115,0.565285,0.001078,-0.824895,0.278066,0.528935,-5.202833,0.001185
807,6.725000,-0.000213,0.565623,0.001162,-0.824663,0.275351,0.528901,-5.201432,0.001184
808,6.733333,-0.000186,0.565955,0.001126,-0.824435,0.272757,0.528858,-5.200107,0.001211
809,6.741667,-0.000242,0.566178,0.001134,-0.824282,0.270107,0.528859,-5.198800,0.001208
810,6.750000,-0.000322,0.566405,0.001059,-0.824127,0.267518,0.528772,-5.197457,0.001177
811,6.758333,-0.000355,0.566673,0.001093,-0.823942,0.264878,0.528795,-5.196115,0.001217
812,6.766667,-0.000332,0.566958,0.000991,-0.823746,0.262269,0.528764,-5.194778,0.001197
813,6.775000,-0.000388,0.567236,0.001043,-0.823555,0.259605,0.528747,-5.193437,0.001166
814,6.783333,-0.000417,0.567442,0.000942,-0.823413,0.257115,0.528724,-5.192170,0.001193
815,6.791667,-0.000532,0.567768,0.001006,-0.823188,0.254349,0.528681,-5.190814,0.001189
816,6.800000,-0.000431,0.567960,0.000941,-0.823055,0.251817,0.528656,-5.189494,0.001159
817,6.808333,-0.000537,0.568194,0.000961,-0.822894,0.249183,0.528667,-5.188169,0.001208
818,6.816667,-0.000565,0.568483,0.000916,-0.822694,0.246588,0.528618,-5.186796,0.001195
819,6.825000,-0.000572,0.568769,0.000937,-0.822497,0.243920,0.528588,-5.185512,0.001144
820,6.833333,-0.000613,0.569026,0.000980,-0.822318,0.241312,0.528569,-5.184143,0.001192
821,6.841667,-0.000748,0.569402,0.001091,-0.822058,0.238625,0.528574,-5.182802,0.001194
822,6.850000,-0.000700,0.569660,0.001066,-0.821879,0.235933,0.528527,-5.181482,0.001176
823,6.858333,-0.000729,0.569970,0.001079,-0.821665,0.233320,0.528512,-5.180104,0.001197
824,6.866667,-0.000770,0.570197,0.001095,-0.821507,0.230695,0.528506,-5.178814,0.001228
825,6.875000,-0.000829,0.570458,0.001082,-0.821326,0.228031,0.528460,-5.177482,0.001148
826,6.883333,-0.000799,0.570743,0.001149,-0.821128,0.225412,0.528478,-5.176176,0.001231
827,6.891667,-0.000800,0.571006,0.001102,-0.820945,0.222785,0.528494,-5.174817,0.001190
828,6.900000,-0.000851,0.571349,0.001194,-0.820706,0.220085,0.528517,-5.173507,0.001227
829,6.908333,-0.000867,0.571572,0.001215,-0.820551,0.217483,0.528468,-5.172179,0.001170
830,6.916667,-0.000831,0.571836,0.000946,-0.820367,0.214838,0.528588,-5.170845,0.001150
831,6.925000,-0.000814,0.572115,0.001012,-0.820172,0.212084,0.528467,-5.169501,0.001130
832,6.933333,-0.000829,0.572443,0.001158,-0.819943,0.209467,0.528523,-5.168253,0.001183
833,6.941667,-0.000937,0.572784,0.001012,-0.819705,0.206812,0.528584,-5.166892,0.001168
834,6.950000,-0.000907,0.573095,0.001067,-0.819488,0.204165,0.528615,-5.165615,0.001152
835,6.958333,-0.000830,0.573177,0.001132,-0.819430,0.201576,0.528599,-5.164341,0.001149
836,6.966667,-0.000893,0.573638,0.001109,-0.819108,0.198826,0.528648,-5.163006,0.001146
837,6.975000,-0.000843,0.573739,0.001144,-0.819037,0.196273,0.528605,-5.161753,0.001146
838,6.983333,-0.000856,0.574011,0.001215,-0.818846,0.193588,0.528615,-5.160470,0.001153
839,6.991667,-0.000827,0.574329,0.001161,-0.818623,0.190887,0.528653,-5.159119,0.001143
840,7.000000,-0.000786,0.574547,0.001226,-0.818470,0.188224,0.528671,-5.157874,0.001153
841,7.008333,-0.000828,0.574941,0.001331,-0.818193,0.185497,0.528683,-5.156566,0.001152
842,7.016667,-0.000822,0.575079,0.001327,-0.818097,0.182902,0.528759,-5.155313,0.001165
843,7.025000,-0.000730,0.575402,0.001355,-0.817869,0.180240,0.528794,-5.154015,0.001162
844,7.033333,-0.000804,0.575775,0.001425,-0.817607,0.177481,0.528779,-5.152700,0.001164
845,7.041667,-0.000646,0.575999,0.001243,-0.817449,0.174848,0.528851,-5.151408,0.001113
846,7.050000,-0.000745,0.576270,0.001436,-0.817257,0.172129,0.528838,-5.150140,0.001181
847,7.058333,-0.000694,0.576620,0.001456,-0.817011,0.169436,0.528859,-5.148840,0.001145
848,7.066667,-0.000637,0.576788,0.001394,-0.816892,0.166836,0.528934,-5.147623,0.001136
849,7.075000,-0.000599,0.577127,0.001350,-0.816653,0.164117,0.529042,-5.146284,0.001126
850,7.083333,-0.000765,0.577350,0.001419,-0.816496,0.161462,0.529130,-5.145031,0.001163
851,7.091667,-0.000769,0.577591,0.001392,-0.816325,0.158762,0.529189,-5.143801,0.001155
852,7.100000,-0.000778,0.577993,0.001467,-0.816040,0.156028,0.529184,-5.142413,0.001180
853,7.108333,-0.000657,0.578122,0.001434,-0.815949,0.153402,0.529248,-5.141238,0.001153
854,7.116667,-0.000633,0.578441,0.001437,-0.815723,0.150749,0.529284,-5.139932,0.001178
855,7.125000,-0.000710,0.578710,0.001509,-0.815532,0.148060,0.529351,-5.138683,0.001177
856,7.133333,-0.000585,0.578975,0.001469,-0.815343,0.145323,0.529379,-5.137431,0.001153
857,7.141667,-0.000669,0.579344,0.001568,-0.815081,0.142549,0.529429,-5.136062,0.001174
858,7.150000,-0.000571,0.579489,0.001455,-0.814979,0.139941,0.529497,-5.134884,0.001133
859,7.158333,-0.000478,0.579758,0.001543,-0.814788,0.137220,0.529517,-5.133572,0.001154
860,7.166667,-0.000538,0.580026,0.001517,-0.814597,0.134514,0.529560,-5.132327,0.001149
861,7.175000,-0.000507,0.580261,0.001497,-0.814429,0.131780,0.529633,-5.131038,0.001160
862,7.183333,-0.000343,0.580571,0.001497,-0.814208,0.129089,0.529632,-5.129758,0.001130
863,7.191667,-0.000409,0.580816,0.001517,-0.814033,0.126363,0.529718,-5.128525,0.001152
864,7.200000,-0.000430,0.581081,0.001486,-0.813844,0.123716,0.529793,-5.127252,0.001122
865,7.208333,-0.000373,0.581372,0.001524,-0.813636,0.120963,0.529849,-5.125979,0.001150
866,7.216667,-0.000278,0.581619,0.001467,-0.813460,0.118215,0.529884,-5.124742,0.001173
867,7.225000,-0.000329,0.581995,0.001558,-0.813190,0.115460,0.529918,-5.123387,0.001153
868,7.233333,-0.000387,0.582208,0.001567,-0.813038,0.112758,0.529912,-5.122130,0.001129
869,7.241667,-0.000301,0.582506,0.001578,-0.812825,0.110027,0.529953,-5.120877,0.001156
870,7.250000,-0.000258,0.582660,0.001536,-0.812715,0.107368,0.530052,-5.119634,0.001134
871,7.258333,-0.000202,0.582890,0.001507,-0.812550,0.104636,0.530068,-5.118340,0.001134
872,7.266667,-0.000240,0.583159,0.001537,-0.812357,0.101901,0.530113,-5.117106,0.001184
873,7.275000,-0.000281,0.583451,0.001533,-0.812147,0.099200,0.530145,-5.115864,0.001158
874,7.283333,-0.000216,0.583688,0.001549,-0.811976,0.096493,0.530194,-5.114567,0.001166
875,7.291667,-0.000164,0.583940,0.001558,-0.811795,0.093837,0.530210,-5.113320,0.001146
876,7.300000,-0.000164,0.584188,0.001537,-0.811617,0.091074,0.530230,-5.112071,0.001170
877,7.308333,-0.000172,0.584462,0.001559,-0.811419,0.088341,0.530244,-5.110792,0.001136
878,7.316667,-0.000188,0.584700,0.001596,-0.811248,0.085552,0.530279,-5.109529,0.001157
879,7.325000,-0.000109,0.585004,0.001532,-0.811029,0.082868,0.530295,-5.108250,0.001147
880,7.333333,-0.000181,0.585226,0.001608,-0.810868,0.080098,0.530355,-5.107033,0.001136
881,7.341667,-0.000161,0.585498,0.001554,-0.810672,0.077355,0.530328,-5.105718,0.001142
882,7.350000,-0.000174,0.585737,0.001609,-0.810500,0.074592,0.530373,-5.104511,0.001129
883,7.358333,-0.000155,0.586016,0.001567,-0.810298,0.071911,0.530352,-5.103211,0.001157
884,7.366667,-0.000087,0.586275,0.001610,-0.810110,0.069138,0.530391,-5.101924,0.001151
885,7.375000,-0.000122,0.586536,0.001628,-0.809921,0.066447,0.530396,-5.100679,0.001146
886,7.383333,-0.000160,0.586777,0.001635,-0.809747,0.063678,0.530399,-5.099410,0.001151
887,7.391667,-0.000148,0.587026,0.001610,-0.809566,0.060958,0.530413,-5.098133,0.001126
888,7.400000,-0.000207,0.587267,0.001636,-0.809392,0.058204,0.530417,-5.096920,0.001155
889,7.408333,-0.000099,0.587557,0.001658,-0.809181,0.055449,0.530396,-5.095608,0.001140
890,7.416667,-0.000154,0.587801,0.001690,-0.809004,0.052689,0.530428,-5.094389,0.001150
891,7.425000,-0.000193,0.588149,0.001711,-0.808750,0.049861,0.530375,-5.093072,0.001134
892,7.433333,-0.000224,0.588283,0.001720,-0.808654,0.047173,0.530415,-5.091869,0.001155
893,7.441667,-0.000238,0.588562,0.001705,-0.808450,0.044421,0.530411,-5.090617,0.001154
894,7.450000,-0.000203,0.588837,0.001747,-0.808250,0.041673,0.530420,-5.089342,0.001142
895,7.458333,-0.000190,0.589107,0.001744,-0.808054,0.038911,0.530369,-5.088119,0.001139
896,7.466667,-0.000250,0.589326,0.001745,-0.807893,0.036140,0.530371,-5.086888,0.001156
897,7.475000,-0.000263,0.589584,0.001795,-0.807705,0.033332,0.530328,-5.085632,0.001140
898,7.483333,-0.000242,0.589863,0.001810,-0.807501,0.030569,0.530333,-5.084386,0.001162
899,7.491667,-0.000179,0.590146,0.001824,-0.807294,0.027799,0.530314,-5.083143,0.001148
900,7.500000,-0.000275,0.590357,0.001862,-0.807140,0.025023,0.530286,-5.081894,0.001152
901,7.508333,-0.000263,0.590640,0.001870,-0.806933,0.022276,0.530302,-5.080650,0.001136
902,7.516667,-0.000298,0.590902,0.001887,-0.806741,0.019456,0.530260,-5.079412,0.001173
903,7.525000,-0.000276,0.591151,0.001897,-0.806558,0.016711,0.530252,-5.078212,0.001180
904,7.533333,-0.000309,0.591402,0.001879,-0.806374,0.013957,0.530241,-5.076933,0.001113
905,7.541667,-0.000293,0.591629,0.001903,-0.806208,0.011179,0.530213,-5.075710,0.001174
906,7.550000,-0.000350,0.591938,0.001947,-0.805981,0.008393,0.530194,-5.074467,0.001130
907,7.558333,-0.000358,0.592174,0.001948,-0.805808,0.005622,0.530163,-5.073244,0.001165
908,7.566667,-0.000371,0.592237,0.001998,-0.805761,0.002939,0.530096,-5.072125,0.001135
909,7.575000,-0.000286,0.592542,0.001946,-0.805537,0.000124,0.530078,-5.070899,0.001195
910,7.583333,0.000984,0.594123,0.002252,-0.804371,-0.003828,0.530031,-5.069379,0.000582
911,7.591667,0.000056,0.592914,0.001652,-0.805264,-0.005674,0.530337,-5.069099,0.001221
912,7.600000,0.000916,0.594617,0.002469,-0.804005,-0.009264,0.529891,-5.066767,0.000814
913,7.608333,0.001090,0.595038,0.002219,-0.803694,-0.012245,0.529963,-5.065729,0.000657
914,7.616667,0.000082,0.593670,0.001634,-0.804707,-0.013996,0.530268,-5.065457,0.001232
915,7.625000,0.000975,0.595450,0.002519,-0.803388,-0.017652,0.529772,-5.063140,0.000849
916,7.633333,-0.000468,0.594454,0.002034,-0.804127,-0.019494,0.529830,-5.062223,0.001277
917,7.641667,-0.000459,0.594791,0.002081,-0.803878,-0.022300,0.529795,-5.061020,0.001265
918,7.650000,-0.000482,0.595022,0.002060,-0.803707,-0.025096,0.529775,-5.059796,0.001296
919,7.658333,-0.000440,0.595270,0.002064,-0.803523,-0.027893,0.529768,-5.058626,0.001235
920,7.666667,-0.000409,0.595433,0.001947,-0.803403,-0.030647,0.529749,-5.057433,0.001216
921,7.675000,-0.000417,0.595695,0.002003,-0.803208,-0.033449,0.529728,-5.056284,0.001265
922,7.683333,-0.000550,0.596022,0.002054,-0.802965,-0.036316,0.529667,-5.055001,0.001364
923,7.691667,-0.000447,0.596281,0.001950,-0.802773,-0.039083,0.529640,-5.053892,0.001271
924,7.700000,-0.000438,0.596514,0.001907,-0.802601,-0.041923,0.529594,-5.052707,0.001277
925,7.708333,-0.000463,0.596798,0.001875,-0.802390,-0.044716,0.529581,-5.051491,0.001256
926,7.716667,-0.000458,0.596998,0.001832,-0.802240,-0.047543,0.529540,-5.050349,0.001271
927,7.725000,-0.000430,0.597224,0.001737,-0.802073,-0.050262,0.529510,-5.049170,0.001234
928,7.733333,-0.000466,0.597469,0.001682,-0.801890,-0.053088,0.529500,-5.048039,0.001227
929,7.741667,-0.000527,0.597790,0.001655,-0.801651,-0.055982,0.529470,-5.046846,0.001281
930,7.750000,-0.000432,0.597972,0.001550,-0.801515,-0.058733,0.529481,-5.045688,0.001223
931,7.758333,-0.000387,0.598229,0.001402,-0.801324,-0.061561,0.529437,-5.044540,0.001187
932,7.766667,-0.000451,0.598496,0.001372,-0.801125,-0.064382,0.529411,-5.043384,0.001241
933,7.775000,-0.000486,0.598793,0.001332,-0.800903,-0.067331,0.529343,-5.042249,0.001278
934,7.783333,-0.000441,0.599059,0.001283,-0.800704,-0.070091,0.529319,-5.041033,0.001240
935,7.791667,-0.000369,0.599198,0.001103,-0.800600,-0.072892,0.529332,-5.039928,0.001208
936,7.800000,-0.000402,0.599495,0.001122,-0.800377,-0.075717,0.529324,-5.038804,0.001224
937,7.808333,-0.000411,0.599738,0.000969,-0.800196,-0.078514,0.529322,-5.037662,0.001222
938,7.816667,-0.000415,0.600003,0.000911,-0.799997,-0.081385,0.529323,-5.036556,0.001175
939,7.825000,-0.000433,0.600228,0.000829,-0.799828,-0.084185,0.529333,-5.035372,0.001245
940,7.833333,-0.000372,0.600461,0.000730,-0.799654,-0.087028,0.529315,-5.034248,0.001188
941,7.841667,-0.000454,0.600744,0.000669,-0.799441,-0.089875,0.529287,-5.033110,0.001246
942,7.850000,-0.000462,0.601001,0.000586,-0.799248,-0.092705,0.529265,-5.031969,0.001213
943,7.858333,-0.000445,0.601225,0.000460,-0.799079,-0.095548,0.529227,-5.030869,0.001191
944,7.866667,-0.000555,0.601436,0.000455,-0.798921,-0.098293,0.529165,-5.029678,0.001208
945,7.875000,-0.000482,0.601718,0.000309,-0.798709,-0.101203,0.529174,-5.028609,0.001233
946,7.883333,-0.000490,0.601995,0.000253,-0.798500,-0.104027,0.529137,-5.027434,0.001203
947,7.891667,-0.000491,0.602213,0.000074,-0.798335,-0.106925,0.529124,-5.026370,0.001213
948,7.900000,-0.000584,0.602550,0.000114,-0.798081,-0.109804,0.529066,-5.025188,0.001231
949,7.908333,-0.000666,0.602793,-0.000000,-0.797897,-0.112641,0.529085,-5.024076,0.001258
950,7.916667,-0.000621,0.603065,-0.000101,-0.797692,-0.115505,0.529061,-5.022974,0.001209
951,7.925000,-0.000500,0.603236,-0.000220,-0.797562,-0.118284,0.529069,-5.021871,0.001233
952,7.933333,-0.000669,0.603447,-0.000361,-0.797403,-0.121060,0.529136,-5.020790,0.001146
953,7.941667,-0.000513,0.603750,-0.000355,-0.797174,-0.123967,0.529107,-5.019674,0.001221
954,7.950000,-0.000659,0.604010,-0.000429,-0.796976,-0.126755,0.529144,-5.018577,0.001168
955,7.958333,-0.000576,0.604218,-0.000560,-0.796819,-0.129681,0.529113,-5.017471,0.001176
956,7.966667,-0.000536,0.604494,-0.000580,-0.796609,-0.132546,0.529074,-5.016348,0.001164
957,7.975000,-0.000521,0.604729,-0.000661,-0.796431,-0.135386,0.529068,-5.015242,0.001199
958,7.983333,-0.000587,0.605015,-0.000674,-0.796214,-0.138241,0.529073,-5.014183,0.001188
959,7.991667,-0.000559,0.605224,-0.000783,-0.796055,-0.141081,0.529052,-5.013102,0.001148
960,8.000000,-0.000687,0.605490,-0.000787,-0.795852,-0.143896,0.529048,-5.012005,0.001191
961,8.008333,-0.000714,0.605709,-0.000911,-0.795686,-0.146712,0.529109,-5.010960,0.001118
962,8.016667,-0.000721,0.605997,-0.000940,-0.795466,-0.149582,0.529086,-5.009843,0.001127
963,8.025000,-0.000571,0.606278,-0.000943,-0.795252,-0.152502,0.529018,-5.008757,0.001203
964,8.033333,-0.000656,0.606496,-0.001022,-0.795086,-0.155369,0.529000,-5.007689,0.001172
965,8.041667,-0.000708,0.606726,-0.001040,-0.794910,-0.158184,0.528997,-5.006581,0.001163
966,8.050000,-0.000608,0.607001,-0.001075,-0.794701,-0.161041,0.528958,-5.005488,0.001159
967,8.058333,-0.000582,0.607244,-0.001079,-0.794515,-0.163938,0.528977,-5.004438,0.001164
968,8.066667,-0.000516,0.607468,-0.001093,-0.794343,-0.166760,0.529008,-5.003384,0.001155
969,8.075000,-0.000555,0.607738,-0.001116,-0.794136,-0.169618,0.529001,-5.002268,0.001186
970,8.083333,-0.000548,0.607990,-0.001105,-0.793944,-0.172505,0.528966,-5.001206,0.001152
971,8.091667,-0.000526,0.608222,-0.001095,-0.793766,-0.175410,0.528955,-5.000118,0.001203
972,8.100000,-0.000455,0.608512,-0.001108,-0.793544,-0.178245,0.528927,-4.999026,0.001148
973,8.108333,-0.000415,0.608711,-0.001135,-0.793391,-0.181066,0.528974,-4.998031,0.001210
974,8.116667,-0.000403,0.608996,-0.001092,-0.793173,-0.183907,0.528927,-4.996942,0.001187
975,8.125000,-0.000391,0.609253,-0.001075,-0.792975,-0.186766,0.528934,-4.995858,0.001152
976,8.133333,-0.000359,0.609488,-0.001080,-0.792794,-0.189646,0.528934,-4.994833,0.001164
977,8.141667,-0.000379,0.609716,-0.001033,-0.792619,-0.192405,0.528939,-4.993770,0.001133
978,8.150000,-0.000257,0.609949,-0.001036,-0.792440,-0.195360,0.528883,-4.992773,0.001167
979,8.158333,-0.000205,0.610202,-0.001003,-0.792245,-0.198201,0.528795,-4.991671,0.001114
980,8.166667,-0.000235,0.610491,-0.000941,-0.792022,-0.201089,0.528774,-4.990622,0.001154
981,8.175000,-0.000206,0.610697,-0.000877,-0.791864,-0.203971,0.528755,-4.989602,0.001174
982,8.183333,-0.000279,0.610921,-0.000816,-0.791691,-0.206853,0.528752,-4.988571,0.001169
983,8.191667,-0.000173,0.611188,-0.000813,-0.791485,-0.209711,0.528728,-4.987517,0.001152
984,8.200000,-0.000096,0.611447,-0.000735,-0.791285,-0.212552,0.528703,-4.986473,0.001168
985,8.208333,-0.000148,0.611664,-0.000697,-0.791118,-0.215284,0.528736,-4.985456,0.001179
986,8.216667,-0.000073,0.611938,-0.000649,-0.790905,-0.218131,0.528668,-4.984389,0.001118
987,8.225000,-0.000019,0.612203,-0.000559,-0.790701,-0.221122,0.528623,-4.983352,0.001169
988,8.233333,0.000074,0.612435,-0.000531,-0.790521,-0.224053,0.528593,-4.982324,0.001179
989,8.241667,0.000097,0.612681,-0.000411,-0.790331,-0.226891,0.528618,-4.981256,0.001150
990,8.250000,0.000193,0.612969,-0.000355,-0.790107,-0.229767,0.528558,-4.980170,0.001147
991,8.258333,0.000196,0.613139,-0.000296,-0.789975,-0.232615,0.528554,-4.979171,0.001142
992,8.266667,0.000226,0.613488,-0.000155,-0.789704,-0.235560,0.528486,-4.978149,0.001180
993,8.275000,0.000226,0.613666,-0.000188,-0.789566,-0.238348,0.528430,-4.977114,0.001125
994,8.283333,0.000263,0.613965,-0.000030,-0.789334,-0.241249,0.528401,-4.976133,0.001250
995,8.291667,0.000334,0.614142,-0.000048,-0.789195,-0.244116,0.528354,-4.975082,0.001248
996,8.300000,0.000374,0.614408,0.000082,-0.788989,-0.247025,0.528294,-4.974079,0.001256
997,8.308333,0.000377,0.614663,0.000132,-0.788790,-0.249980,0.528202,-4.972976,0.001120
998,8.316667,0.000327,0.614917,0.000222,-0.788592,-0.252877,0.528169,-4.971976,0.001153
999,8.325000,0.000350,0.615154,0.000239,-0.788407,-0.255767,0.528089,-4.970967,0.001181
1000,8.333333,0.000400,0.615413,0.000314,-0.788205,-0.258632,0.528027,-4.969922,0.001151
1001,8.341667,0.000389,0.615702,0.000406,-0.787979,-0.261519,0.527950,-4.968884,0.001161
1002,8.350000,0.000340,0.615895,0.000449,-0.787828,-0.264444,0.527927,-4.967866,0.001149
1003,8.358333,0.000364,0.616180,0.000542,-0.787605,-0.267347,0.527901,-4.966871,0.001179
1004,8.366667,0.000428,0.616421,0.000562,-0.787416,-0.270220,0.527827,-4.965820,0.001131
1005,8.375000,0.000354,0.616694,0.000653,-0.787203,-0.273025,0.527829,-4.964846,0.001121
1006,8.383333,0.000314,0.616886,0.000713,-0.787052,-0.275922,0.527776,-4.963868,0.001213
1007,8.391667,0.000400,0.617181,0.000805,-0.786821,-0.278947,0.527705,-4.962824,0.001264
1008,8.400000,0.000463,0.617433,0.000764,-0.786623,-0.281871,0.527613,-4.961746,0.001156
1009,8.408333,0.000499,0.617724,0.000905,-0.786394,-0.284824,0.527573,-4.960807,0.001247
1010,8.416667,0.000415,0.617955,0.000907,-0.786213,-0.287721,0.527503,-4.959752,0.001186
1011,8.425000,0.000404,0.618230,0.000992,-0.785996,-0.290680,0.527430,-4.958779,0.001194
1012,8.433333,0.000334,0.618447,0.000980,-0.785826,-0.293584,0.527358,-4.957779,0.001196
1013,8.441667,0.000395,0.618719,0.000997,-0.785612,-0.296525,0.527282,-4.956790,0.001176
1014,8.450000,0.000323,0.618990,0.001051,-0.785398,-0.299365,0.527232,-4.955863,0.001215
1015,8.458333,0.000337,0.619246,0.001057,-0.785196,-0.302382,0.527144,-4.954859,0.001175
1016,8.466667,0.000337,0.619506,0.001074,-0.784991,-0.305215,0.527083,-4.953881,0.001126
1017,8.475000,0.000317,0.619774,0.001080,-0.784780,-0.308268,0.526979,-4.952895,0.001172
1018,8.483333,0.000305,0.620015,0.001163,-0.784589,-0.311214,0.526924,-4.951897,0.001211
1019,8.491667,0.000205,0.620230,0.001136,-0.784419,-0.314144,0.526859,-4.950990,0.001234
1020,8.500000,0.000263,0.620461,0.001142,-0.784236,-0.317029,0.526816,-4.949999,0.001251
1021,8.508333,0.000214,0.620779,0.001142,-0.783985,-0.319925,0.526789,-4.949077,0.001192
1022,8.516667,0.000212,0.620995,0.001109,-0.783814,-0.322882,0.526798,-4.948139,0.001231
1023,8.525000,0.000136,0.621236,0.001113,-0.783623,-0.325826,0.526770,-4.947169,0.001207
1024,8.533333,0.000165,0.621506,0.001126,-0.783409,-0.328768,0.526715,-4.946237,0.001191
1025,8.541667,0.000139,0.621770,0.001099,-0.783200,-0.331690,0.526653,-4.945294,0.001203
1026,8.550000,0.000122,0.622016,0.001110,-0.783004,-0.334651,0.526597,-4.944356,0.001202
1027,8.558333,0.000223,0.622318,0.001112,-0.782764,-0.337760,0.526506,-4.943388,0.001177
1028,8.566667,0.000219,0.622540,0.001038,-0.782588,-0.340695,0.526449,-4.942451,0.001143
1029,8.575000,0.000256,0.622831,0.001097,-0.782356,-0.343650,0.526372,-4.941540,0.001134
1030,8.583333,0.000193,0.623033,0.001004,-0.782195,-0.346580,0.526323,-4.940619,0.001145
1031,8.591667,0.000185,0.623308,0.001044,-0.781976,-0.349545,0.526261,-4.939740,0.001252
1032,8.600000,0.000167,0.623527,0.000937,-0.781801,-0.352427,0.526261,-4.938891,0.001224
1033,8.608333,0.000111,0.623785,0.000893,-0.781596,-0.355348,0.526166,-4.937923,0.001111
1034,8.616667,0.000158,0.624029,0.000892,-0.781400,-0.358321,0.526127,-4.937085,0.001197
1035,8.625000,0.000117,0.624275,0.000825,-0.781204,-0.361332,0.526076,-4.936115,0.001138
1036,8.633333,0.000159,0.624476,0.000783,-0.781043,-0.364193,0.526080,-4.935283,0.001218
1037,8.641667,0.000083,0.624720,0.000787,-0.780849,-0.367187,0.526096,-4.934401,0.001198
1038,8.650000,0.000133,0.624965,0.000674,-0.780652,-0.370130,0.526033,-4.933443,0.001078
1039,8.658333,0.000060,0.625212,0.000709,-0.780455,-0.373168,0.526024,-4.932575,0.001210
1040,8.666667,0.000161,0.625471,0.000569,-0.780247,-0.376088,0.525938,-4.931619,0.001129
1041,8.675000,0.000139,0.625700,0.000583,-0.780064,-0.379084,0.525953,-4.930741,0.001150
1042,8.683333,0.000101,0.625945,0.000506,-0.779867,-0.381970,0.525955,-4.929893,0.001150
1043,8.691667,0.000071,0.626150,0.000492,-0.779702,-0.384916,0.525931,-4.928977,0.001167
1044,8.700000,0.000071,0.626403,0.000414,-0.779499,-0.387829,0.525942,-4.928123,0.001118
1045,8.708333,0.000105,0.626652,0.000365,-0.779299,-0.390811,0.525909,-4.927175,0.001063
1046,8.716667,0.000030,0.626842,0.000326,-0.779146,-0.393754,0.525949,-4.926378,0.001139
1047,8.725000,0.000078,0.627160,0.000273,-0.778891,-0.396825,0.525881,-4.925426,0.001044
1048,8.733333,0.000101,0.627342,0.000247,-0.778744,-0.399850,0.525864,-4.924557,0.001093
1049,8.741667,0.000092,0.627596,0.000205,-0.778540,-0.402753,0.525828,-4.923673,0.001024
1050,8.750000,0.000298,0.627522,-0.000689,-0.778598,-0.405713,0.525560,-4.922490,0.001320
1051,8.758333,0.000206,0.627780,-0.000730,-0.778391,-0.408642,0.525556,-4.921599,0.001154
1052,8.766667,0.000176,0.628091,-0.000419,-0.778140,-0.411717,0.525652,-4.920815,0.001147
1053,8.775000,0.000209,0.628252,-0.000798,-0.778009,-0.414532,0.525570,-4.919867,0.001191
1054,8.783333,0.000165,0.628489,-0.000774,-0.777818,-0.417538,0.525601,-4.918978,0.001216
1055,8.791667,0.000231,0.628778,-0.000803,-0.777585,-0.420551,0.525596,-4.918084,0.001225
1056,8.800000,0.000089,0.628970,-0.000789,-0.777430,-0.423557,0.525602,-4.917161,0.001253
1057,8.808333,0.000068,0.629228,-0.000797,-0.777221,-0.426544,0.525600,-4.916310,0.001224
1058,8.816667,-0.000011,0.629443,-0.000806,-0.777046,-0.429518,0.525630,-4.915416,0.001194
1059,8.825000,-0.000031,0.629741,-0.000578,-0.776805,-0.432575,0.525700,-4.914595,0.001204
1060,8.833333,0.000012,0.630020,-0.000755,-0.776578,-0.435569,0.525696,-4.913648,0.001190
1061,8.841667,-0.000111,0.630203,-0.000565,-0.776431,-0.438598,0.525743,-4.912810,0.001243
1062,8.850000,-0.000130,0.630399,-0.000554,-0.776271,-0.441595,0.525769,-4.911917,0.001191
1063,8.858333,-0.000160,0.630713,-0.000562,-0.776016,-0.444644,0.525763,-4.911030,0.001187
1064,8.866667,-0.000204,0.630896,-0.000546,-0.775867,-0.447604,0.525760,-4.910134,0.001171
1065,8.875000,-0.000214,0.631202,-0.000538,-0.775618,-0.450625,0.525768,-4.909248,0.001220
1066,8.883333,-0.000227,0.631356,-0.000519,-0.775493,-0.453627,0.525787,-4.908340,0.001218
1067,8.891667,-0.000305,0.631632,-0.000514,-0.775268,-0.456681,0.525804,-4.907472,0.001242
1068,8.900000,-0.000270,0.631905,-0.000506,-0.775046,-0.459694,0.525810,-4.906543,0.001190
1069,8.908333,-0.000385,0.632169,-0.000602,-0.774830,-0.462674,0.525784,-4.905711,0.001198
1070,8.916667,-0.000450,0.632394,-0.000631,-0.774647,-0.465716,0.525773,-4.904816,0.001194
1071,8.925000,-0.000479,0.632670,-0.000536,-0.774421,-0.468868,0.525767,-4.903967,0.001304
1072,8.933333,-0.000543,0.632873,-0.000522,-0.774255,-0.471834,0.525779,-4.903064,0.001264
1073,8.941667,-0.000523,0.633189,-0.000422,-0.773997,-0.474881,0.525844,-4.902225,0.001241
1074,8.950000,-0.000580,0.633408,-0.000486,-0.773818,-0.477800,0.525869,-4.901334,0.001179
1075,8.958333,-0.000596,0.633686,-0.000412,-0.773590,-0.480877,0.525900,-4.900472,0.001207
1076,8.966667,-0.000640,0.633961,-0.000399,-0.773365,-0.483966,0.525924,-4.899606,0.001198
1077,8.975000,-0.000637,0.634236,-0.000298,-0.773140,-0.487053,0.525955,-4.898717,0.001126
1078,8.983333,-0.000711,0.634455,-0.000283,-0.772960,-0.490016,0.525973,-4.897890,0.001158
1079,8.991667,-0.000711,0.634754,-0.000243,-0.772714,-0.493139,0.526007,-4.897055,0.001222
1080,9.000000,-0.000772,0.634918,-0.000245,-0.772579,-0.496141,0.526044,-4.896197,0.001163
1081,9.008333,-0.000810,0.635197,-0.000193,-0.772350,-0.499223,0.526087,-4.895357,0.001194
1082,9.016667,-0.000769,0.635470,-0.000167,-0.772125,-0.502238,0.526117,-4.894524,0.001135
1083,9.025000,-0.000839,0.635706,-0.000167,-0.771931,-0.505283,0.526126,-4.893663,0.001169
1084,9.033333,-0.000863,0.635988,-0.000101,-0.771699,-0.508332,0.526178,-4.892848,0.001163
1085,9.041667,-0.000916,0.636192,-0.000079,-0.771530,-0.511367,0.526184,-4.892009,0.001175
1086,9.050000,-0.000887,0.636461,-0.000066,-0.771309,-0.514404,0.526207,-4.891210,0.001175
1087,9.058333,-0.000840,0.636744,-0.000037,-0.771075,-0.517527,0.526225,-4.890395,0.001150
1088,9.066667,-0.000939,0.636994,-0.000048,-0.770868,-0.520570,0.526238,-4.889547,0.001174
1089,9.075000,-0.000999,0.637228,0.000039,-0.770675,-0.523621,0.526268,-4.888730,0.001128
1090,9.083333,-0.001037,0.637513,0.000042,-0.770439,-0.526708,0.526274,-4.887891,0.001152
1091,9.091667,-0.001058,0.637673,0.000044,-0.770307,-0.529751,0.526306,-4.887141,0.001132
1092,9.100000,-0.001012,0.638025,0.000030,-0.770015,-0.532813,0.526316,-4.886286,0.001157
1093,9.108333,-0.000808,0.638587,0.000216,-0.769549,-0.536084,0.526288,-4.885409,0.001077
1094,9.116667,-0.000811,0.638817,0.000242,-0.769359,-0.539162,0.526313,-4.884598,0.001053
1095,9.125000,-0.000829,0.639098,0.000202,-0.769125,-0.542263,0.526316,-4.883764,0.001057
1096,9.133333,-0.000766,0.639374,0.000190,-0.768895,-0.545315,0.526360,-4.882991,0.001039
1097,9.141667,-0.000881,0.639592,0.000113,-0.768715,-0.548363,0.526393,-4.882154,0.001071
1098,9.150000,-0.000869,0.639865,0.000169,-0.768487,-0.551495,0.526417,-4.881405,0.001076
1099,9.158333,-0.000873,0.640078,0.000112,-0.768309,-0.554552,0.526427,-4.880556,0.001076
1100,9.166667,-0.000904,0.640345,0.000165,-0.768087,-0.557644,0.526400,-4.879785,0.001085
1101,9.175000,-0.000856,0.640654,0.000073,-0.767829,-0.560702,0.526434,-4.878975,0.001034
1102,9.183333,-0.000937,0.640848,0.000017,-0.767667,-0.563747,0.526424,-4.878217,0.001091
1103,9.191667,-0.000957,0.641150,0.000036,-0.767415,-0.566841,0.526439,-4.877430,0.001055
1104,9.200000,-0.001047,0.641347,0.000058,-0.767251,-0.569932,0.526458,-4.876727,0.001062
1105,9.208333,-0.001039,0.641594,-0.000078,-0.767044,-0.572994,0.526476,-4.875908,0.001086
1106,9.216667,-0.001063,0.641838,-0.000079,-0.766839,-0.576128,0.526494,-4.875125,0.001074
1107,9.225000,-0.001071,0.642151,-0.000123,-0.766577,-0.579251,0.526472,-4.874348,0.001091
1108,9.233333,-0.001149,0.642333,-0.000112,-0.766425,-0.582321,0.526476,-4.873580,0.001037
1109,9.241667,-0.001099,0.642628,-0.000131,-0.766177,-0.585401,0.526460,-4.872801,0.001043
1110,9.250000,-0.001242,0.642829,-0.000185,-0.766009,-0.588533,0.526472,-4.872017,0.001048
1111,9.258333,-0.001179,0.643144,-0.000209,-0.765744,-0.591606,0.526471,-4.871273,0.001078
1112,9.266667,-0.001273,0.643371,-0.000289,-0.765554,-0.594690,0.526492,-4.870504,0.001051
1113,9.275000,-0.001298,0.643557,-0.000332,-0.765397,-0.597769,0.526483,-4.869759,0.001059
1114,9.283333,-0.001334,0.643849,-0.000348,-0.765151,-0.600894,0.526486,-4.868984,0.001050
