Format Version,1.23,Take Name,Take 2021-07-09 18.50.59 AM_008,Take Notes,,Capture Frame Rate,120.000000,Export Frame Rate,120.000000,Capture Start Time,2021-07-11 03.30.40.450 下午,Total Frames in Take,1090,Total Exported Frames,1090,Rotation Type,Quaternion,Length Units,Meters,Coordinate Space,Local

,Type,Rigid Body,Rigid Body,Rigid Body,Rigid Body,Rigid Body,Rigid Body,Rigid Body,Rigid Body
,Name,OASES_USV,OASES_USV,OASES_USV,OASES_USV,OASES_USV,OASES_USV,OASES_USV,OASES_USV
,ID,"3BFF0C49E20A11EB1371DA7D1A00D188","3BFF0C49E20A11EB1371DA7D1A00D188","3BFF0C49E20A11EB1371DA7D1A00D188","3BFF0C49E20A11EB1371DA7D1A00D188","3BFF0C49E20A11EB1371DA7D1A00D188","3BFF0C49E20A11EB1371DA7D1A00D188","3BFF0C49E20A11EB1371DA7D1A00D188","3BFF0C49E20A11EB1371DA7D1A00D188"
,,Rotation,Rotation,Rotation,Rotation,Position,Position,Position,Mean Marker Error
Frame,Time (Seconds),X,Y,Z,W,X,Y,Z,
0,0.000000,-0.004324,0.927718,-0.009371,0.373140,1.994296,0.532577,-6.739338,0.000820
1,0.008333,-0.004325,0.927746,-0.009238,0.373073,1.993496,0.532492,-6.738564,0.000833
2,0.016667,-0.004381,0.927790,-0.009134,0.372965,1.992660,0.532364,-6.737766,0.000807
3,0.025000,-0.004329,0.927860,-0.009160,0.372792,1.991808,0.532298,-6.736974,0.000791
4,0.033333,-0.004926,0.927783,-0.008718,0.372987,1.990687,0.531974,-6.736332,0.000879
5,0.041667,-0.005079,0.927826,-0.008704,0.372877,1.989915,0.531987,-6.735456,0.000869
6,0.050000,-0.004866,0.927777,-0.008411,0.373008,1.989216,0.532100,-6.734415,0.001317
7,0.058333,-0.005128,0.927931,-0.008608,0.372618,1.988121,0.531791,-6.733797,0.000879
8,0.066667,-0.005105,0.927990,-0.008557,0.372473,1.987254,0.531660,-6.732969,0.000873
9,0.075000,-0.005101,0.928014,-0.008379,0.372416,1.986325,0.531541,-6.732141,0.000902
10,0.083333,-0.005275,0.928047,-0.008338,0.372332,1.985516,0.531557,-6.731240,0.000897
11,0.091667,-0.004934,0.928002,-0.008130,0.372454,1.984800,0.531651,-6.730145,0.001287
12,0.100000,-0.005176,0.928151,-0.008247,0.372076,1.983649,0.531333,-6.729449,0.000841
13,0.108333,-0.005138,0.928196,-0.008144,0.371967,1.982737,0.531296,-6.728561,0.000879
14,0.116667,-0.005159,0.928232,-0.008016,0.371880,1.981850,0.531220,-6.727631,0.000867
15,0.125000,-0.005170,0.928295,-0.008007,0.371722,1.980923,0.531141,-6.726719,0.000898
16,0.133333,-0.005071,0.928329,-0.007922,0.371641,1.979954,0.531094,-6.725791,0.000885
17,0.141667,-0.005083,0.928362,-0.007807,0.371562,1.979028,0.531002,-6.724824,0.000847
18,0.150000,-0.005062,0.928434,-0.007668,0.371383,1.978036,0.530894,-6.723933,0.000874
19,0.158333,-0.005036,0.928465,-0.007672,0.371306,1.977113,0.530875,-6.722917,0.000902
20,0.166667,-0.004919,0.928507,-0.007584,0.371206,1.976116,0.530827,-6.721937,0.000897
21,0.175000,-0.004882,0.928569,-0.007511,0.371052,1.975142,0.530750,-6.720916,0.000840
22,0.183333,,,,,,,,
23,0.191667,-0.004723,0.928642,-0.007298,0.370875,1.973230,0.530662,-6.718922,0.000886
24,0.200000,-0.004588,0.928692,-0.007215,0.370753,1.972234,0.530602,-6.717875,0.000868
25,0.208333,-0.004560,0.928730,-0.007143,0.370659,1.971202,0.530550,-6.716810,0.000884
26,0.216667,-0.004499,0.928792,-0.007024,0.370508,1.970170,0.530512,-6.715772,0.000902
27,0.225000,-0.004170,0.928733,-0.006703,0.370665,1.969386,0.530628,-6.714537,0.001319
28,0.233333,-0.004193,0.928874,-0.006897,0.370307,1.968155,0.530411,-6.713627,0.000912
29,0.241667,-0.004145,0.928911,-0.006744,0.370219,1.967170,0.530379,-6.712530,0.000911
30,0.250000,-0.004021,0.928970,-0.006673,0.370072,1.966137,0.530319,-6.711439,0.000925
31,0.258333,-0.003875,0.929020,-0.006689,0.369948,1.965095,0.530278,-6.710343,0.000906
32,0.266667,-0.003694,0.929063,-0.006521,0.369845,1.964090,0.530291,-6.709180,0.000895
33,0.275000,-0.003536,0.929084,-0.006436,0.369795,1.963045,0.530259,-6.708064,0.000896
34,0.283333,-0.003291,0.929139,-0.006410,0.369661,1.962030,0.530248,-6.706921,0.000929
35,0.291667,-0.003259,0.929197,-0.006286,0.369518,1.961000,0.530268,-6.705755,0.000911
36,0.300000,-0.003044,0.929259,-0.006264,0.369363,1.959938,0.530269,-6.704562,0.000918
37,0.308333,-0.002884,0.929290,-0.006144,0.369288,1.958878,0.530253,-6.703407,0.000867
38,0.316667,-0.002669,0.929345,-0.006094,0.369152,1.957842,0.530263,-6.702213,0.000884
39,0.325000,-0.002475,0.929370,-0.005966,0.369094,1.956726,0.530230,-6.701057,0.000921
40,0.333333,-0.002316,0.929405,-0.005908,0.369007,1.955733,0.530279,-6.699784,0.000866
41,0.341667,-0.002019,0.929463,-0.005896,0.368862,1.954591,0.530307,-6.698575,0.000886
42,0.350000,-0.001934,0.929519,-0.005824,0.368724,1.953519,0.530293,-6.697409,0.000900
43,0.358333,-0.001764,0.929577,-0.005795,0.368579,1.952490,0.530379,-6.696085,0.000889
44,0.366667,-0.001611,0.929619,-0.005779,0.368474,1.951396,0.530400,-6.694878,0.000919
45,0.375000,-0.001201,0.929553,-0.005379,0.368647,1.950451,0.530569,-6.693480,0.001357
46,0.383333,-0.001223,0.929733,-0.005748,0.368187,1.949201,0.530450,-6.692336,0.000905
47,0.391667,-0.001133,0.929781,-0.005695,0.368067,1.948127,0.530485,-6.691082,0.000932
48,0.400000,-0.000899,0.929804,-0.005585,0.368013,1.946719,0.530382,-6.689972,0.001091
49,0.408333,-0.000797,0.929886,-0.005708,0.367802,1.945952,0.530611,-6.688489,0.001017
50,0.416667,-0.000640,0.929936,-0.005635,0.367678,1.944863,0.530711,-6.687189,0.001093
51,0.425000,-0.000575,0.929976,-0.005643,0.367576,1.943762,0.530774,-6.685875,0.001159
52,0.433333,-0.000182,0.930017,-0.005605,0.367473,1.942408,0.530702,-6.684664,0.001045
53,0.441667,-0.000025,0.930045,-0.005631,0.367402,1.941062,0.530738,-6.683463,0.001055
54,0.450000,0.000161,0.930124,-0.005580,0.367205,1.940018,0.530763,-6.682116,0.001036
55,0.458333,0.000377,0.930189,-0.005661,0.367038,1.938867,0.530883,-6.680794,0.001033
56,0.466667,0.000264,0.930247,-0.005680,0.366890,1.937773,0.530960,-6.679397,0.001032
57,0.475000,0.000594,0.930272,-0.005721,0.366825,1.936353,0.531025,-6.678140,0.001027
58,0.483333,0.000639,0.930333,-0.005738,0.366672,1.935172,0.531055,-6.676764,0.001028
59,0.491667,0.000687,0.930368,-0.005745,0.366583,1.933999,0.531188,-6.675401,0.001043
60,0.500000,0.001027,0.930330,-0.005590,0.366679,1.932949,0.531416,-6.673864,0.001451
61,0.508333,0.000897,0.930490,-0.005947,0.366269,1.931513,0.531320,-6.672677,0.001025
62,0.516667,0.000985,0.930551,-0.005947,0.366113,1.930275,0.531422,-6.671302,0.001049
63,0.525000,0.001229,0.930496,-0.005822,0.366253,1.929247,0.531682,-6.669732,0.001480
64,0.533333,0.001113,0.930657,-0.006106,0.365841,1.927763,0.531608,-6.668520,0.001033
65,0.541667,0.001224,0.930727,-0.006182,0.365660,1.926493,0.531662,-6.667117,0.001019
66,0.550000,0.001211,0.930758,-0.006245,0.365580,1.925206,0.531746,-6.665711,0.001047
67,0.558333,0.001172,0.930831,-0.006242,0.365396,1.923926,0.531806,-6.664295,0.001039
68,0.566667,0.001310,0.930906,-0.006442,0.365199,1.922605,0.531906,-6.662883,0.001020
69,0.575000,0.001211,0.930945,-0.006446,0.365099,1.921350,0.531993,-6.661449,0.001033
70,0.583333,0.001221,0.931017,-0.006566,0.364915,1.920023,0.532081,-6.660005,0.001038
71,0.591667,0.001167,0.931081,-0.006633,0.364750,1.918680,0.532132,-6.658582,0.001052
72,0.600000,0.001200,0.931144,-0.006754,0.364586,1.917316,0.532174,-6.657122,0.001039
73,0.608333,0.001088,0.931204,-0.006770,0.364434,1.915974,0.532282,-6.655665,0.001065
74,0.616667,0.001064,0.931264,-0.006932,0.364278,1.914629,0.532332,-6.654193,0.001083
75,0.625000,0.001013,0.931324,-0.006986,0.364123,1.913240,0.532405,-6.652704,0.001028
76,0.633333,0.000940,0.931375,-0.007056,0.363992,1.911847,0.532441,-6.651208,0.001049
77,0.641667,0.000819,0.931437,-0.007143,0.363830,1.910495,0.532492,-6.649705,0.001056
78,0.650000,0.000764,0.931509,-0.007224,0.363645,1.909051,0.532521,-6.648192,0.001034
79,0.658333,0.000803,0.931465,-0.007080,0.363762,1.907862,0.532734,-6.646506,0.001471
80,0.666667,0.000517,0.931622,-0.007364,0.363354,1.906260,0.532579,-6.645154,0.001064
81,0.675000,0.000432,0.931677,-0.007476,0.363211,1.904748,0.532606,-6.643643,0.001069
82,0.683333,0.000252,0.931727,-0.007459,0.363082,1.903356,0.532629,-6.642097,0.001035
83,0.691667,0.000170,0.931802,-0.007597,0.362887,1.901924,0.532675,-6.640534,0.001071
84,0.700000,0.000002,0.931872,-0.007624,0.362708,1.900452,0.532663,-6.638973,0.001077
85,0.708333,-0.000055,0.931930,-0.007707,0.362556,1.898967,0.532610,-6.637386,0.001042
86,0.716667,-0.000339,0.931991,-0.007729,0.362398,1.897471,0.532649,-6.635809,0.001081
87,0.725000,-0.000382,0.932046,-0.007830,0.362254,1.895983,0.532603,-6.634228,0.001049
88,0.733333,-0.000627,0.932121,-0.007887,0.362061,1.894510,0.532617,-6.632622,0.001074
89,0.741667,-0.000354,0.931937,-0.007429,0.362545,1.892693,0.532419,-6.631183,0.001014
90,0.750000,-0.000866,0.932229,-0.007999,0.361780,1.891555,0.532604,-6.629373,0.001061
91,0.758333,-0.000809,0.932179,-0.007787,0.361914,1.890215,0.532737,-6.627594,0.001445
92,0.766667,-0.001262,0.932347,-0.008074,0.361472,1.888488,0.532508,-6.626115,0.001038
93,0.775000,-0.001360,0.932430,-0.008135,0.361258,1.886960,0.532457,-6.624489,0.001064
94,0.783333,-0.001595,0.932495,-0.008153,0.361087,1.885410,0.532398,-6.622833,0.001100
95,0.791667,-0.001756,0.932550,-0.008248,0.360942,1.883902,0.532353,-6.621150,0.001077
96,0.800000,-0.001866,0.932600,-0.008239,0.360813,1.882340,0.532300,-6.619465,0.001040
97,0.808333,-0.002004,0.932645,-0.008316,0.360695,1.880770,0.532226,-6.617781,0.001050
98,0.816667,-0.002264,0.932720,-0.008289,0.360500,1.879250,0.532154,-6.616101,0.001062
99,0.825000,-0.002402,0.932795,-0.008342,0.360303,1.877668,0.532084,-6.614407,0.001060
100,0.833333,-0.002667,0.932845,-0.008346,0.360170,1.876099,0.531957,-6.612698,0.001099
101,0.841667,-0.002695,0.932911,-0.008441,0.359997,1.874524,0.531927,-6.610994,0.001065
102,0.850000,-0.002801,0.932951,-0.008462,0.359893,1.872923,0.531864,-6.609249,0.001065
103,0.858333,-0.002979,0.933014,-0.008484,0.359728,1.871348,0.531742,-6.607527,0.001044
104,0.866667,-0.003174,0.933086,-0.008520,0.359538,1.869752,0.531694,-6.605777,0.001097
105,0.875000,-0.003345,0.933137,-0.008523,0.359404,1.868166,0.531561,-6.604050,0.001039
106,0.883333,-0.003514,0.933171,-0.008527,0.359315,1.866517,0.531464,-6.602321,0.001090
107,0.891667,-0.003534,0.933244,-0.008578,0.359123,1.864941,0.531413,-6.600571,0.001071
108,0.900000,-0.003735,0.933310,-0.008622,0.358950,1.863321,0.531302,-6.598797,0.001070
109,0.908333,-0.003853,0.933380,-0.008665,0.358764,1.861699,0.531230,-6.597033,0.001092
110,0.916667,-0.003888,0.933424,-0.008636,0.358651,1.859987,0.531107,-6.595324,0.001053
111,0.925000,-0.004090,0.933461,-0.008731,0.358550,1.858384,0.531037,-6.593494,0.001081
112,0.933333,-0.004078,0.933525,-0.008673,0.358384,1.856724,0.530905,-6.591763,0.001021
113,0.941667,-0.003943,0.933333,-0.008222,0.358896,1.854832,0.530738,-6.590107,0.001048
114,0.950000,-0.004508,0.933642,-0.008767,0.358072,1.853496,0.530795,-6.588171,0.001081
115,0.958333,-0.004544,0.933694,-0.008852,0.357935,1.851784,0.530699,-6.586366,0.001113
116,0.966667,-0.004769,0.933755,-0.008841,0.357772,1.850186,0.530659,-6.584569,0.001110
117,0.975000,-0.004796,0.933818,-0.008885,0.357607,1.848521,0.530556,-6.582805,0.001096
118,0.983333,-0.004573,0.933611,-0.008379,0.358162,1.846523,0.530349,-6.581143,0.001073
119,0.991667,-0.004737,0.933935,-0.008948,0.357299,1.845127,0.530375,-6.579274,0.000970
120,1.000000,-0.005069,0.933949,-0.008951,0.357258,1.843476,0.530363,-6.577374,0.001074
121,1.008333,-0.004999,0.934021,-0.008908,0.357072,1.841725,0.530247,-6.575598,0.001024
122,1.016667,-0.004937,0.933835,-0.008465,0.357569,1.839801,0.530105,-6.573877,0.001091
123,1.025000,-0.005109,0.934122,-0.008984,0.356805,1.838323,0.530123,-6.571948,0.001046
124,1.033333,-0.005365,0.934171,-0.009020,0.356672,1.836741,0.530189,-6.570084,0.001063
125,1.041667,-0.005229,0.934228,-0.009016,0.356524,1.834970,0.530083,-6.568259,0.001021
126,1.050000,-0.005517,0.934304,-0.009081,0.356320,1.833337,0.530098,-6.566394,0.001096
127,1.058333,-0.005409,0.934346,-0.009072,0.356211,1.831563,0.530012,-6.564586,0.001028
128,1.066667,-0.005517,0.934384,-0.009060,0.356109,1.829822,0.529958,-6.562758,0.001063
129,1.075000,-0.005707,0.934478,-0.009106,0.355858,1.828148,0.530009,-6.560849,0.001114
130,1.083333,-0.005339,0.934248,-0.008633,0.356480,1.826098,0.529804,-6.559166,0.001067
131,1.091667,-0.005218,0.934308,-0.008651,0.356324,1.824302,0.529752,-6.557317,0.000981
132,1.100000,-0.005721,0.934640,-0.009183,0.355431,1.822977,0.529991,-6.555265,0.001108
133,1.108333,-0.005838,0.934678,-0.009208,0.355329,1.821217,0.529986,-6.553406,0.001118
134,1.116667,-0.005423,0.934488,-0.008792,0.355845,1.819152,0.529768,-6.551654,0.001048
135,1.125000,-0.005610,0.934552,-0.008708,0.355676,1.817431,0.529804,-6.549785,0.001106
136,1.133333,-0.005927,0.934870,-0.009236,0.354821,1.815996,0.529997,-6.547762,0.001153
137,1.141667,-0.005767,0.934884,-0.009185,0.354787,1.814171,0.529925,-6.545885,0.001061
138,1.150000,-0.005710,0.934952,-0.009222,0.354608,1.812460,0.529968,-6.543993,0.001063
139,1.158333,-0.005380,0.934786,-0.008735,0.355063,1.810397,0.529833,-6.542224,0.001018
140,1.166667,-0.005238,0.934842,-0.008817,0.354916,1.808616,0.529854,-6.540315,0.000943
141,1.175000,-0.005671,0.935125,-0.009286,0.354152,1.807185,0.530084,-6.538268,0.001049
142,1.183333,-0.005474,0.934944,-0.008836,0.354643,1.805196,0.529991,-6.536464,0.001089
143,1.191667,-0.005243,0.935023,-0.008863,0.354437,1.803391,0.529977,-6.534555,0.000970
144,1.200000,-0.005446,0.935061,-0.008844,0.354335,1.801640,0.530119,-6.532628,0.001108
145,1.208333,-0.005548,0.935369,-0.009292,0.353507,1.800129,0.530275,-6.530583,0.001071
146,1.216667,-0.005811,0.935425,-0.009324,0.353353,1.798494,0.530373,-6.528627,0.001132
147,1.225000,-0.005549,0.935481,-0.009315,0.353210,1.796654,0.530372,-6.526719,0.001072
148,1.233333,-0.005106,0.935302,-0.008870,0.353703,1.794509,0.530269,-6.524910,0.001026
149,1.241667,-0.005362,0.935611,-0.009321,0.352869,1.793108,0.530511,-6.522827,0.001025
150,1.250000,-0.004955,0.935425,-0.008834,0.353381,1.791057,0.530433,-6.521019,0.000991
151,1.258333,-0.004812,0.935504,-0.008983,0.353170,1.789255,0.530491,-6.519123,0.000959
152,1.266667,-0.005047,0.935556,-0.008894,0.353031,1.787589,0.530678,-6.517087,0.001103
153,1.275000,-0.004830,0.935604,-0.008899,0.352906,1.785787,0.530730,-6.515117,0.001125
154,1.283333,-0.005050,0.935918,-0.009382,0.352057,1.784244,0.530927,-6.513054,0.001093
155,1.291667,-0.004533,0.935753,-0.008956,0.352513,1.782176,0.530855,-6.511207,0.001046
156,1.300000,-0.004697,0.935795,-0.008941,0.352400,1.780503,0.530981,-6.509207,0.001113
157,1.308333,-0.004422,0.935863,-0.008972,0.352222,1.778634,0.530985,-6.507253,0.001034
158,1.316667,-0.004301,0.935928,-0.008905,0.352054,1.776900,0.531109,-6.505277,0.001004
159,1.325000,-0.004122,0.936012,-0.009051,0.351827,1.775093,0.531177,-6.503347,0.000959
160,1.333333,-0.004094,0.936078,-0.009038,0.351653,1.773386,0.531341,-6.501331,0.001120
161,1.341667,-0.003881,0.936142,-0.009094,0.351483,1.771624,0.531386,-6.499362,0.001005
162,1.350000,-0.004217,0.936253,-0.008879,0.351190,1.769583,0.531564,-6.497313,0.001114
163,1.358333,-0.004195,0.936328,-0.008821,0.350992,1.767775,0.531654,-6.495274,0.001160
164,1.366667,-0.004143,0.936422,-0.008837,0.350741,1.765966,0.531717,-6.493281,0.001166
165,1.375000,-0.003978,0.936490,-0.008869,0.350560,1.764196,0.531848,-6.491260,0.001156
166,1.383333,-0.003890,0.936540,-0.008788,0.350429,1.762414,0.531959,-6.489218,0.001173
167,1.391667,-0.004235,0.936873,-0.009339,0.349520,1.760989,0.532246,-6.487124,0.001206
168,1.400000,-0.003242,0.936637,-0.008969,0.350171,1.758926,0.532077,-6.485232,0.000919
169,1.408333,-0.003093,0.936690,-0.008978,0.350031,1.757068,0.532167,-6.483205,0.000943
170,1.416667,-0.003012,0.936768,-0.008876,0.349824,1.755305,0.532291,-6.481134,0.000949
171,1.425000,-0.002996,0.936824,-0.008889,0.349676,1.753539,0.532423,-6.479117,0.001039
172,1.433333,-0.002689,0.936887,-0.008851,0.349511,1.751644,0.532475,-6.477030,0.000946
173,1.441667,-0.002943,0.936955,-0.008808,0.349327,1.749867,0.532616,-6.474974,0.001102
174,1.450000,-0.002737,0.937028,-0.008818,0.349132,1.748101,0.532718,-6.472899,0.001049
175,1.458333,-0.002471,0.937095,-0.008801,0.348954,1.746227,0.532753,-6.470841,0.000967
176,1.466667,-0.002912,0.937414,-0.009295,0.348080,1.744764,0.533107,-6.468606,0.001061
177,1.475000,-0.002245,0.937219,-0.008645,0.348626,1.742546,0.532938,-6.466668,0.000948
178,1.483333,-0.002194,0.937275,-0.008628,0.348477,1.740772,0.533117,-6.464561,0.001093
179,1.491667,-0.001942,0.937315,-0.008520,0.348374,1.738898,0.533130,-6.462467,0.000960
180,1.500000,-0.002168,0.937571,-0.008862,0.347673,1.737269,0.533287,-6.460298,0.000836
181,1.508333,-0.001612,0.937431,-0.008371,0.348066,1.735072,0.533175,-6.458325,0.000785
182,1.516667,-0.001494,0.937488,-0.008337,0.347915,1.733196,0.533287,-6.456188,0.000788
183,1.525000,-0.001350,0.937566,-0.008324,0.347706,1.731360,0.533376,-6.454071,0.000798
184,1.533333,-0.001591,0.937781,-0.008344,0.347125,1.729785,0.533487,-6.451850,0.000830
185,1.541667,-0.001618,0.937889,-0.008625,0.346823,1.728003,0.533669,-6.449676,0.000876
186,1.550000,-0.001157,0.937721,-0.008075,0.347294,1.725866,0.533594,-6.447671,0.000805
187,1.558333,-0.001034,0.937795,-0.008022,0.347096,1.724049,0.533645,-6.445506,0.000769
188,1.566667,-0.001397,0.938052,-0.008363,0.346391,1.722450,0.533862,-6.443270,0.000864
189,1.575000,-0.001119,0.938046,-0.007923,0.346420,1.720452,0.533808,-6.441148,0.000834
190,1.583333,-0.001210,0.938167,-0.008159,0.346084,1.718673,0.533960,-6.438972,0.000880
191,1.591667,-0.001196,0.938236,-0.008128,0.345899,1.716807,0.533985,-6.436822,0.000889
192,1.600000,-0.000939,0.938240,-0.007843,0.345896,1.714835,0.533879,-6.434686,0.000804
193,1.608333,-0.001727,0.938356,-0.008069,0.345573,1.713017,0.534232,-6.432487,0.000896
194,1.616667,-0.001773,0.938426,-0.007984,0.345384,1.711142,0.534254,-6.430342,0.000925
195,1.625000,-0.001096,0.938224,-0.007395,0.345947,1.708864,0.534023,-6.428218,0.000835
196,1.633333,-0.001778,0.938541,-0.007814,0.345075,1.707342,0.534308,-6.425979,0.000914
197,1.641667,-0.001353,0.938463,-0.007390,0.345299,1.705266,0.534135,-6.423824,0.000880
198,1.650000,-0.001178,0.938605,-0.007428,0.344912,1.703656,0.534153,-6.421595,0.001094
199,1.658333,-0.001349,0.938760,-0.007747,0.344481,1.701883,0.534328,-6.419375,0.001071
200,1.666667,-0.001178,0.938734,-0.007366,0.344562,1.699825,0.534205,-6.417202,0.001121
201,1.675000,-0.001411,0.938864,-0.007593,0.344200,1.698053,0.534316,-6.414992,0.001068
202,1.683333,-0.001143,0.938833,-0.007251,0.344294,1.696038,0.534180,-6.412827,0.001053
203,1.691667,-0.001434,0.938968,-0.007521,0.343919,1.694218,0.534332,-6.410607,0.001089
204,1.700000,-0.001205,0.938920,-0.007040,0.344060,1.692149,0.534141,-6.408470,0.001097
205,1.708333,-0.001259,0.939003,-0.007088,0.343834,1.690154,0.534122,-6.406247,0.001049
206,1.716667,-0.001411,0.939043,-0.007016,0.343725,1.688257,0.534120,-6.404068,0.001108
207,1.725000,-0.001218,0.938960,-0.006909,0.343956,1.686133,0.534025,-6.401934,0.001093
208,1.733333,-0.001279,0.939035,-0.006788,0.343752,1.684240,0.533994,-6.399713,0.001070
209,1.741667,-0.001291,0.939059,-0.006711,0.343688,1.682177,0.533926,-6.397533,0.001113
210,1.750000,-0.001500,0.939113,-0.006706,0.343541,1.680223,0.533857,-6.395320,0.001131
211,1.758333,-0.001579,0.939185,-0.006655,0.343344,1.678261,0.533747,-6.393085,0.001098
212,1.766667,-0.001544,0.939307,-0.006800,0.343007,1.676451,0.533727,-6.390919,0.001107
213,1.775000,-0.001660,0.939344,-0.006697,0.342908,1.674487,0.533684,-6.388684,0.001103
214,1.783333,-0.001732,0.939404,-0.006737,0.342742,1.672596,0.533629,-6.386447,0.001052
215,1.791667,-0.001926,0.939457,-0.006575,0.342598,1.670595,0.533529,-6.384220,0.001061
216,1.800000,-0.001894,0.939503,-0.006647,0.342470,1.668575,0.533435,-6.381976,0.001076
217,1.808333,-0.002118,0.939556,-0.006540,0.342326,1.666570,0.533327,-6.379745,0.001129
218,1.816667,-0.002232,0.939625,-0.006514,0.342136,1.664699,0.533251,-6.377462,0.001082
219,1.825000,-0.002491,0.939642,-0.006403,0.342092,1.662491,0.533146,-6.375179,0.001099
220,1.833333,-0.002455,0.939737,-0.006504,0.341827,1.660727,0.533147,-6.372936,0.001067
221,1.841667,-0.002512,0.939803,-0.006462,0.341647,1.658688,0.533019,-6.370668,0.001066
222,1.850000,-0.002761,0.939844,-0.006347,0.341535,1.656728,0.532843,-6.368402,0.001074
223,1.858333,-0.002838,0.939881,-0.006350,0.341432,1.654704,0.532739,-6.366131,0.001108
224,1.866667,-0.002921,0.939944,-0.006328,0.341258,1.652722,0.532669,-6.363871,0.001076
225,1.875000,-0.000372,0.940269,-0.008152,0.340334,1.650889,0.533534,-6.361213,0.001038
226,1.883333,-0.000623,0.940327,-0.008151,0.340174,1.648851,0.533365,-6.358915,0.001077
227,1.891667,-0.000635,0.940381,-0.008118,0.340026,1.646816,0.533244,-6.356604,0.001130
228,1.900000,-0.000462,0.940588,-0.008420,0.339445,1.645207,0.533206,-6.354244,0.001175
229,1.908333,-0.000563,0.940637,-0.008414,0.339310,1.643221,0.533101,-6.351901,0.001189
230,1.916667,-0.000614,0.940649,-0.008406,0.339277,1.641216,0.532979,-6.349667,0.001189
231,1.925000,-0.000632,0.940687,-0.008180,0.339175,1.639125,0.532799,-6.347152,0.001224
232,1.933333,-0.000745,0.940733,-0.008096,0.339051,1.637093,0.532617,-6.344834,0.001268
233,1.941667,-0.000998,0.940826,-0.008208,0.338790,1.635026,0.532325,-6.342676,0.001042
234,1.950000,-0.001130,0.940857,-0.008078,0.338705,1.632995,0.532181,-6.340369,0.001030
235,1.958333,-0.001242,0.940915,-0.008044,0.338545,1.631086,0.532147,-6.337985,0.001098
236,1.966667,-0.001461,0.940968,-0.007986,0.338400,1.629078,0.531982,-6.335588,0.001106
237,1.975000,-0.001625,0.940996,-0.007951,0.338319,1.627079,0.531807,-6.333249,0.001085
238,1.983333,-0.001839,0.941000,-0.007626,0.338315,1.624952,0.531626,-6.330861,0.001071
239,1.991667,-0.001976,0.941041,-0.007616,0.338200,1.622949,0.531470,-6.328480,0.001065
240,2.000000,-0.002029,0.940992,-0.007365,0.338343,1.620709,0.531035,-6.326280,0.000953
241,2.008333,-0.002164,0.941163,-0.007580,0.337862,1.618997,0.531090,-6.323835,0.001044
242,2.016667,-0.002237,0.941185,-0.007482,0.337801,1.616949,0.530907,-6.321472,0.001026
243,2.025000,-0.002427,0.941102,-0.007156,0.338039,1.614667,0.530521,-6.319184,0.000943
244,2.033333,-0.002591,0.941141,-0.006989,0.337932,1.612693,0.530314,-6.316811,0.000909
245,2.041667,-0.002614,0.941283,-0.007276,0.337531,1.610905,0.530372,-6.314386,0.001051
246,2.050000,-0.002398,0.941313,-0.007625,0.337439,1.608792,0.530331,-6.311999,0.001118
247,2.058333,-0.003066,0.941214,-0.006597,0.337732,1.606532,0.529642,-6.309700,0.000948
248,2.066667,-0.004678,0.941027,-0.005635,0.338253,1.604252,0.528898,-6.307682,0.000817
249,2.075000,-0.003017,0.941306,-0.006687,0.337475,1.602540,0.529365,-6.304963,0.000948
250,2.083333,-0.003064,0.941432,-0.007112,0.337114,1.600809,0.529466,-6.302502,0.001149
251,2.091667,-0.003109,0.941410,-0.006772,0.337182,1.598570,0.529098,-6.300169,0.000947
252,2.100000,-0.004393,0.941316,-0.005961,0.337445,1.596566,0.528459,-6.298069,0.000741
253,2.108333,-0.004779,0.941391,-0.006138,0.337229,1.594851,0.528476,-6.295576,0.001046
254,2.116667,-0.004658,0.941334,-0.005975,0.337393,1.592445,0.528144,-6.293316,0.000805
255,2.125000,-0.004635,0.941371,-0.006070,0.337287,1.590446,0.528005,-6.290892,0.000822
256,2.133333,-0.004596,0.941428,-0.006154,0.337128,1.588490,0.527917,-6.288486,0.000826
257,2.141667,-0.004580,0.941488,-0.006238,0.336959,1.586578,0.527800,-6.286066,0.000802
258,2.150000,-0.002738,0.941821,-0.007659,0.336016,1.585101,0.528579,-6.283293,0.001147
259,2.158333,-0.002728,0.941776,-0.007433,0.336147,1.582861,0.528231,-6.280949,0.000954
260,2.166667,-0.004181,0.941721,-0.006583,0.336304,1.580960,0.527553,-6.278766,0.000725
261,2.175000,-0.002012,0.942040,-0.008726,0.335380,1.579398,0.528634,-6.275999,0.001089
262,2.183333,-0.002654,0.941943,-0.007669,0.335674,1.577069,0.527970,-6.273682,0.000985
263,2.191667,-0.002490,0.941974,-0.007886,0.335584,1.575129,0.527907,-6.271256,0.000947
264,2.200000,-0.002479,0.941998,-0.007985,0.335514,1.573124,0.527797,-6.268850,0.000973
265,2.208333,-0.003928,0.941829,-0.007164,0.335993,1.570866,0.527151,-6.266705,0.000818
266,2.216667,-0.003861,0.941955,-0.007233,0.335639,1.569275,0.527134,-6.264244,0.000777
267,2.225000,-0.002379,0.942108,-0.008279,0.335199,1.567379,0.527750,-6.261544,0.001121
268,2.233333,-0.003839,0.941963,-0.007384,0.335613,1.565120,0.527008,-6.259446,0.000907
269,2.241667,-0.003833,0.942017,-0.007511,0.335458,1.563199,0.526974,-6.256998,0.000857
270,2.250000,-0.002036,0.942328,-0.009058,0.334561,1.561682,0.527823,-6.254184,0.001068
271,2.258333,-0.002049,0.942337,-0.008813,0.334544,1.559626,0.527634,-6.251733,0.001119
272,2.266667,-0.003271,0.942271,-0.008002,0.334740,1.557710,0.526956,-6.249575,0.000798
273,2.275000,-0.001451,0.942473,-0.009203,0.334153,1.555574,0.527528,-6.246933,0.000869
274,2.283333,-0.002549,0.942417,-0.008458,0.334324,1.553537,0.526844,-6.244742,0.000597
275,2.291667,-0.003000,0.942420,-0.008339,0.334313,1.551929,0.526954,-6.242192,0.000833
276,2.300000,-0.002810,0.942470,-0.008437,0.334172,1.549982,0.526969,-6.239736,0.000833
277,2.308333,-0.001251,0.942676,-0.009454,0.333572,1.548136,0.527562,-6.237014,0.000961
278,2.316667,-0.002900,0.942535,-0.008529,0.333987,1.545987,0.526935,-6.234818,0.000783
279,2.325000,-0.001063,0.942809,-0.009642,0.333193,1.544326,0.527588,-6.232012,0.000956
280,2.333333,-0.000667,0.942911,-0.009906,0.332898,1.542183,0.527531,-6.229613,0.000740
281,2.341667,-0.002366,0.942794,-0.008952,0.333248,1.540417,0.527090,-6.227306,0.000739
282,2.350000,-0.002211,0.942851,-0.009049,0.333084,1.538541,0.527145,-6.224814,0.000717
283,2.358333,0.000039,0.943085,-0.010778,0.332376,1.536815,0.528116,-6.222031,0.000971
284,2.366667,-0.002149,0.942839,-0.009019,0.333120,1.534480,0.527211,-6.219878,0.000824
285,2.375000,-0.002156,0.942920,-0.009053,0.332890,1.532575,0.527259,-6.217382,0.000781
286,2.383333,-0.000461,0.943155,-0.010066,0.332200,1.530916,0.527922,-6.214546,0.000947
287,2.391667,-0.000342,0.943224,-0.010129,0.332003,1.529006,0.527988,-6.212041,0.000981
288,2.400000,-0.001623,0.943157,-0.009361,0.332212,1.527016,0.527510,-6.209786,0.000747
289,2.408333,-0.000222,0.943326,-0.010185,0.331710,1.525118,0.528098,-6.206991,0.000956
290,2.416667,-0.000182,0.943361,-0.010192,0.331610,1.523154,0.528163,-6.204468,0.000970
291,2.425000,-0.001634,0.943205,-0.009239,0.332078,1.520935,0.527690,-6.202193,0.000836
292,2.433333,-0.001368,0.943342,-0.009272,0.331690,1.519280,0.527815,-6.199639,0.000750
293,2.441667,-0.000759,0.943439,-0.009501,0.331408,1.517154,0.527824,-6.197140,0.000517
294,2.450000,0.000079,0.943555,-0.010125,0.331062,1.515407,0.528483,-6.194227,0.000991
295,2.458333,0.000453,0.943651,-0.010283,0.330781,1.513291,0.528450,-6.191719,0.000739
296,2.466667,0.000501,0.943708,-0.010194,0.330622,1.511369,0.528561,-6.189134,0.000746
297,2.475000,-0.001317,0.943508,-0.009070,0.331224,1.509309,0.528205,-6.186849,0.000826
298,2.483333,-0.001279,0.943540,-0.009002,0.331133,1.507345,0.528302,-6.184263,0.000820
299,2.491667,-0.001240,0.943584,-0.008923,0.331012,1.505364,0.528401,-6.181637,0.000794
300,2.500000,-0.000500,0.943778,-0.009164,0.330452,1.503489,0.528433,-6.178989,0.000524
301,2.508333,0.001169,0.943993,-0.010447,0.329798,1.501684,0.529294,-6.176111,0.000790
302,2.516667,-0.001116,0.943705,-0.008660,0.330672,1.499427,0.528596,-6.173830,0.000800
303,2.525000,0.000658,0.944035,-0.009588,0.329706,1.497558,0.529148,-6.170924,0.000745
304,2.533333,-0.001089,0.943795,-0.008395,0.330422,1.495448,0.528731,-6.168542,0.000827
305,2.541667,-0.000870,0.943954,-0.008430,0.329969,1.493743,0.528855,-6.165868,0.000757
306,2.550000,-0.001107,0.943910,-0.008217,0.330099,1.491500,0.528901,-6.163288,0.000812
307,2.558333,0.000344,0.944176,-0.008940,0.329320,1.489812,0.529529,-6.160338,0.000994
308,2.566667,-0.001143,0.943990,-0.007905,0.329879,1.487453,0.529050,-6.157986,0.000836
309,2.575000,0.000209,0.944257,-0.008624,0.329096,1.485747,0.529632,-6.154987,0.000975
310,2.583333,-0.000716,0.944118,-0.007792,0.329515,1.483254,0.529059,-6.152736,0.000562
311,2.591667,-0.000469,0.944264,-0.007772,0.329098,1.481400,0.529159,-6.149985,0.000523
312,2.600000,-0.000746,0.944189,-0.007503,0.329318,1.479191,0.529199,-6.147371,0.000551
313,2.608333,-0.000805,0.944235,-0.007318,0.329190,1.477192,0.529237,-6.144659,0.000560
314,2.616667,-0.000880,0.944308,-0.007157,0.328983,1.475127,0.529287,-6.141987,0.000534
315,2.625000,-0.000936,0.944326,-0.007032,0.328935,1.473070,0.529343,-6.139282,0.000578
316,2.633333,-0.001440,0.944325,-0.006618,0.328944,1.471283,0.529445,-6.136581,0.000827
317,2.641667,-0.001286,0.944482,-0.006513,0.328497,1.469478,0.529505,-6.133789,0.000755
318,2.650000,-0.001114,0.944466,-0.006473,0.328544,1.466951,0.529427,-6.131176,0.000594
319,2.658333,-0.001191,0.944490,-0.006305,0.328476,1.464850,0.529433,-6.128495,0.000560
320,2.666667,-0.001738,0.944503,-0.005916,0.328444,1.463021,0.529507,-6.125723,0.000805
321,2.675000,-0.001318,0.944591,-0.005981,0.328192,1.460824,0.529445,-6.123050,0.000597
322,2.683333,-0.001106,0.944725,-0.005893,0.327809,1.458928,0.529498,-6.120257,0.000532
323,2.691667,-0.001456,0.944676,-0.005646,0.327953,1.456639,0.529455,-6.117587,0.000550
324,2.700000,-0.000690,0.944867,-0.006401,0.327391,1.454969,0.529911,-6.114761,0.000620
325,2.708333,-0.001785,0.944752,-0.005269,0.327738,1.452476,0.529383,-6.112119,0.000536
326,2.716667,-0.000916,0.944955,-0.006130,0.327142,1.450803,0.529851,-6.109282,0.000594
327,2.725000,-0.001969,0.944862,-0.004977,0.327426,1.448404,0.529371,-6.106607,0.000583
328,2.733333,-0.002519,0.944870,-0.004607,0.327405,1.446512,0.529408,-6.103832,0.000844
329,2.741667,-0.001990,0.945046,-0.004673,0.326899,1.444552,0.529249,-6.101049,0.000611
330,2.750000,-0.002438,0.945016,-0.004672,0.326981,1.442416,0.529437,-6.098347,0.000995
331,2.758333,-0.002368,0.945032,-0.004438,0.326938,1.440163,0.529235,-6.095586,0.000565
332,2.766667,-0.002483,0.945101,-0.004349,0.326741,1.438066,0.529196,-6.092806,0.000553
333,2.775000,-0.002601,0.945133,-0.004233,0.326648,1.436021,0.529160,-6.090037,0.000568
334,2.783333,-0.002998,0.945201,-0.004215,0.326447,1.434120,0.529260,-6.087232,0.000977
335,2.791667,-0.002849,0.945207,-0.003980,0.326436,1.431880,0.529052,-6.084486,0.000528
336,2.800000,-0.003202,0.945230,-0.003733,0.326369,1.429971,0.529044,-6.081681,0.000702
337,2.808333,-0.003117,0.945295,-0.003814,0.326180,1.427808,0.528968,-6.078916,0.000565
338,2.816667,-0.003229,0.945364,-0.003758,0.325979,1.425735,0.528891,-6.076124,0.000571
339,2.825000,-0.003089,0.945526,-0.003703,0.325511,1.423966,0.528815,-6.073250,0.000640
340,2.833333,-0.003383,0.945463,-0.003693,0.325692,1.421589,0.528761,-6.070513,0.000534
341,2.841667,-0.003517,0.945510,-0.003591,0.325555,1.419592,0.528676,-6.067715,0.000554
342,2.850000,-0.002647,0.945690,-0.004453,0.325027,1.417895,0.529124,-6.064855,0.000607
343,2.858333,-0.003922,0.945627,-0.003566,0.325210,1.415701,0.528782,-6.062097,0.000947
344,2.866667,-0.004298,0.945593,-0.003209,0.325309,1.413697,0.528660,-6.059281,0.000840
345,2.875000,-0.004143,0.945698,-0.003555,0.325000,1.411752,0.528704,-6.056492,0.000971
346,2.883333,-0.003914,0.945746,-0.003454,0.324865,1.409478,0.528490,-6.053702,0.000519
347,2.891667,-0.004969,0.945784,-0.003260,0.324741,1.407834,0.528711,-6.050858,0.001273
348,2.900000,-0.003776,0.946045,-0.004540,0.323982,1.406402,0.529219,-6.047914,0.001115
349,2.908333,-0.004475,0.945842,-0.003399,0.324580,1.403242,0.528350,-6.045259,0.000562
350,2.916667,-0.003237,0.946075,-0.004436,0.323902,1.401699,0.528767,-6.042347,0.000660
351,2.925000,-0.004349,0.946152,-0.003592,0.323674,1.399967,0.528392,-6.039518,0.000930
352,2.933333,-0.005289,0.946022,-0.003372,0.324042,1.397835,0.528511,-6.036723,0.001253
353,2.941667,-0.004096,0.946313,-0.003841,0.323204,1.396084,0.528622,-6.033568,0.001087
354,2.950000,-0.005413,0.946053,-0.003385,0.323950,1.393532,0.528389,-6.031060,0.000892
355,2.958333,-0.004934,0.946136,-0.003433,0.323713,1.391608,0.528284,-6.028235,0.000822
356,2.966667,-0.004098,0.946429,-0.004848,0.322850,1.390379,0.529016,-6.025300,0.001143
357,2.975000,-0.004910,0.946201,-0.003542,0.323523,1.387639,0.528236,-6.022554,0.000853
358,2.983333,-0.004744,0.946253,-0.003849,0.323369,1.385388,0.528223,-6.019740,0.000594
359,2.991667,-0.004640,0.946324,-0.003914,0.323161,1.383600,0.528187,-6.016887,0.000697
360,3.000000,-0.004651,0.946433,-0.004189,0.322841,1.381728,0.528318,-6.014037,0.000937
361,3.008333,-0.005436,0.946372,-0.003910,0.323010,1.379700,0.528394,-6.011175,0.000937
362,3.016667,-0.004851,0.946465,-0.004027,0.322745,1.377837,0.528292,-6.008335,0.000833
363,3.025000,-0.005292,0.946546,-0.004115,0.322499,1.376101,0.528518,-6.005442,0.001264
364,3.033333,-0.004637,0.946554,-0.004408,0.322481,1.373630,0.528327,-6.002599,0.000582
365,3.041667,-0.003202,0.947077,-0.006240,0.320931,1.372615,0.529179,-5.999292,0.000958
366,3.050000,-0.004231,0.946696,-0.004584,0.322068,1.369728,0.528285,-5.996832,0.000529
367,3.058333,-0.003822,0.946955,-0.005813,0.321292,1.368759,0.529163,-5.993823,0.001151
368,3.066667,-0.004995,0.946962,-0.004599,0.321274,1.366700,0.528587,-5.990963,0.001200
369,3.075000,-0.004043,0.947010,-0.005037,0.321139,1.364420,0.528570,-5.988093,0.000951
370,3.083333,-0.005134,0.946788,-0.004686,0.321783,1.361960,0.528680,-5.985257,0.000992
371,3.091667,-0.003711,0.947140,-0.006198,0.320740,1.360960,0.529376,-5.982325,0.001151
372,3.100000,-0.003042,0.947200,-0.006459,0.320563,1.358727,0.529291,-5.979429,0.000906
373,3.108333,-0.004362,0.946978,-0.005066,0.321229,1.356248,0.528763,-5.976578,0.000884
374,3.116667,-0.004202,0.947058,-0.005565,0.320986,1.354311,0.528814,-5.973763,0.001138
375,3.125000,-0.004217,0.947078,-0.005602,0.320927,1.352036,0.528775,-5.970824,0.000635
376,3.133333,-0.003055,0.947627,-0.007325,0.319281,1.351353,0.529956,-5.967310,0.001272
377,3.141667,-0.002352,0.947575,-0.007103,0.319445,1.348691,0.529576,-5.964492,0.000952
378,3.150000,-0.003594,0.948003,-0.008910,0.318117,1.347814,0.530499,-5.961217,0.001278
379,3.158333,-0.003562,0.948033,-0.009033,0.318025,1.345829,0.530513,-5.958282,0.001285
380,3.166667,-0.003782,0.948052,-0.009129,0.317962,1.343855,0.530507,-5.955395,0.001266
381,3.175000,-0.003500,0.948130,-0.009193,0.317731,1.341838,0.530637,-5.952409,0.001292
382,3.183333,-0.002593,0.947579,-0.007100,0.319432,1.338771,0.529694,-5.950220,0.000651
383,3.191667,-0.004558,0.947362,-0.006048,0.320076,1.336648,0.529477,-5.947339,0.001077
384,3.200000,-0.004578,0.947409,-0.006151,0.319932,1.335047,0.529565,-5.944386,0.001454
385,3.208333,-0.003591,0.948272,-0.009409,0.317298,1.334046,0.530819,-5.940635,0.001252
386,3.216667,-0.002814,0.947686,-0.007070,0.319112,1.331164,0.530092,-5.938372,0.001012
387,3.225000,-0.002911,0.948415,-0.009816,0.316865,1.329571,0.530694,-5.934720,0.001106
388,3.233333,-0.003490,0.948407,-0.009828,0.316883,1.327983,0.530964,-5.931747,0.001262
389,3.241667,-0.002858,0.948484,-0.009969,0.316656,1.325619,0.530785,-5.928799,0.001072
390,3.250000,-0.002829,0.948525,-0.009922,0.316534,1.323583,0.530839,-5.925791,0.001097
391,3.258333,-0.001998,0.948351,-0.008721,0.317098,1.321240,0.530642,-5.923001,0.001120
392,3.266667,-0.001987,0.948390,-0.008696,0.316982,1.319344,0.530720,-5.919989,0.001113
393,3.275000,-0.003576,0.947872,-0.006942,0.318555,1.316401,0.529870,-5.917536,0.000693
394,3.283333,-0.002221,0.948173,-0.008167,0.317643,1.315229,0.530644,-5.914385,0.000931
395,3.291667,-0.003121,0.948161,-0.007024,0.317698,1.313060,0.530050,-5.911350,0.000984
396,3.300000,-0.002149,0.948259,-0.008321,0.317381,1.311179,0.530675,-5.908372,0.000948
397,3.308333,-0.002146,0.948305,-0.008347,0.317243,1.309133,0.530697,-5.905341,0.000903
398,3.316667,-0.002385,0.948749,-0.009579,0.315877,1.307642,0.531224,-5.901905,0.000970
399,3.325000,-0.002415,0.948782,-0.009637,0.315774,1.305679,0.531267,-5.898894,0.000971
400,3.333333,-0.003306,0.948148,-0.007105,0.317733,1.302327,0.530122,-5.896338,0.000565
401,3.341667,-0.002107,0.948458,-0.008419,0.316783,1.301101,0.530805,-5.893233,0.000930
402,3.350000,-0.002135,0.948494,-0.008436,0.316677,1.299091,0.530820,-5.890205,0.000915
403,3.358333,-0.002117,0.948531,-0.008524,0.316563,1.297067,0.530828,-5.887169,0.000922
404,3.366667,-0.003144,0.948370,-0.007350,0.317065,1.294457,0.530251,-5.884186,0.000958
405,3.375000,-0.001830,0.948834,-0.009018,0.315643,1.293162,0.531030,-5.880755,0.001012
406,3.383333,-0.001858,0.948876,-0.009022,0.315513,1.291142,0.531030,-5.877685,0.001025
407,3.391667,-0.002329,0.949117,-0.009876,0.314760,1.289420,0.531357,-5.874520,0.000991
408,3.400000,-0.002244,0.949137,-0.010078,0.314695,1.287443,0.531468,-5.871436,0.001027
409,3.408333,-0.002338,0.949181,-0.009845,0.314569,1.285471,0.531365,-5.868349,0.000962
410,3.416667,-0.002373,0.949214,-0.009811,0.314469,1.283452,0.531403,-5.865264,0.000984
411,3.425000,-0.002346,0.949233,-0.009943,0.314409,1.281507,0.531421,-5.862194,0.000952
412,3.433333,-0.001803,0.949089,-0.009098,0.314871,1.279156,0.531091,-5.859165,0.001013
413,3.441667,-0.001796,0.949124,-0.009076,0.314766,1.277118,0.531093,-5.856097,0.001015
414,3.450000,-0.002350,0.949349,-0.009841,0.314062,1.275408,0.531390,-5.852895,0.000973
415,3.458333,-0.002300,0.949406,-0.009857,0.313887,1.273471,0.531379,-5.849778,0.000960
416,3.466667,-0.002348,0.949423,-0.009917,0.313835,1.271466,0.531386,-5.846703,0.000989
417,3.475000,-0.001859,0.949279,-0.008996,0.314302,1.269029,0.531014,-5.843660,0.001043
418,3.483333,-0.001864,0.949337,-0.009052,0.314123,1.267008,0.530990,-5.840534,0.001012
419,3.491667,-0.002127,0.949279,-0.008557,0.314313,1.264852,0.530761,-5.837393,0.001063
420,3.500000,-0.002117,0.949330,-0.008563,0.314158,1.262862,0.530773,-5.834246,0.001061
421,3.508333,-0.002314,0.949678,-0.009817,0.313065,1.261485,0.531240,-5.831031,0.000958
422,3.516667,-0.002107,0.949404,-0.008506,0.313937,1.258853,0.530702,-5.828002,0.001037
423,3.525000,-0.002092,0.949426,-0.008506,0.313869,1.256844,0.530706,-5.824860,0.001082
424,3.533333,-0.002125,0.949474,-0.008465,0.313724,1.254893,0.530653,-5.821704,0.001035
425,3.541667,-0.001857,0.949590,-0.008962,0.313362,1.253065,0.530828,-5.818618,0.001004
426,3.550000,-0.001769,0.949613,-0.009028,0.313289,1.251044,0.530806,-5.815454,0.001027
427,3.558333,-0.001790,0.949657,-0.008993,0.313157,1.249153,0.530779,-5.812314,0.001020
428,3.566667,-0.002145,0.949622,-0.008458,0.313277,1.246881,0.530546,-5.809131,0.001265
429,3.575000,-0.002101,0.949650,-0.008486,0.313192,1.244944,0.530570,-5.805972,0.001241
430,3.583333,-0.002101,0.949681,-0.008432,0.313099,1.243028,0.530548,-5.802798,0.001230
431,3.591667,-0.002083,0.949712,-0.008375,0.313006,1.241017,0.530534,-5.799646,0.001248
432,3.600000,-0.002106,0.949737,-0.008417,0.312929,1.239030,0.530513,-5.796503,0.001255
433,3.608333,-0.002432,0.949808,-0.008158,0.312719,1.237430,0.530673,-5.793299,0.001657
434,3.616667,-0.003606,0.949412,-0.006605,0.313943,1.236016,0.530435,-5.790654,0.001644
435,3.625000,-0.002397,0.949766,-0.007741,0.312857,1.233850,0.530771,-5.786983,0.001722
436,3.633333,-0.002199,0.949812,-0.008047,0.312710,1.231813,0.530612,-5.783773,0.001526
437,3.641667,-0.002329,0.949810,-0.007699,0.312725,1.229913,0.530684,-5.780653,0.001721
438,3.650000,-0.002201,0.949972,-0.008228,0.312220,1.227618,0.530486,-5.777498,0.001412
439,3.658333,-0.002252,0.949902,-0.007690,0.312444,1.226055,0.530641,-5.774321,0.001741
440,3.666667,-0.002259,0.949913,-0.007729,0.312412,1.224128,0.530642,-5.771157,0.001779
441,3.675000,-0.001542,0.950004,-0.008166,0.312128,1.221872,0.530412,-5.767983,0.001459
442,3.683333,-0.001530,0.950039,-0.008181,0.312019,1.219953,0.530392,-5.764801,0.001457
443,3.691667,-0.001533,0.950114,-0.008506,0.311782,1.217758,0.530260,-5.761631,0.001068
444,3.700000,-0.001358,0.950091,-0.008195,0.311862,1.216162,0.530363,-5.758451,0.001429
445,3.708333,-0.001347,0.950124,-0.008251,0.311761,1.214196,0.530323,-5.755249,0.001451
446,3.716667,-0.001380,0.950218,-0.008538,0.311467,1.212065,0.530210,-5.752089,0.001062
447,3.725000,-0.001290,0.950192,-0.008279,0.311552,1.210447,0.530344,-5.748921,0.001417
448,3.733333,-0.001249,0.950289,-0.008600,0.311248,1.208345,0.530216,-5.745705,0.001036
449,3.741667,-0.001221,0.950303,-0.008604,0.311207,1.206482,0.530180,-5.742538,0.001019
450,3.750000,-0.001101,0.950269,-0.008352,0.311315,1.204853,0.530290,-5.739359,0.001423
451,3.758333,-0.000950,0.950288,-0.008569,0.311253,1.202938,0.530168,-5.736149,0.001254
452,3.766667,-0.001035,0.950392,-0.008636,0.310935,1.200865,0.530076,-5.732967,0.001039
453,3.775000,-0.001028,0.950423,-0.008674,0.310838,1.198934,0.530073,-5.729806,0.001040
454,3.783333,-0.000839,0.950382,-0.008522,0.310969,1.197358,0.530169,-5.726625,0.001463
455,3.791667,-0.000955,0.950480,-0.008770,0.310661,1.195183,0.529997,-5.723432,0.001264
456,3.800000,-0.000714,0.950427,-0.008576,0.310828,1.193614,0.530137,-5.720245,0.001460
457,3.808333,-0.000880,0.950535,-0.008804,0.310492,1.191432,0.529941,-5.717052,0.001286
458,3.816667,-0.000569,0.950507,-0.008643,0.310584,1.189949,0.530087,-5.713854,0.001454
459,3.825000,-0.000574,0.950529,-0.008699,0.310513,1.188097,0.530118,-5.710673,0.001477
460,3.833333,-0.000440,0.950586,-0.008864,0.310336,1.186218,0.530020,-5.707430,0.001264
461,3.841667,-0.000583,0.950676,-0.009011,0.310053,1.184178,0.529978,-5.704291,0.001063
462,3.850000,-0.000435,0.950632,-0.008814,0.310196,1.182568,0.530099,-5.701096,0.001493
463,3.858333,-0.000484,0.950747,-0.009147,0.309832,1.180475,0.529967,-5.697881,0.001060
464,3.866667,-0.000341,0.950678,-0.008952,0.310051,1.178947,0.530141,-5.694726,0.001495
465,3.875000,-0.000375,0.950787,-0.009222,0.309708,1.176882,0.529954,-5.691516,0.001071
466,3.883333,-0.001655,0.950365,-0.007719,0.311037,1.174149,0.529364,-5.688670,0.001192
467,3.891667,-0.001598,0.950423,-0.007966,0.310855,1.172089,0.529229,-5.685541,0.000652
468,3.900000,-0.000364,0.950881,-0.009422,0.309412,1.171293,0.529864,-5.681984,0.001079
469,3.908333,-0.000285,0.950834,-0.009199,0.309564,1.169666,0.530013,-5.678815,0.001497
470,3.916667,-0.000303,0.950873,-0.009166,0.309445,1.167862,0.529965,-5.675634,0.001462
471,3.925000,-0.000418,0.950964,-0.009490,0.309157,1.165663,0.529781,-5.672455,0.001314
472,3.933333,-0.000282,0.950923,-0.009322,0.309286,1.164098,0.529901,-5.669291,0.001479
473,3.941667,-0.000309,0.950965,-0.009335,0.309158,1.162236,0.529836,-5.666108,0.001473
474,3.950000,-0.000398,0.951063,-0.009715,0.308845,1.160110,0.529681,-5.662951,0.001067
475,3.958333,-0.000331,0.951028,-0.009444,0.308962,1.158499,0.529787,-5.659757,0.001451
476,3.966667,-0.000571,0.951105,-0.009698,0.308714,1.156317,0.529602,-5.656595,0.001284
477,3.975000,-0.000374,0.951067,-0.009574,0.308837,1.154736,0.529747,-5.653399,0.001494
478,3.983333,-0.000410,0.951097,-0.009534,0.308745,1.152936,0.529712,-5.650225,0.001493
479,3.991667,-0.000458,0.951137,-0.009649,0.308618,1.151067,0.529687,-5.647032,0.001466
480,4.000000,-0.000748,0.951240,-0.009899,0.308292,1.148908,0.529514,-5.643836,0.001283
481,4.008333,-0.000673,0.951271,-0.009919,0.308197,1.147143,0.529509,-5.640650,0.001034
482,4.016667,-0.000814,0.951287,-0.009955,0.308145,1.145161,0.529425,-5.637450,0.001300
483,4.025000,-0.000878,0.951316,-0.009926,0.308055,1.143302,0.529368,-5.634291,0.001282
484,4.033333,-0.000822,0.951360,-0.010016,0.307919,1.141536,0.529367,-5.631081,0.001090
485,4.041667,-0.000841,0.951353,-0.009949,0.307943,1.140184,0.529655,-5.627830,0.001559
486,4.050000,-0.000899,0.951402,-0.009944,0.307790,1.138327,0.529615,-5.624632,0.001542
487,4.058333,-0.001169,0.951449,-0.010028,0.307640,1.135814,0.529209,-5.621477,0.001305
488,4.066667,-0.000345,0.951436,-0.009692,0.307694,1.134644,0.529586,-5.618136,0.001454
489,4.075000,-0.001267,0.951484,-0.009976,0.307534,1.132069,0.529078,-5.615120,0.001313
490,4.083333,-0.001342,0.951510,-0.009971,0.307452,1.130214,0.528989,-5.611901,0.001323
491,4.091667,-0.001220,0.951513,-0.009923,0.307445,1.128916,0.529275,-5.608665,0.001577
492,4.100000,-0.001564,0.951628,-0.010237,0.307078,1.126649,0.529043,-5.605400,0.001392
493,4.108333,-0.000613,0.951601,-0.009878,0.307176,1.125597,0.529575,-5.602057,0.001481
494,4.116667,-0.001852,0.951522,-0.009078,0.307442,1.124384,0.529656,-5.598946,0.001780
495,4.125000,-0.001694,0.951520,-0.009088,0.307449,1.122026,0.529357,-5.595753,0.001813
496,4.133333,-0.001796,0.951563,-0.009019,0.307316,1.120178,0.529301,-5.592508,0.001836
497,4.141667,-0.001849,0.951564,-0.009035,0.307311,1.118211,0.529215,-5.589287,0.001823
498,4.150000,-0.001880,0.951623,-0.008962,0.307132,1.116433,0.529155,-5.586019,0.001827
499,4.158333,-0.001934,0.951640,-0.008928,0.307081,1.114574,0.529130,-5.582806,0.001839
500,4.166667,-0.002025,0.951668,-0.008810,0.306996,1.112746,0.529056,-5.579547,0.001786
501,4.175000,-0.002022,0.951675,-0.008797,0.306976,1.110881,0.529006,-5.576292,0.001806
502,4.183333,-0.002135,0.951700,-0.008743,0.306899,1.109058,0.528945,-5.573102,0.001783
503,4.191667,-0.002135,0.951718,-0.008648,0.306844,1.107167,0.528886,-5.569824,0.001821
504,4.200000,-0.002153,0.951760,-0.008676,0.306712,1.105311,0.528799,-5.566566,0.001819
505,4.208333,-0.002215,0.951784,-0.008563,0.306641,1.103485,0.528742,-5.563352,0.001851
506,4.216667,-0.002207,0.951794,-0.008504,0.306612,1.101601,0.528675,-5.560088,0.001861
507,4.225000,-0.002303,0.951792,-0.008401,0.306621,1.099794,0.528612,-5.556876,0.001863
508,4.233333,-0.002366,0.951826,-0.008323,0.306518,1.098004,0.528608,-5.553628,0.001868
509,4.241667,-0.002362,0.951845,-0.008308,0.306458,1.096228,0.528519,-5.550367,0.001826
510,4.250000,-0.002373,0.951863,-0.008181,0.306406,1.094359,0.528473,-5.547124,0.001871
511,4.258333,-0.003371,0.951464,-0.007115,0.307658,1.091269,0.527437,-5.544288,0.001378
512,4.266667,-0.003340,0.951522,-0.007018,0.307481,1.089448,0.527386,-5.540983,0.001401
513,4.275000,-0.003448,0.951502,-0.006905,0.307546,1.087651,0.527353,-5.537776,0.001385
514,4.283333,-0.003355,0.951539,-0.006842,0.307435,1.085909,0.527282,-5.534468,0.001363
515,4.291667,-0.002509,0.951700,-0.007127,0.306936,1.084467,0.527710,-5.530870,0.001647
516,4.300000,-0.003334,0.951572,-0.006694,0.307335,1.082279,0.527222,-5.527931,0.001353
517,4.308333,-0.002483,0.951717,-0.006987,0.306887,1.080816,0.527616,-5.524312,0.001653
518,4.316667,-0.002407,0.951759,-0.006977,0.306756,1.078974,0.527544,-5.521062,0.001602
519,4.325000,-0.002413,0.951790,-0.006863,0.306664,1.077157,0.527503,-5.517763,0.001625
520,4.333333,-0.003293,0.951644,-0.006399,0.307118,1.075024,0.527034,-5.514839,0.001393
521,4.341667,-0.003258,0.951659,-0.006320,0.307074,1.073260,0.526999,-5.511575,0.001351
522,4.350000,-0.003305,0.951666,-0.006206,0.307055,1.071469,0.526995,-5.508265,0.001385
523,4.358333,-0.002318,0.951848,-0.006544,0.306493,1.070099,0.527366,-5.504635,0.001575
524,4.366667,-0.002254,0.951852,-0.006398,0.306484,1.068271,0.527368,-5.501325,0.001618
525,4.375000,-0.002226,0.951880,-0.006269,0.306399,1.066473,0.527298,-5.498024,0.001619
526,4.383333,-0.002047,0.951871,-0.006316,0.306427,1.064626,0.527294,-5.494717,0.001601
527,4.391667,-0.003098,0.951759,-0.005738,0.306777,1.062451,0.526784,-5.491742,0.001409
528,4.400000,-0.002041,0.951906,-0.006114,0.306323,1.060958,0.527144,-5.488130,0.001644
529,4.408333,-0.002043,0.951964,-0.005962,0.306145,1.059217,0.527102,-5.484760,0.001630
530,4.416667,-0.003006,0.951776,-0.005452,0.306732,1.057013,0.526668,-5.481825,0.001421
531,4.425000,-0.002945,0.951785,-0.005348,0.306706,1.055243,0.526643,-5.478491,0.001402
532,4.433333,-0.002998,0.952009,-0.005565,0.306004,1.052293,0.526284,-5.475022,0.000731
533,4.441667,-0.002846,0.951781,-0.005139,0.306722,1.051665,0.526543,-5.471867,0.001392
534,4.450000,-0.002793,0.951824,-0.005000,0.306591,1.049793,0.526504,-5.468502,0.001381
535,4.458333,-0.002801,0.952067,-0.005422,0.305830,1.046735,0.526128,-5.465005,0.000703
536,4.466667,-0.002769,0.951892,-0.004858,0.306383,1.046086,0.526363,-5.461753,0.001423
537,4.475000,-0.001742,0.952025,-0.005221,0.305972,1.044613,0.526754,-5.458096,0.001600
538,4.483333,-0.002787,0.952079,-0.005030,0.305798,1.041436,0.526015,-5.454922,0.000735
539,4.491667,-0.002770,0.952092,-0.004886,0.305762,1.039581,0.526047,-5.451603,0.000759
540,4.500000,-0.002528,0.951906,-0.004475,0.306348,1.038979,0.526277,-5.448375,0.001381
541,4.508333,-0.002415,0.951907,-0.004391,0.306345,1.037169,0.526275,-5.444996,0.001392
542,4.516667,-0.001596,0.952060,-0.004713,0.305870,1.035706,0.526629,-5.441310,0.001568
543,4.525000,-0.002686,0.952099,-0.004424,0.305748,1.032470,0.525936,-5.438091,0.000806
544,4.533333,-0.002643,0.952144,-0.004471,0.305606,1.030591,0.525845,-5.434758,0.000756
545,4.541667,-0.002462,0.952151,-0.004462,0.305587,1.028829,0.525768,-5.431396,0.000814
546,4.550000,-0.002389,0.952158,-0.004397,0.305565,1.026943,0.525771,-5.428055,0.000830
547,4.558333,-0.002338,0.952171,-0.004291,0.305528,1.025218,0.525718,-5.424690,0.000788
548,4.566667,-0.002134,0.951942,-0.003885,0.306248,1.024533,0.525976,-5.421479,0.001408
549,4.575000,-0.002311,0.952173,-0.004090,0.305522,1.021584,0.525652,-5.417938,0.000852
550,4.583333,-0.002164,0.952165,-0.004076,0.305550,1.019791,0.525629,-5.414570,0.000880
551,4.591667,-0.002226,0.952185,-0.003959,0.305490,1.017975,0.525623,-5.411240,0.001011
552,4.600000,-0.002104,0.952007,-0.003747,0.306045,1.017368,0.525783,-5.407999,0.001413
553,4.608333,-0.002011,0.952246,-0.004108,0.305296,1.014351,0.525531,-5.404490,0.000978
554,4.616667,-0.001991,0.952259,-0.004027,0.305259,1.012591,0.525520,-5.401099,0.000872
555,4.625000,-0.001835,0.952235,-0.004019,0.305334,1.010728,0.525558,-5.397744,0.001119
556,4.633333,-0.001945,0.952256,-0.003951,0.305268,1.009051,0.525507,-5.394341,0.000856
557,4.641667,-0.001840,0.952252,-0.003995,0.305282,1.007292,0.525506,-5.390975,0.000860
558,4.650000,-0.001909,0.952271,-0.003918,0.305222,1.005593,0.525529,-5.387593,0.000850
559,4.658333,-0.001968,0.952256,-0.003915,0.305269,1.003918,0.525584,-5.384233,0.000840
560,4.666667,-0.001650,0.952461,-0.004465,0.304623,1.001943,0.525427,-5.380868,0.000747
561,4.675000,-0.001661,0.952482,-0.004523,0.304556,1.000099,0.525432,-5.377554,0.000793
562,4.683333,-0.001581,0.952478,-0.004603,0.304568,0.998361,0.525456,-5.374179,0.000768
563,4.691667,-0.001653,0.952476,-0.004552,0.304574,0.996624,0.525494,-5.370853,0.000816
564,4.700000,-0.001470,0.952476,-0.004669,0.304575,0.994805,0.525492,-5.367489,0.000768
565,4.708333,-0.001337,0.952496,-0.004766,0.304512,0.993096,0.525447,-5.364160,0.000732
566,4.716667,-0.001339,0.952502,-0.004796,0.304492,0.991269,0.525513,-5.360837,0.000727
567,4.725000,-0.001306,0.952512,-0.004945,0.304458,0.989592,0.525540,-5.357476,0.000751
568,4.733333,-0.001341,0.952544,-0.004985,0.304357,0.987806,0.525601,-5.354198,0.000816
569,4.741667,-0.001270,0.952555,-0.005182,0.304319,0.986048,0.525616,-5.350856,0.000799
570,4.750000,-0.001365,0.952566,-0.005184,0.304285,0.984319,0.525673,-5.347511,0.000730
571,4.758333,-0.001423,0.952572,-0.005291,0.304265,0.982548,0.525773,-5.344219,0.000783
572,4.766667,-0.001007,0.952439,-0.005423,0.304679,0.980653,0.525747,-5.340809,0.000806
573,4.775000,-0.000966,0.952466,-0.005484,0.304595,0.978924,0.525814,-5.337498,0.000825
574,4.783333,-0.000638,0.953294,-0.004709,0.302007,0.979292,0.526236,-5.333445,0.001707
575,4.791667,-0.000603,0.953307,-0.004803,0.301965,0.977563,0.526288,-5.330072,0.001725
576,4.800000,-0.000867,0.952459,-0.005906,0.304608,0.973684,0.526084,-5.327514,0.000846
577,4.808333,-0.000882,0.952502,-0.006079,0.304472,0.971925,0.526169,-5.324196,0.000803
578,4.816667,-0.000368,0.953320,-0.005379,0.301915,0.972201,0.526656,-5.320184,0.001519
579,4.825000,-0.001275,0.952654,-0.006229,0.303991,0.968578,0.526482,-5.317696,0.000784
580,4.833333,-0.001323,0.952638,-0.006306,0.304040,0.966845,0.526604,-5.314343,0.000818
581,4.841667,-0.001066,0.952617,-0.006665,0.304098,0.965195,0.526638,-5.311063,0.000777
582,4.850000,-0.001665,0.952595,-0.006644,0.304163,0.963321,0.526883,-5.307774,0.000783
583,4.858333,-0.001058,0.952621,-0.006877,0.304080,0.961639,0.526841,-5.304435,0.000739
584,4.866667,-0.001133,0.952634,-0.007019,0.304037,0.959781,0.526931,-5.301142,0.000779
585,4.875000,-0.001306,0.952625,-0.007107,0.304063,0.957961,0.527059,-5.297836,0.000763
586,4.883333,-0.001245,0.952666,-0.007152,0.303933,0.956182,0.527197,-5.294526,0.000806
587,4.891667,-0.001370,0.952737,-0.007172,0.303710,0.954544,0.527292,-5.291277,0.000875
588,4.900000,-0.001503,0.952744,-0.007182,0.303686,0.952713,0.527470,-5.287923,0.000908
589,4.908333,-0.001505,0.952744,-0.007245,0.303683,0.950988,0.527581,-5.284613,0.000908
590,4.916667,-0.001620,0.952726,-0.007317,0.303739,0.949191,0.527732,-5.281267,0.000820
591,4.925000,-0.001747,0.952727,-0.007382,0.303733,0.947307,0.527926,-5.277928,0.000881
592,4.933333,-0.001865,0.952727,-0.007391,0.303732,0.945556,0.528032,-5.274604,0.000798
593,4.941667,-0.001815,0.952750,-0.007495,0.303658,0.943677,0.528205,-5.271235,0.000870
594,4.950000,-0.001963,0.952735,-0.007564,0.303701,0.941839,0.528322,-5.267909,0.000820
595,4.958333,-0.002043,0.952747,-0.007551,0.303665,0.940011,0.528475,-5.264520,0.000831
596,4.966667,-0.002135,0.952752,-0.007607,0.303647,0.938189,0.528608,-5.261173,0.000762
597,4.975000,-0.002150,0.952752,-0.007668,0.303644,0.936294,0.528762,-5.257825,0.000804
598,4.983333,-0.002359,0.952730,-0.007581,0.303714,0.934444,0.528892,-5.254471,0.000706
599,4.991667,-0.002410,0.952713,-0.007590,0.303768,0.932616,0.529015,-5.251125,0.000734
600,5.000000,-0.002563,0.952707,-0.007599,0.303784,0.930755,0.529138,-5.247763,0.000744
601,5.008333,-0.002746,0.952704,-0.007537,0.303794,0.928872,0.529287,-5.244359,0.000758
602,5.016667,-0.002840,0.952716,-0.007523,0.303756,0.927026,0.529420,-5.240969,0.000735
603,5.025000,-0.002874,0.952716,-0.007612,0.303755,0.925155,0.529515,-5.237607,0.000743
604,5.033333,-0.003028,0.952723,-0.007578,0.303729,0.923268,0.529675,-5.234212,0.000698
605,5.041667,-0.002434,0.952870,-0.008050,0.303263,0.921496,0.529990,-5.230567,0.000945
606,5.050000,-0.003225,0.952722,-0.007483,0.303733,0.919481,0.529943,-5.227443,0.000694
607,5.058333,-0.003347,0.952695,-0.007475,0.303816,0.917617,0.530068,-5.224046,0.000693
608,5.066667,-0.003495,0.952688,-0.007369,0.303841,0.915744,0.530245,-5.220609,0.000689
609,5.075000,-0.003552,0.952676,-0.007364,0.303877,0.913901,0.530364,-5.217268,0.000713
610,5.083333,-0.003790,0.952555,-0.007015,0.304261,0.912204,0.530534,-5.213883,0.000759
611,5.091667,-0.003896,0.952647,-0.007313,0.303965,0.910106,0.530577,-5.210496,0.000817
612,5.100000,-0.003049,0.952911,-0.007866,0.303134,0.908212,0.530845,-5.206739,0.001027
613,5.108333,-0.003871,0.952687,-0.007124,0.303845,0.906292,0.530813,-5.203621,0.000640
614,5.116667,-0.003354,0.952792,-0.007557,0.303511,0.904400,0.531100,-5.199905,0.000949
615,5.125000,-0.003489,0.952816,-0.007486,0.303437,0.902492,0.531168,-5.196477,0.000960
616,5.133333,-0.003501,0.952808,-0.007414,0.303464,0.900634,0.531233,-5.193062,0.000967
617,5.141667,-0.003619,0.952780,-0.007295,0.303553,0.898768,0.531367,-5.189656,0.000957
618,5.150000,-0.003606,0.952793,-0.007198,0.303513,0.896802,0.531503,-5.186253,0.001078
619,5.158333,-0.003357,0.952796,-0.007203,0.303507,0.895105,0.531563,-5.182709,0.000852
620,5.166667,-0.003472,0.952825,-0.007046,0.303418,0.893166,0.531675,-5.179227,0.000842
621,5.175000,-0.003893,0.952776,-0.007049,0.303567,0.891195,0.531684,-5.175942,0.000926
622,5.183333,-0.003909,0.952769,-0.006996,0.303590,0.889297,0.531735,-5.172551,0.000937
623,5.191667,-0.003954,0.952772,-0.006848,0.303585,0.887409,0.531783,-5.169095,0.000933
624,5.200000,-0.003928,0.952771,-0.006843,0.303587,0.885554,0.531832,-5.165666,0.000955
625,5.208333,-0.004057,0.952778,-0.006735,0.303566,0.883666,0.531904,-5.162208,0.000913
626,5.216667,-0.004086,0.952757,-0.006670,0.303633,0.881782,0.531968,-5.158762,0.000937
627,5.225000,-0.004124,0.952745,-0.006504,0.303673,0.879918,0.531977,-5.155329,0.000927
628,5.233333,-0.004085,0.952738,-0.006435,0.303696,0.878037,0.532039,-5.151878,0.000932
629,5.241667,-0.004208,0.952734,-0.006351,0.303710,0.876140,0.532087,-5.148390,0.000919
630,5.250000,-0.004181,0.952745,-0.006225,0.303677,0.874227,0.532106,-5.144950,0.000933
631,5.258333,-0.004185,0.952729,-0.006202,0.303730,0.872393,0.532099,-5.141519,0.000913
632,5.266667,-0.004143,0.952731,-0.006122,0.303726,0.870508,0.532094,-5.138062,0.000949
633,5.275000,-0.004228,0.952720,-0.006083,0.303760,0.868582,0.532104,-5.134614,0.000917
634,5.283333,-0.004218,0.952721,-0.005922,0.303761,0.866609,0.532067,-5.131124,0.000925
635,5.291667,-0.004154,0.952700,-0.005832,0.303829,0.864699,0.532003,-5.127677,0.000905
636,5.300000,-0.004163,0.952695,-0.005748,0.303844,0.862804,0.532017,-5.124218,0.000914
637,5.308333,-0.004159,0.952687,-0.005675,0.303872,0.860941,0.531993,-5.120725,0.000931
638,5.316667,-0.004216,0.952696,-0.005595,0.303845,0.859090,0.531990,-5.117278,0.000932
639,5.325000,-0.004147,0.952707,-0.005487,0.303813,0.857170,0.531938,-5.113837,0.000942
640,5.333333,-0.004180,0.952672,-0.005411,0.303923,0.855247,0.531886,-5.110339,0.000922
641,5.341667,-0.004172,0.952658,-0.005318,0.303968,0.853265,0.531828,-5.106867,0.000936
642,5.350000,-0.004098,0.952753,-0.005185,0.303675,0.851449,0.531749,-5.103429,0.000973
643,5.358333,-0.004033,0.952655,-0.005259,0.303981,0.849425,0.531699,-5.099919,0.000927
644,5.366667,-0.003995,0.952653,-0.005131,0.303990,0.847537,0.531673,-5.096434,0.000928
645,5.375000,-0.004036,0.952626,-0.005054,0.304074,0.845670,0.531604,-5.092965,0.000931
646,5.383333,-0.003980,0.952624,-0.004984,0.304084,0.843695,0.531529,-5.089490,0.000916
647,5.391667,-0.003899,0.952623,-0.004990,0.304086,0.841799,0.531443,-5.086031,0.000904
648,5.400000,-0.003861,0.952637,-0.004912,0.304047,0.839804,0.531361,-5.082546,0.000901
649,5.408333,-0.003809,0.952598,-0.004941,0.304167,0.837936,0.531268,-5.079081,0.000913
650,5.416667,-0.003780,0.952715,-0.004768,0.303805,0.836091,0.531189,-5.075674,0.000967
651,5.425000,-0.003758,0.952710,-0.004740,0.303822,0.834191,0.531072,-5.072227,0.000975
652,5.433333,-0.003720,0.952698,-0.004597,0.303860,0.832209,0.530982,-5.068741,0.000952
653,5.441667,-0.003592,0.952576,-0.004747,0.304241,0.830148,0.530869,-5.065234,0.000889
654,5.450000,-0.003539,0.952594,-0.004756,0.304185,0.828230,0.530762,-5.061766,0.000912
655,5.458333,-0.003503,0.952686,-0.004648,0.303899,0.826462,0.530670,-5.058341,0.000952
656,5.466667,-0.003435,0.952704,-0.004599,0.303844,0.824548,0.530593,-5.054901,0.000953
657,5.475000,-0.003391,0.952662,-0.004523,0.303978,0.822643,0.530484,-5.051431,0.000948
658,5.483333,-0.003287,0.952659,-0.004550,0.303990,0.820757,0.530390,-5.047972,0.000982
659,5.491667,-0.003176,0.952652,-0.004600,0.304011,0.818805,0.530291,-5.044499,0.000936
660,5.500000,-0.003026,0.952667,-0.004627,0.303965,0.816916,0.530169,-5.041039,0.000939
661,5.508333,-0.002999,0.952664,-0.004661,0.303974,0.814995,0.530078,-5.037601,0.000933
662,5.516667,-0.002857,0.952660,-0.004713,0.303988,0.813137,0.529958,-5.034140,0.000961
663,5.525000,-0.002783,0.952631,-0.004678,0.304080,0.811216,0.529875,-5.030695,0.000956
664,5.533333,-0.002656,0.952637,-0.004731,0.304062,0.809365,0.529783,-5.027260,0.000977
665,5.541667,-0.002496,0.952643,-0.004778,0.304043,0.807416,0.529685,-5.023823,0.000960
666,5.550000,-0.002373,0.952624,-0.004886,0.304103,0.805534,0.529569,-5.020357,0.000953
667,5.558333,-0.002123,0.952687,-0.005006,0.303904,0.803736,0.529466,-5.016984,0.001004
668,5.566667,-0.002496,0.952610,-0.004936,0.304145,0.801766,0.529447,-5.013549,0.001064
669,5.575000,-0.002339,0.952615,-0.004950,0.304130,0.799895,0.529372,-5.010129,0.001058
670,5.583333,-0.002265,0.952578,-0.005006,0.304244,0.798029,0.529256,-5.006709,0.001078
671,5.591667,-0.002074,0.952595,-0.005077,0.304190,0.796094,0.529165,-5.003263,0.001056
672,5.600000,-0.001950,0.952596,-0.005228,0.304187,0.794267,0.529058,-4.999827,0.001045
673,5.608333,-0.001608,0.952647,-0.005338,0.304028,0.792554,0.528971,-4.996433,0.000934
674,5.616667,-0.001729,0.952593,-0.005359,0.304194,0.790609,0.528956,-4.992956,0.001070
675,5.625000,-0.001166,0.952574,-0.005470,0.304256,0.788790,0.528827,-4.989421,0.000974
676,5.633333,-0.001037,0.952564,-0.005597,0.304286,0.786947,0.528734,-4.985983,0.000946
677,5.641667,-0.000729,0.952603,-0.005809,0.304159,0.785145,0.528670,-4.982572,0.000854
678,5.650000,-0.000612,0.952594,-0.005933,0.304185,0.783299,0.528600,-4.979136,0.000840
679,5.658333,-0.000440,0.952594,-0.006045,0.304185,0.781504,0.528530,-4.975702,0.000871
680,5.666667,-0.000304,0.952575,-0.006174,0.304241,0.779659,0.528459,-4.972292,0.000841
681,5.675000,-0.000164,0.952570,-0.006234,0.304255,0.777815,0.528412,-4.968846,0.000846
682,5.683333,0.000074,0.952596,-0.006381,0.304171,0.776000,0.528319,-4.965452,0.000871
683,5.691667,0.000233,0.952601,-0.006474,0.304154,0.774212,0.528237,-4.962026,0.000910
684,5.700000,0.000264,0.952545,-0.006609,0.304327,0.772186,0.528181,-4.958523,0.000802
685,5.708333,0.000310,0.952524,-0.006525,0.304393,0.770405,0.528050,-4.955100,0.000806
686,5.716667,0.000371,0.952481,-0.006593,0.304525,0.768439,0.528060,-4.951611,0.000947
687,5.725000,0.000568,0.952505,-0.006851,0.304446,0.766732,0.528015,-4.948185,0.000854
688,5.733333,0.000738,0.952507,-0.006974,0.304436,0.764853,0.528010,-4.944756,0.000821
689,5.741667,0.000817,0.952482,-0.007070,0.304512,0.763082,0.527925,-4.941288,0.000842
690,5.750000,0.001007,0.952476,-0.007158,0.304529,0.761135,0.527904,-4.937844,0.000844
691,5.758333,0.001228,0.952479,-0.007358,0.304512,0.759434,0.527811,-4.934412,0.000885
692,5.766667,0.001367,0.952493,-0.007440,0.304465,0.757533,0.527797,-4.930970,0.000869
693,5.775000,0.001253,0.952421,-0.007449,0.304693,0.755628,0.527769,-4.927433,0.000797
694,5.783333,0.001357,0.952407,-0.007511,0.304735,0.753747,0.527753,-4.924004,0.000845
695,5.791667,0.001399,0.952388,-0.007626,0.304789,0.751932,0.527687,-4.920524,0.000824
696,5.800000,0.001547,0.952371,-0.007738,0.304841,0.750031,0.527645,-4.917080,0.000856
697,5.808333,0.001708,0.952419,-0.007813,0.304688,0.748286,0.527512,-4.913603,0.000797
698,5.816667,0.001739,0.952347,-0.007930,0.304908,0.746294,0.527526,-4.910164,0.000836
699,5.825000,0.001669,0.952313,-0.007929,0.305014,0.744405,0.527499,-4.906682,0.000814
700,5.833333,0.001892,0.952343,-0.008107,0.304914,0.742618,0.527422,-4.903261,0.000872
701,5.841667,0.001811,0.952245,-0.008153,0.305221,0.740689,0.527433,-4.899766,0.000761
702,5.850000,0.001830,0.952265,-0.008222,0.305156,0.738744,0.527379,-4.896300,0.000824
703,5.858333,0.001911,0.952211,-0.008271,0.305324,0.736931,0.527345,-4.892855,0.000764
704,5.866667,0.001897,0.952239,-0.008354,0.305233,0.734964,0.527300,-4.889359,0.000801
705,5.875000,0.001915,0.952204,-0.008447,0.305341,0.733073,0.527275,-4.885885,0.000823
706,5.883333,0.002015,0.952140,-0.008499,0.305537,0.731374,0.527262,-4.882488,0.000799
707,5.891667,0.001860,0.952161,-0.008541,0.305472,0.729348,0.527262,-4.878953,0.000828
708,5.900000,0.002099,0.952138,-0.008685,0.305539,0.727732,0.527220,-4.875584,0.000844
709,5.908333,0.001859,0.952078,-0.008730,0.305725,0.725700,0.527272,-4.872034,0.000798
710,5.916667,0.001753,0.952116,-0.008735,0.305608,0.723698,0.527225,-4.868538,0.000835
711,5.925000,0.001729,0.952070,-0.008777,0.305749,0.721796,0.527248,-4.865097,0.000765
712,5.933333,0.001900,0.952050,-0.008780,0.305810,0.720087,0.527126,-4.861741,0.000832
713,5.941667,0.001630,0.952039,-0.008893,0.305843,0.717941,0.527177,-4.858153,0.000825
714,5.950000,0.001619,0.951972,-0.009108,0.306046,0.716161,0.527225,-4.854695,0.000779
715,5.958333,0.001464,0.951969,-0.009140,0.306055,0.714165,0.527222,-4.851226,0.000744
716,5.966667,0.000754,0.951989,-0.008937,0.306001,0.712131,0.527217,-4.847899,0.000902
717,5.975000,0.000802,0.951948,-0.009111,0.306124,0.710212,0.527237,-4.844398,0.000935
718,5.983333,0.001098,0.951931,-0.009132,0.306176,0.708274,0.527161,-4.840808,0.000797
719,5.991667,0.001270,0.951871,-0.009300,0.306356,0.706645,0.527121,-4.837537,0.000853
720,6.000000,0.001320,0.951901,-0.009106,0.306266,0.704705,0.527081,-4.834057,0.000833
721,6.008333,0.000898,0.951799,-0.009251,0.306581,0.702679,0.527162,-4.830526,0.000798
722,6.016667,0.000758,0.951858,-0.009020,0.306407,0.700606,0.527085,-4.827032,0.000816
723,6.025000,0.000715,0.951881,-0.009085,0.306331,0.698791,0.527050,-4.823661,0.000892
724,6.033333,0.000592,0.951822,-0.009283,0.306511,0.696813,0.527134,-4.820173,0.000882
725,6.041667,0.000502,0.951775,-0.009273,0.306658,0.694980,0.527185,-4.816691,0.000783
726,6.050000,,,,,,,,
727,6.058333,-0.000141,0.951660,-0.009206,0.307015,0.691070,0.527341,-4.809885,0.000910
728,6.066667,0.000123,0.951749,-0.009036,0.306745,0.689132,0.527170,-4.806357,0.000889
729,6.075000,,,,,,,,
730,6.083333,,,,,,,,
731,6.091667,-0.000483,0.951522,-0.009100,0.307446,0.683290,0.527413,-4.795923,0.000751
732,6.100000,-0.000399,0.951521,-0.009158,0.307447,0.681499,0.527315,-4.792607,0.000890
733,6.108333,-0.000477,0.951538,-0.009315,0.307390,0.679365,0.527305,-4.789127,0.000885
734,6.116667,-0.000946,0.951522,-0.008962,0.307450,0.677308,0.527386,-4.785624,0.000815
735,6.125000,-0.000799,0.951460,-0.008793,0.307646,0.675482,0.527334,-4.782262,0.000804
736,6.133333,-0.001095,0.951415,-0.008882,0.307782,0.673513,0.527406,-4.778766,0.000791
737,6.141667,-0.001220,0.951368,-0.008815,0.307929,0.671521,0.527436,-4.775327,0.000780
738,6.150000,-0.001322,0.951347,-0.008746,0.307995,0.669514,0.527436,-4.771904,0.000810
739,6.158333,-0.001884,0.951325,-0.008576,0.308064,0.667331,0.527453,-4.768335,0.000833
740,6.166667,-0.001763,0.951288,-0.008605,0.308178,0.665555,0.527510,-4.764970,0.000796
741,6.175000,-0.002052,0.951286,-0.008519,0.308184,0.663493,0.527446,-4.761508,0.000896
742,6.183333,-0.002019,0.951198,-0.008433,0.308459,0.661565,0.527574,-4.758078,0.000804
743,6.191667,-0.002142,0.951169,-0.008191,0.308554,0.659708,0.527469,-4.754667,0.000882
744,6.200000,,,,,,,,
745,6.208333,,,,,,,,
746,6.216667,-0.002895,0.951002,-0.008077,0.309066,0.653560,0.527682,-4.744215,0.000800
747,6.225000,-0.002890,0.951025,-0.008068,0.308996,0.651648,0.527734,-4.740821,0.000785
748,6.233333,-0.002936,0.950966,-0.008038,0.309179,0.649678,0.527722,-4.737370,0.000830
749,6.241667,-0.003599,0.950893,-0.007819,0.309401,0.647523,0.527869,-4.733965,0.000892
750,6.250000,,,,,,,,
751,6.258333,-0.003464,0.950846,-0.007772,0.309548,0.643599,0.527752,-4.727051,0.000788
752,6.266667,-0.003612,0.950823,-0.007600,0.309620,0.641575,0.527695,-4.723606,0.000872
753,6.275000,-0.003762,0.950762,-0.007510,0.309809,0.639525,0.527760,-4.720169,0.000800
754,6.283333,-0.003963,0.950685,-0.007188,0.310048,0.637436,0.527702,-4.716701,0.000825
755,6.291667,-0.003906,0.950694,-0.007364,0.310017,0.635503,0.527768,-4.713280,0.000787
756,6.300000,-0.004102,0.950645,-0.007281,0.310169,0.633466,0.527775,-4.709817,0.000832
757,6.308333,-0.004783,0.950595,-0.007038,0.310317,0.631348,0.527896,-4.706389,0.000885
758,6.316667,,,,,,,,
759,6.325000,-0.004450,0.950514,-0.006963,0.310572,0.627390,0.527741,-4.699473,0.000853
760,6.333333,-0.004520,0.950488,-0.006857,0.310654,0.625335,0.527805,-4.695964,0.000804
761,6.341667,-0.004670,0.950435,-0.006749,0.310814,0.623329,0.527796,-4.692491,0.000806
762,6.350000,-0.004772,0.950343,-0.006280,0.311104,0.621404,0.527792,-4.689112,0.000854
763,6.358333,-0.004968,0.950274,-0.006372,0.311312,0.619405,0.527758,-4.685619,0.000872
764,6.366667,-0.005031,0.950233,-0.006293,0.311436,0.617331,0.527797,-4.682139,0.000860
765,6.375000,-0.005603,0.950140,-0.006109,0.311713,0.615251,0.527964,-4.678684,0.000927
766,6.383333,-0.005192,0.950126,-0.006084,0.311764,0.613269,0.527830,-4.675208,0.000829
767,6.391667,-0.005436,0.950061,-0.005796,0.311964,0.611105,0.527835,-4.671645,0.000764
768,6.400000,,,,,,,,
769,6.408333,-0.005427,0.950033,-0.005731,0.312051,0.607052,0.527659,-4.664760,0.000819
770,6.416667,-0.005854,0.949934,-0.005578,0.312347,0.604913,0.527659,-4.661296,0.000931
771,6.425000,-0.005438,0.949914,-0.005493,0.312414,0.602973,0.527600,-4.657809,0.000827
772,6.433333,,,,,,,,
773,6.441667,-0.005544,0.949841,-0.005330,0.312638,0.598855,0.527520,-4.650833,0.000823
774,6.450000,-0.005665,0.949795,-0.005188,0.312778,0.596798,0.527480,-4.647342,0.000861
775,6.458333,-0.005756,0.949703,-0.005101,0.313058,0.594668,0.527465,-4.643782,0.000800
776,6.466667,-0.005548,0.949711,-0.005051,0.313038,0.592699,0.527387,-4.640373,0.000822
777,6.475000,-0.006043,0.949629,-0.004854,0.313281,0.590495,0.527488,-4.636884,0.000911
778,6.483333,-0.005519,0.949620,-0.004841,0.313317,0.588551,0.527319,-4.633389,0.000836
779,6.491667,-0.005530,0.949596,-0.004793,0.313390,0.586487,0.527288,-4.629891,0.000866
780,6.500000,-0.005315,0.949573,-0.004545,0.313470,0.584476,0.527178,-4.626414,0.000873
781,6.508333,-0.005431,0.949492,-0.004596,0.313711,0.582374,0.527213,-4.622922,0.000867
782,6.516667,-0.005299,0.949421,-0.004581,0.313928,0.580346,0.527180,-4.619459,0.000834
783,6.525000,-0.006477,0.949290,-0.003777,0.314313,0.578693,0.527291,-4.616283,0.000875
784,6.533333,-0.005175,0.949341,-0.004522,0.314174,0.576208,0.527067,-4.612464,0.000852
785,6.541667,,,,,,,,
786,6.550000,,,,,,,,
787,6.558333,-0.004954,0.949221,-0.004340,0.314540,0.570019,0.526867,-4.602051,0.000848
788,6.566667,-0.004837,0.949157,-0.004348,0.314736,0.567992,0.526860,-4.598612,0.000835
789,6.575000,-0.004953,0.949083,-0.004220,0.314959,0.565814,0.526839,-4.595059,0.000809
790,6.583333,,,,,,,,
791,6.591667,,,,,,,,
792,6.600000,-0.004988,0.948967,-0.004162,0.315307,0.559591,0.526781,-4.584722,0.000934
793,6.608333,-0.004285,0.948934,-0.004304,0.315418,0.557672,0.526625,-4.581239,0.000861
794,6.616667,-0.004763,0.948858,-0.004189,0.315638,0.555525,0.526731,-4.577783,0.000902
795,6.625000,-0.004532,0.948788,-0.004247,0.315852,0.553458,0.526677,-4.574311,0.000916
796,6.633333,-0.004345,0.948767,-0.004273,0.315919,0.551403,0.526635,-4.570861,0.000929
797,6.641667,-0.004239,0.948712,-0.004320,0.316084,0.549313,0.526601,-4.567394,0.000911
798,6.650000,-0.003647,0.948719,-0.004418,0.316068,0.547367,0.526474,-4.563917,0.000872
799,6.658333,-0.003494,0.948666,-0.004506,0.316228,0.545315,0.526434,-4.560504,0.000860
800,6.666667,-0.003316,0.948609,-0.004509,0.316400,0.543256,0.526395,-4.557014,0.000834
801,6.675000,-0.003429,0.948555,-0.004380,0.316565,0.541076,0.526365,-4.553586,0.000946
802,6.683333,-0.004005,0.948461,-0.004469,0.316836,0.538711,0.526487,-4.550207,0.001183
803,6.691667,-0.002857,0.948488,-0.004722,0.316765,0.537007,0.526270,-4.546680,0.000856
804,6.700000,-0.003777,0.948386,-0.004588,0.317062,0.534565,0.526464,-4.543270,0.001138
805,6.708333,-0.003410,0.948326,-0.004717,0.317244,0.532663,0.526401,-4.539753,0.000766
806,6.716667,-0.003459,0.948268,-0.004675,0.317419,0.530402,0.526399,-4.536378,0.001133
807,6.725000,-0.002327,0.948292,-0.004950,0.317352,0.528645,0.526046,-4.532889,0.000858
808,6.733333,-0.002152,0.948266,-0.005049,0.317428,0.526520,0.526109,-4.529450,0.000845
809,6.741667,-0.003068,0.948152,-0.004951,0.317765,0.524081,0.526308,-4.526068,0.001199
810,6.750000,-0.001990,0.948180,-0.005115,0.317687,0.522317,0.526048,-4.522544,0.000835
811,6.758333,-0.002805,0.948047,-0.005019,0.318077,0.519873,0.526253,-4.519166,0.001128
812,6.766667,-0.001739,0.948082,-0.005285,0.317976,0.518091,0.526011,-4.515664,0.000858
813,6.775000,-0.002296,0.947970,-0.005301,0.318306,0.515827,0.526157,-4.512144,0.000735
814,6.783333,-0.002230,0.947930,-0.005345,0.318425,0.513696,0.526159,-4.508708,0.000757
815,6.791667,-0.002677,0.947842,-0.004736,0.318695,0.512167,0.526131,-4.505641,0.000882
816,6.800000,-0.001356,0.947906,-0.005585,0.318498,0.509619,0.525869,-4.501862,0.000852
817,6.808333,-0.001227,0.947850,-0.005668,0.318663,0.507453,0.525863,-4.498413,0.000834
818,6.816667,-0.001106,0.947811,-0.005782,0.318779,0.505332,0.525812,-4.494965,0.000857
819,6.825000,-0.001060,0.947786,-0.005873,0.318850,0.503192,0.525827,-4.491508,0.000842
820,6.833333,-0.001952,0.947671,-0.005732,0.319193,0.500709,0.526007,-4.488090,0.001129
821,6.841667,-0.001690,0.947638,-0.005801,0.319288,0.498684,0.525961,-4.484576,0.000750
822,6.850000,-0.000871,0.947639,-0.006051,0.319285,0.496737,0.525707,-4.481117,0.000850
823,6.858333,-0.000805,0.947614,-0.006060,0.319358,0.494553,0.525683,-4.477661,0.000856
824,6.866667,-0.000690,0.947491,-0.006168,0.319723,0.492563,0.525680,-4.474251,0.000852
825,6.875000,-0.001604,0.947461,-0.006074,0.319809,0.489920,0.525851,-4.470823,0.001213
826,6.883333,-0.000571,0.947468,-0.006357,0.319788,0.488141,0.525549,-4.467253,0.000840
827,6.891667,-0.001772,0.947287,-0.005538,0.320335,0.486526,0.525765,-4.464173,0.000860
828,6.900000,-0.000470,0.947325,-0.006399,0.320209,0.483919,0.525547,-4.460336,0.000877
829,6.908333,-0.001194,0.947231,-0.006318,0.320487,0.481590,0.525747,-4.456786,0.000789
830,6.916667,-0.001102,0.947246,-0.006513,0.320440,0.479321,0.525673,-4.453283,0.000740
831,6.925000,-0.001568,0.947155,-0.005874,0.320719,0.477702,0.525637,-4.450176,0.000843
832,6.933333,-0.000067,0.947171,-0.006880,0.320656,0.475218,0.525353,-4.446385,0.000875
833,6.941667,-0.000211,0.947116,-0.006719,0.320822,0.473092,0.525413,-4.442891,0.000853
834,6.950000,-0.000183,0.947079,-0.006747,0.320930,0.470940,0.525426,-4.439403,0.000858
835,6.958333,-0.001304,0.946925,-0.006090,0.321395,0.469212,0.525615,-4.436216,0.000858
836,6.966667,-0.000109,0.947050,-0.006927,0.321010,0.466462,0.525357,-4.432362,0.000861
837,6.975000,-0.000803,0.946888,-0.006773,0.321492,0.464260,0.525585,-4.428873,0.000753
838,6.983333,-0.000016,0.946895,-0.006995,0.321468,0.462254,0.525339,-4.425384,0.000877
839,6.991667,-0.001175,0.946765,-0.006252,0.321864,0.460532,0.525536,-4.422239,0.000857
840,7.000000,0.000088,0.946797,-0.007090,0.321753,0.457988,0.525327,-4.418394,0.000870
841,7.008333,0.000144,0.946750,-0.007182,0.321890,0.455784,0.525314,-4.414873,0.000872
842,7.016667,-0.000654,0.946712,-0.007162,0.322002,0.453291,0.525479,-4.411281,0.000736
843,7.025000,0.000227,0.946732,-0.007369,0.321939,0.451295,0.525264,-4.407863,0.000834
844,7.033333,0.000254,0.946627,-0.007362,0.322246,0.449259,0.525286,-4.404346,0.000864
845,7.041667,0.000290,0.946582,-0.007402,0.322379,0.447106,0.525330,-4.400887,0.000870
846,7.050000,0.000292,0.946523,-0.007471,0.322551,0.444959,0.525360,-4.397405,0.000889
847,7.058333,-0.000961,0.946389,-0.006715,0.322959,0.443189,0.525539,-4.394218,0.000836
848,7.066667,0.000466,0.946443,-0.007817,0.322777,0.440572,0.525272,-4.390404,0.000848
849,7.075000,0.000393,0.946390,-0.007646,0.322936,0.438407,0.525341,-4.386894,0.000856
850,7.083333,-0.000131,0.946349,-0.007468,0.323060,0.436208,0.525559,-4.383387,0.000883
851,7.091667,-0.000311,0.946267,-0.007380,0.323302,0.434060,0.525655,-4.379870,0.000853
852,7.100000,-0.000065,0.946241,-0.007556,0.323373,0.431863,0.525669,-4.376424,0.000876
853,7.108333,-0.000049,0.946187,-0.007636,0.323530,0.429665,0.525724,-4.372933,0.000881
854,7.116667,-0.000058,0.946130,-0.007702,0.323694,0.427567,0.525733,-4.369456,0.000886
855,7.125000,-0.000074,0.946088,-0.007797,0.323816,0.425344,0.525781,-4.365989,0.000858
856,7.133333,-0.000053,0.946032,-0.007827,0.323980,0.423185,0.525858,-4.362516,0.000892
857,7.141667,0.000005,0.945982,-0.007954,0.324123,0.421060,0.525911,-4.359062,0.000903
858,7.150000,-0.000028,0.945936,-0.007986,0.324254,0.418865,0.526001,-4.355592,0.000878
859,7.158333,-0.000011,0.945881,-0.008028,0.324415,0.416647,0.526060,-4.352137,0.000903
860,7.166667,-0.000802,0.945767,-0.008103,0.324743,0.414124,0.526275,-4.348756,0.001042
861,7.175000,-0.000124,0.945775,-0.008145,0.324722,0.412312,0.526195,-4.345222,0.000894
862,7.183333,-0.000162,0.945759,-0.008239,0.324764,0.410015,0.526260,-4.341748,0.000870
863,7.191667,-0.000074,0.945659,-0.008305,0.325054,0.407969,0.526375,-4.338315,0.000872
864,7.200000,-0.000071,0.945600,-0.008311,0.325225,0.405786,0.526456,-4.334865,0.000886
865,7.208333,-0.000115,0.945550,-0.008304,0.325370,0.403643,0.526550,-4.331444,0.000892
866,7.216667,-0.000161,0.945488,-0.008372,0.325550,0.401386,0.526625,-4.327960,0.000892
867,7.225000,-0.000218,0.945432,-0.008395,0.325711,0.399198,0.526733,-4.324515,0.000894
868,7.233333,-0.000186,0.945369,-0.008385,0.325895,0.397048,0.526846,-4.321095,0.000919
869,7.241667,-0.000287,0.945320,-0.008442,0.326035,0.394860,0.526952,-4.317593,0.000895
870,7.250000,-0.000319,0.945268,-0.008418,0.326186,0.392652,0.527083,-4.314145,0.000892
871,7.258333,-0.000328,0.945186,-0.008418,0.326422,0.390478,0.527165,-4.310679,0.000905
872,7.266667,-0.000366,0.945129,-0.008398,0.326590,0.388241,0.527278,-4.307190,0.000901
873,7.275000,-0.000438,0.945078,-0.008351,0.326737,0.386052,0.527401,-4.303735,0.000908
874,7.283333,-0.000416,0.945029,-0.008370,0.326879,0.383943,0.527478,-4.300270,0.000840
875,7.291667,-0.000580,0.944958,-0.008301,0.327085,0.381692,0.527675,-4.296754,0.000908
876,7.300000,-0.000571,0.944891,-0.008287,0.327280,0.379492,0.527722,-4.293315,0.000860
877,7.308333,-0.000627,0.944827,-0.008195,0.327465,0.377282,0.527820,-4.289841,0.000846
878,7.316667,-0.000692,0.944758,-0.008115,0.327669,0.375069,0.527938,-4.286304,0.000845
879,7.325000,-0.000760,0.944711,-0.008026,0.327804,0.372857,0.528017,-4.282789,0.000835
880,7.333333,-0.000797,0.944638,-0.007986,0.328016,0.370594,0.528157,-4.279305,0.000834
881,7.341667,-0.000907,0.944584,-0.007832,0.328175,0.368395,0.528259,-4.275778,0.000858
882,7.350000,-0.000974,0.944513,-0.007750,0.328380,0.366184,0.528371,-4.272265,0.000840
883,7.358333,-0.001098,0.944449,-0.007560,0.328570,0.363943,0.528453,-4.268753,0.000849
884,7.366667,-0.001204,0.944390,-0.007465,0.328740,0.361704,0.528560,-4.265208,0.000862
885,7.375000,-0.001291,0.944327,-0.007327,0.328924,0.359452,0.528648,-4.261683,0.000861
886,7.383333,-0.001424,0.944269,-0.007162,0.329094,0.357218,0.528765,-4.258157,0.000843
887,7.391667,-0.001534,0.944196,-0.006965,0.329308,0.354966,0.528835,-4.254587,0.000847
888,7.400000,-0.001614,0.944127,-0.006807,0.329509,0.352690,0.528900,-4.251040,0.000859
889,7.408333,-0.001731,0.944065,-0.006618,0.329688,0.350455,0.528979,-4.247454,0.000856
890,7.416667,-0.001767,0.943787,-0.006638,0.330483,0.347880,0.529156,-4.244008,0.001093
891,7.425000,-0.001877,0.943720,-0.006454,0.330677,0.345607,0.529245,-4.240458,0.001072
892,7.433333,-0.001995,0.943640,-0.006288,0.330908,0.343352,0.529296,-4.236852,0.001067
893,7.441667,-0.002154,0.943592,-0.006060,0.331048,0.341056,0.529352,-4.233266,0.001048
894,7.450000,-0.002261,0.943529,-0.005872,0.331231,0.338782,0.529423,-4.229684,0.001038
895,7.458333,-0.002458,0.943465,-0.005707,0.331414,0.336496,0.529465,-4.226076,0.001032
896,7.466667,-0.002707,0.943478,-0.005430,0.331378,0.334292,0.529538,-4.222573,0.001045
897,7.475000,-0.002732,0.943314,-0.005278,0.331848,0.331839,0.529576,-4.218911,0.001069
898,7.483333,-0.002880,0.943259,-0.005054,0.332007,0.329567,0.529576,-4.215308,0.001047
899,7.491667,-0.002743,0.942985,-0.005200,0.332784,0.327414,0.529544,-4.211488,0.001248
900,7.500000,-0.002937,0.942909,-0.005005,0.333001,0.325069,0.529558,-4.207860,0.001263
901,7.508333,-0.003094,0.942967,-0.004681,0.332840,0.322830,0.529553,-4.204338,0.001303
902,7.516667,-0.003284,0.943044,-0.004348,0.332624,0.320641,0.529487,-4.200590,0.001126
903,7.525000,-0.003449,0.942971,-0.004171,0.332831,0.318325,0.529503,-4.196979,0.001130
904,7.533333,-0.003822,0.942858,-0.003896,0.333150,0.315518,0.529664,-4.193744,0.001039
905,7.541667,-0.003739,0.942827,-0.003826,0.333240,0.313565,0.529464,-4.189787,0.001123
906,7.550000,-0.003886,0.942772,-0.003561,0.333396,0.311206,0.529465,-4.186204,0.001136
907,7.558333,-0.004101,0.942689,-0.003467,0.333630,0.308856,0.529453,-4.182635,0.001147
908,7.566667,-0.004268,0.942633,-0.003304,0.333788,0.306491,0.529446,-4.179009,0.001118
909,7.575000,-0.004338,0.942427,-0.003382,0.334365,0.303955,0.529494,-4.175506,0.001240
910,7.583333,-0.004556,0.942494,-0.002980,0.334178,0.301689,0.529405,-4.171815,0.001095
911,7.591667,-0.004688,0.942420,-0.002849,0.334387,0.299306,0.529384,-4.168237,0.001121
912,7.600000,-0.004849,0.942341,-0.002765,0.334607,0.296925,0.529344,-4.164638,0.001112
913,7.608333,-0.004971,0.942263,-0.002655,0.334825,0.294535,0.529319,-4.161072,0.001113
914,7.616667,-0.005114,0.942197,-0.002528,0.335010,0.292150,0.529240,-4.157467,0.001124
915,7.625000,-0.005239,0.942136,-0.002474,0.335180,0.289706,0.529197,-4.153862,0.001117
916,7.633333,-0.005338,0.941950,-0.002556,0.335701,0.287140,0.529235,-4.150402,0.001235
917,7.641667,-0.005686,0.942097,-0.002148,0.335286,0.284653,0.529245,-4.146967,0.000835
918,7.650000,-0.005582,0.941805,-0.002446,0.336104,0.282327,0.529143,-4.143228,0.001245
919,7.658333,-0.005708,0.941784,-0.002287,0.336163,0.279966,0.529039,-4.139650,0.001138
920,7.666667,-0.005768,0.941711,-0.002274,0.336366,0.277477,0.528920,-4.136053,0.001131
921,7.675000,-0.005881,0.941715,-0.002134,0.336354,0.275176,0.528828,-4.132440,0.001111
922,7.683333,-0.005951,0.941577,-0.002239,0.336737,0.272704,0.528832,-4.128939,0.001136
923,7.691667,-0.006157,0.941481,-0.002362,0.337003,0.270268,0.528845,-4.125385,0.001186
924,7.700000,-0.006121,0.941401,-0.002377,0.337225,0.267807,0.528791,-4.121837,0.001198
925,7.708333,-0.006099,0.941362,-0.002393,0.337335,0.265349,0.528730,-4.118260,0.001186
926,7.716667,-0.006165,0.941280,-0.002411,0.337562,0.262980,0.528667,-4.114770,0.001212
927,7.725000,-0.006239,0.941216,-0.002484,0.337739,0.260617,0.528584,-4.111196,0.001182
928,7.733333,-0.006268,0.941140,-0.002514,0.337950,0.258235,0.528551,-4.107665,0.001198
929,7.741667,-0.006164,0.941086,-0.002617,0.338103,0.255772,0.528488,-4.104086,0.001187
930,7.750000,-0.006228,0.941013,-0.002728,0.338302,0.253389,0.528459,-4.100542,0.001174
931,7.758333,-0.006167,0.940943,-0.002814,0.338498,0.250962,0.528442,-4.096971,0.001183
932,7.766667,-0.007075,0.940763,-0.002897,0.338979,0.248208,0.528573,-4.093532,0.001342
933,7.775000,-0.006114,0.940814,-0.002959,0.338856,0.246199,0.528334,-4.089955,0.001146
934,7.783333,-0.006030,0.940760,-0.003132,0.339004,0.243824,0.528201,-4.086420,0.001140
935,7.791667,-0.006018,0.940683,-0.003329,0.339216,0.241471,0.528188,-4.082887,0.001152
936,7.800000,-0.005955,0.940618,-0.003390,0.339399,0.239111,0.528152,-4.079317,0.001161
937,7.808333,-0.005829,0.940580,-0.003541,0.339504,0.236695,0.528140,-4.075772,0.001159
938,7.816667,-0.005658,0.940537,-0.003918,0.339621,0.234223,0.528031,-4.072207,0.001109
939,7.825000,-0.005836,0.940582,-0.003639,0.339496,0.231739,0.528151,-4.068944,0.000871
940,7.833333,-0.005503,0.940365,-0.004034,0.340100,0.229563,0.528057,-4.065212,0.001161
941,7.841667,-0.005382,0.940319,-0.004185,0.340225,0.227259,0.528013,-4.061706,0.001156
942,7.850000,-0.005168,0.940243,-0.004329,0.340439,0.224871,0.527922,-4.058140,0.001129
943,7.858333,-0.005064,0.940177,-0.004520,0.340620,0.222497,0.527929,-4.054577,0.001108
944,7.866667,-0.004922,0.940122,-0.004652,0.340771,0.220169,0.527983,-4.051043,0.001117
945,7.875000,-0.004710,0.940068,-0.004816,0.340920,0.217791,0.528013,-4.047518,0.001120
946,7.883333,-0.004546,0.940005,-0.004985,0.341095,0.215473,0.527999,-4.044001,0.001128
947,7.891667,-0.004326,0.939933,-0.005179,0.341292,0.213088,0.527942,-4.040472,0.001124
948,7.900000,-0.004166,0.939864,-0.005311,0.341483,0.210787,0.527948,-4.036985,0.001131
949,7.908333,-0.004186,0.939794,-0.005531,0.341672,0.208407,0.528020,-4.033394,0.001122
950,7.916667,-0.004073,0.939889,-0.005453,0.341412,0.205957,0.528047,-4.030141,0.000859
951,7.925000,-0.003564,0.939667,-0.005904,0.342022,0.203708,0.527984,-4.026316,0.001144
952,7.933333,-0.003400,0.939618,-0.005992,0.342157,0.201345,0.528017,-4.022829,0.001141
953,7.941667,-0.003184,0.939560,-0.006156,0.342315,0.198994,0.528053,-4.019297,0.001158
954,7.950000,-0.003021,0.939488,-0.006326,0.342512,0.196653,0.528073,-4.015792,0.001149
955,7.958333,-0.002837,0.939418,-0.006480,0.342702,0.194319,0.528078,-4.012278,0.001151
956,7.966667,-0.002622,0.939359,-0.006647,0.342860,0.191940,0.528075,-4.008739,0.001102
957,7.975000,-0.002428,0.939290,-0.006760,0.343049,0.189590,0.528133,-4.005219,0.001154
958,7.983333,-0.002169,0.939228,-0.006905,0.343217,0.187203,0.528158,-4.001654,0.001156
959,7.991667,-0.001989,0.939159,-0.007020,0.343405,0.184877,0.528259,-3.998136,0.001172
960,8.000000,-0.001796,0.939097,-0.007148,0.343574,0.182500,0.528291,-3.994585,0.001161
961,8.008333,-0.001574,0.939028,-0.007279,0.343761,0.180103,0.528329,-3.991092,0.001132
962,8.016667,-0.001567,0.939097,-0.007140,0.343575,0.177598,0.528434,-3.987798,0.000845
963,8.025000,-0.001590,0.939016,-0.007291,0.343792,0.175232,0.528568,-3.984250,0.000862
964,8.033333,-0.001058,0.938816,-0.007566,0.344333,0.173063,0.528492,-3.980464,0.001201
965,8.041667,-0.000948,0.938766,-0.007692,0.344467,0.170663,0.528580,-3.976917,0.001162
966,8.050000,-0.000691,0.938688,-0.007760,0.344680,0.168209,0.528641,-3.973379,0.001158
967,8.058333,-0.001129,0.938556,-0.007780,0.345039,0.165706,0.528822,-3.969809,0.001235
968,8.066667,-0.000783,0.938397,-0.007826,0.345470,0.163434,0.528869,-3.966025,0.001487
969,8.075000,-0.000614,0.938345,-0.007871,0.345610,0.161040,0.528900,-3.962528,0.001479
970,8.083333,-0.000487,0.938268,-0.007970,0.345816,0.158655,0.528940,-3.958983,0.001478
971,8.091667,-0.000518,0.938454,-0.007892,0.345313,0.156001,0.529099,-3.955764,0.001261
972,8.100000,-0.000440,0.938203,-0.008107,0.345991,0.153638,0.529132,-3.952114,0.001264
973,8.108333,-0.000503,0.938331,-0.007971,0.345647,0.151058,0.529328,-3.948900,0.000934
974,8.116667,-0.000267,0.938055,-0.008167,0.346391,0.148791,0.529303,-3.945032,0.001284
975,8.125000,-0.000017,0.937928,-0.008140,0.346735,0.146478,0.529337,-3.941262,0.001505
976,8.133333,0.000057,0.937854,-0.008158,0.346933,0.143986,0.529421,-3.937750,0.001506
977,8.141667,0.000135,0.937773,-0.008185,0.347153,0.141550,0.529466,-3.934167,0.001491
978,8.150000,0.000226,0.937706,-0.008152,0.347335,0.139089,0.529554,-3.930634,0.001496
979,8.158333,0.000019,0.937725,-0.008230,0.347282,0.136501,0.529666,-3.927313,0.001253
980,8.166667,-0.000007,0.937829,-0.008111,0.347003,0.133846,0.529838,-3.924087,0.000916
981,8.175000,0.000106,0.937565,-0.008219,0.347714,0.131541,0.529847,-3.920186,0.001278
982,8.183333,0.000320,0.937400,-0.008164,0.348158,0.129163,0.529888,-3.916371,0.001494
983,8.191667,0.000166,0.937587,-0.007985,0.347659,0.126493,0.530047,-3.913202,0.001240
984,8.200000,0.000273,0.937262,-0.008061,0.348532,0.124205,0.530024,-3.909326,0.001511
985,8.208333,0.000283,0.937207,-0.008050,0.348682,0.121673,0.530109,-3.905761,0.001520
986,8.216667,0.000252,0.937141,-0.008053,0.348857,0.119164,0.530166,-3.902171,0.001490
987,8.225000,0.000034,0.937317,-0.007837,0.348391,0.116432,0.530351,-3.898976,0.001289
988,8.233333,0.000097,0.936977,-0.007962,0.349300,0.114122,0.530322,-3.895060,0.001491
989,8.241667,0.000074,0.936903,-0.007878,0.349500,0.111612,0.530404,-3.891489,0.001510
990,8.250000,-0.000192,0.937071,-0.007715,0.349053,0.108856,0.530515,-3.888255,0.001247
991,8.258333,-0.000205,0.937003,-0.007580,0.349238,0.106311,0.530578,-3.884743,0.001280
992,8.266667,-0.000288,0.936930,-0.007584,0.349434,0.103781,0.530602,-3.881139,0.001267
993,8.275000,-0.000102,0.936521,-0.007647,0.350529,0.101368,0.530596,-3.877374,0.001486
994,8.283333,-0.000300,0.936532,-0.007610,0.350499,0.098938,0.530636,-3.873658,0.001463
995,8.291667,-0.000292,0.936342,-0.007527,0.351008,0.096251,0.530715,-3.870226,0.001453
996,8.300000,-0.000607,0.936522,-0.007275,0.350534,0.093476,0.530846,-3.866990,0.001242
997,8.308333,-0.000579,0.936297,-0.007399,0.351131,0.091202,0.530818,-3.862979,0.001506
998,8.316667,-0.000605,0.936123,-0.007333,0.351597,0.088551,0.530828,-3.859484,0.001510
999,8.325000,-0.000895,0.936294,-0.007090,0.351145,0.085804,0.530940,-3.856287,0.001237
1000,8.333333,-0.000812,0.935964,-0.007156,0.352023,0.083412,0.530928,-3.852347,0.001506
1001,8.341667,-0.000928,0.935863,-0.007074,0.352291,0.080883,0.530977,-3.848809,0.001459
1002,8.350000,-0.001044,0.935780,-0.007007,0.352512,0.078299,0.530989,-3.845209,0.001470
1003,8.358333,-0.001196,0.935710,-0.006937,0.352700,0.075714,0.531018,-3.841618,0.001465
1004,8.366667,-0.001198,0.935744,-0.006986,0.352608,0.073054,0.531082,-3.838264,0.001099
1005,8.375000,-0.001486,0.935818,-0.006644,0.352418,0.070309,0.531170,-3.834963,0.000809
1006,8.383333,-0.001468,0.935588,-0.006718,0.353027,0.067883,0.531093,-3.831125,0.001135
1007,8.391667,-0.001696,0.935649,-0.006518,0.352869,0.065173,0.531142,-3.827802,0.000814
1008,8.400000,-0.001639,0.935634,-0.006476,0.352910,0.062663,0.531159,-3.824089,0.000830
1009,8.408333,-0.001886,0.935452,-0.006376,0.353391,0.059893,0.531186,-3.820661,0.000846
1010,8.416667,-0.001865,0.935240,-0.006440,0.353950,0.057457,0.531123,-3.816795,0.001092
1011,8.425000,-0.001920,0.935141,-0.006400,0.354212,0.054894,0.531127,-3.813225,0.001128
1012,8.433333,-0.002010,0.935317,-0.006031,0.353755,0.052257,0.531150,-3.809752,0.000861
1013,8.441667,-0.001941,0.935077,-0.006166,0.354385,0.049801,0.531035,-3.805903,0.001109
1014,8.450000,-0.002050,0.934977,-0.006049,0.354652,0.047209,0.531016,-3.802338,0.001106
1015,8.458333,-0.002291,0.935026,-0.005700,0.354526,0.044562,0.531123,-3.798918,0.001046
1016,8.466667,-0.002321,0.934709,-0.005902,0.355357,0.041889,0.530985,-3.795256,0.001138
1017,8.475000,-0.002432,0.934633,-0.005804,0.355557,0.039286,0.530986,-3.791671,0.001087
1018,8.483333,-0.002328,0.934641,-0.005681,0.355539,0.036757,0.530944,-3.787947,0.001111
1019,8.491667,-0.002531,0.934709,-0.005361,0.355366,0.034012,0.530991,-3.784671,0.000832
1020,8.500000,-0.002505,0.934471,-0.005500,0.355988,0.031572,0.530867,-3.780847,0.001104
1021,8.508333,-0.002561,0.934367,-0.005416,0.356263,0.028967,0.530818,-3.777311,0.001127
1022,8.516667,-0.002734,0.934435,-0.005160,0.356086,0.026200,0.530865,-3.773975,0.000827
1023,8.525000,-0.002925,0.934248,-0.005129,0.356575,0.023521,0.530842,-3.770523,0.000832
1024,8.533333,-0.002933,0.934031,-0.005231,0.357143,0.021031,0.530738,-3.766687,0.001120
1025,8.541667,-0.002763,0.934036,-0.005163,0.357130,0.018537,0.530678,-3.763035,0.001104
1026,8.550000,-0.002966,0.933852,-0.005166,0.357609,0.015836,0.530634,-3.759563,0.001090
1027,8.558333,-0.003219,0.933911,-0.004891,0.357458,0.013149,0.530666,-3.756233,0.001014
1028,8.566667,-0.003042,0.933723,-0.005028,0.357949,0.010630,0.530506,-3.752462,0.001092
1029,8.575000,-0.003197,0.933827,-0.004781,0.357679,0.007912,0.530525,-3.749144,0.000824
1030,8.583333,-0.003355,0.933642,-0.004817,0.358158,0.005223,0.530479,-3.745716,0.000818
1031,8.591667,-0.003413,0.933593,-0.004773,0.358287,0.002621,0.530440,-3.742152,0.000837
1032,8.600000,-0.003281,0.933572,-0.004708,0.358343,0.000113,0.530371,-3.738525,0.000829
1033,8.608333,-0.003253,0.933298,-0.004914,0.359054,-0.002254,0.530299,-3.734640,0.001283
1034,8.616667,-0.003436,0.933387,-0.004709,0.358825,-0.005152,0.530274,-3.731533,0.000833
1035,8.625000,-0.003372,0.933158,-0.004967,0.359416,-0.007630,0.530175,-3.727767,0.001112
1036,8.633333,-0.003512,0.932987,-0.004931,0.359858,-0.010360,0.530120,-3.724387,0.001122
1037,8.641667,-0.003695,0.933059,-0.004721,0.359674,-0.013124,0.530146,-3.721143,0.000854
1038,8.650000,-0.003742,0.932980,-0.004816,0.359877,-0.015751,0.530109,-3.717626,0.000791
1039,8.658333,-0.003502,0.932804,-0.004966,0.360334,-0.018009,0.530031,-3.713661,0.001300
1040,8.666667,-0.003611,0.932741,-0.005003,0.360495,-0.020770,0.529946,-3.710291,0.001089
1041,8.675000,-0.003616,0.932641,-0.004981,0.360754,-0.023375,0.529888,-3.706857,0.001137
1042,8.683333,-0.003771,0.932707,-0.004885,0.360583,-0.026170,0.529915,-3.703594,0.000808
1043,8.691667,-0.003893,0.932381,-0.005082,0.361421,-0.028777,0.529783,-3.700018,0.001107
1044,8.700000,-0.003953,0.932258,-0.005182,0.361737,-0.031308,0.529823,-3.696418,0.001319
1045,8.708333,-0.003988,0.932468,-0.005041,0.361196,-0.033986,0.529862,-3.693151,0.001028
1046,8.716667,-0.004072,0.932266,-0.005123,0.361716,-0.036871,0.529739,-3.689860,0.000861
1047,8.725000,-0.003896,0.932151,-0.005260,0.362012,-0.039260,0.529632,-3.686037,0.001116
1048,8.733333,-0.003995,0.932174,-0.005292,0.361949,-0.041818,0.529583,-3.682487,0.001050
1049,8.741667,-0.003984,0.931961,-0.005382,0.362497,-0.044591,0.529524,-3.679143,0.001102
1050,8.750000,-0.004174,0.931898,-0.005379,0.362658,-0.047487,0.529560,-3.676075,0.000837
1051,8.758333,-0.004272,0.931845,-0.005404,0.362791,-0.050165,0.529577,-3.672632,0.000866
1052,8.766667,-0.004086,0.931707,-0.005639,0.363143,-0.052551,0.529415,-3.668813,0.001139
1053,8.775000,-0.004182,0.931569,-0.005578,0.363497,-0.055118,0.529453,-3.665309,0.001353
1054,8.783333,-0.004164,0.931512,-0.005762,0.363640,-0.057931,0.529348,-3.661944,0.001127
1055,8.791667,-0.004186,0.931446,-0.005863,0.363808,-0.060625,0.529356,-3.658450,0.001102
1056,8.800000,-0.004410,0.931392,-0.005710,0.363946,-0.063562,0.529345,-3.655440,0.000868
1057,8.808333,-0.004295,0.931141,-0.005950,0.364586,-0.066077,0.529276,-3.651725,0.001141
1058,8.816667,-0.004360,0.931263,-0.005957,0.364272,-0.068371,0.529246,-3.648013,0.001263
1059,8.825000,-0.004343,0.930987,-0.006009,0.364978,-0.071284,0.529220,-3.644682,0.001346
1060,8.833333,-0.004479,0.930817,-0.006230,0.365406,-0.074084,0.529182,-3.641320,0.001319
1061,8.841667,-0.004328,0.930894,-0.006235,0.365211,-0.076781,0.529127,-3.637890,0.001125
1062,8.850000,-0.004574,0.930826,-0.006290,0.365380,-0.079501,0.529038,-3.634392,0.001120
1063,8.858333,-0.004477,0.930898,-0.005926,0.365203,-0.082312,0.529011,-3.631145,0.000885
1064,8.866667,-0.004485,0.930746,-0.006301,0.365584,-0.084906,0.529102,-3.627787,0.001080
1065,8.875000,-0.004459,0.930709,-0.006180,0.365681,-0.087713,0.528960,-3.624194,0.001054
1066,8.883333,-0.004448,0.930483,-0.006450,0.366253,-0.090593,0.528981,-3.621127,0.000960
1067,8.891667,-0.004371,0.930405,-0.006467,0.366451,-0.093207,0.528945,-3.617618,0.000912
1068,8.900000,-0.004516,0.930442,-0.006396,0.366356,-0.096033,0.528836,-3.613893,0.000933
1069,8.908333,-0.004479,0.930342,-0.006286,0.366611,-0.098806,0.528759,-3.610492,0.001068
1070,8.916667,-0.004408,0.930117,-0.006673,0.367177,-0.101542,0.528852,-3.607357,0.000921
1071,8.925000,-0.004401,0.930017,-0.006692,0.367429,-0.104143,0.528802,-3.603820,0.001038
1072,8.933333,-0.004432,0.929915,-0.006650,0.367688,-0.107009,0.528731,-3.600487,0.000937
1073,8.941667,-0.004378,0.929797,-0.006817,0.367982,-0.109789,0.528759,-3.597027,0.000893
1074,8.950000,-0.004344,0.929717,-0.006831,0.368186,-0.112536,0.528698,-3.593580,0.000950
1075,8.958333,-0.004310,0.929765,-0.006468,0.368072,-0.115281,0.528570,-3.589773,0.001223
1076,8.966667,-0.004189,0.929686,-0.006629,0.368269,-0.117976,0.528643,-3.586227,0.001348
1077,8.975000,-0.004157,0.929431,-0.006743,0.368910,-0.120872,0.528623,-3.583238,0.000906
1078,8.983333,-0.004075,0.929340,-0.006895,0.369138,-0.123614,0.528590,-3.579748,0.000885
1079,8.991667,-0.003998,0.929245,-0.006959,0.369377,-0.126379,0.528593,-3.576275,0.000915
1080,9.000000,-0.003919,0.929128,-0.006907,0.369673,-0.129122,0.528595,-3.572824,0.001054
1081,9.008333,-0.003905,0.929059,-0.006907,0.369847,-0.131876,0.528532,-3.569328,0.001011
1082,9.016667,-0.003860,0.928984,-0.006938,0.370034,-0.134656,0.528488,-3.565801,0.000965
1083,9.025000,-0.003723,0.928863,-0.006851,0.370342,-0.137488,0.528423,-3.562380,0.000856
1084,9.033333,-0.003570,0.928769,-0.006837,0.370578,-0.140207,0.528405,-3.558878,0.000894
1085,9.041667,-0.003603,0.928809,-0.006567,0.370484,-0.143051,0.528270,-3.555049,0.001153
1086,9.050000,-0.003312,0.928648,-0.006922,0.370883,-0.145639,0.528333,-3.551900,0.000914
1087,9.058333,-0.003500,0.928481,-0.006772,0.371303,-0.148666,0.528293,-3.548442,0.000838
1088,9.066667,-0.003438,0.928533,-0.006591,0.371175,-0.151328,0.528160,-3.544451,0.001492
1089,9.075000,-0.003456,0.928254,-0.006608,0.371872,-0.154284,0.528166,-3.541478,0.000913
