Format Version,1.23,Take Name,Take 2021-07-09 18.50.59 AM_013,Take Notes,,Capture Frame Rate,120.000000,Export Frame Rate,120.000000,Capture Start Time,2021-07-11 01.32.15.541 下午,Total Frames in Take,918,Total Exported Frames,918,Rotation Type,Quaternion,Length Units,Meters,Coordinate Space,Local

,Type,Rigid Body,Rigid Body,Rigid Body,Rigid Body,Rigid Body,Rigid Body,Rigid Body,Rigid Body
,Name,OASES_USV,OASES_USV,OASES_USV,OASES_USV,OASES_USV,OASES_USV,OASES_USV,OASES_USV
,ID,"E3F037E3E20611EB1371DA7D1A00D188","E3F037E3E20611EB1371DA7D1A00D188","E3F037E3E20611EB1371DA7D1A00D188","E3F037E3E20611EB1371DA7D1A00D188","E3F037E3E20611EB1371DA7D1A00D188","E3F037E3E20611EB1371DA7D1A00D188","E3F037E3E20611EB1371DA7D1A00D188","E3F037E3E20611EB1371DA7D1A00D188"
,,Rotation,Rotation,Rotation,Rotation,Position,Position,Position,Mean Marker Error
Frame,Time (Seconds),X,Y,Z,W,X,Y,Z,
0,0.000000,-0.000789,0.403424,-0.006394,0.914990,1.732978,0.535978,-6.376209,0.001335
1,0.008333,-0.000559,0.402875,-0.005963,0.915236,1.732230,0.535929,-6.374878,0.000946
2,0.016667,-0.000805,0.403408,-0.006616,0.914996,1.731757,0.536031,-6.373696,0.001312
3,0.025000,-0.002106,0.403094,-0.004556,0.915145,1.730848,0.535368,-6.372449,0.001357
4,0.033333,-0.001986,0.403896,-0.006024,0.914783,1.730816,0.535831,-6.370840,0.001319
5,0.041667,-0.001715,0.403837,-0.006060,0.914809,1.730130,0.535784,-6.369641,0.001312
6,0.050000,-0.002240,0.403207,-0.004942,0.915093,1.728989,0.535394,-6.368567,0.001347
7,0.058333,-0.001702,0.403940,-0.006348,0.914762,1.728809,0.535821,-6.367086,0.001285
8,0.066667,-0.001759,0.403937,-0.006465,0.914762,1.728187,0.535875,-6.365745,0.001289
9,0.075000,-0.002104,0.403512,-0.005527,0.914955,1.726953,0.535310,-6.364741,0.001112
10,0.083333,-0.001871,0.403963,-0.006479,0.914751,1.726614,0.535654,-6.363228,0.001162
11,0.091667,-0.001807,0.403985,-0.006652,0.914740,1.725918,0.535684,-6.361899,0.001191
12,0.100000,-0.001914,0.404071,-0.006679,0.914702,1.725199,0.535623,-6.360572,0.001195
13,0.108333,-0.001924,0.404136,-0.006695,0.914672,1.724489,0.535532,-6.359184,0.001197
14,0.116667,-0.001915,0.404179,-0.006745,0.914653,1.723752,0.535547,-6.357819,0.001200
15,0.125000,-0.001913,0.404185,-0.006853,0.914650,1.723034,0.535548,-6.356454,0.001193
16,0.133333,-0.001973,0.404212,-0.006918,0.914637,1.722332,0.535471,-6.355092,0.001191
17,0.141667,-0.002288,0.403836,-0.005936,0.914809,1.721206,0.535008,-6.353888,0.001099
18,0.150000,-0.001920,0.404295,-0.006958,0.914600,1.720786,0.535412,-6.352289,0.001183
19,0.158333,-0.002081,0.404405,-0.007014,0.914551,1.720043,0.535322,-6.350848,0.001163
20,0.166667,-0.002052,0.404410,-0.006937,0.914549,1.719228,0.535198,-6.349435,0.001177
21,0.175000,-0.002099,0.404474,-0.006858,0.914521,1.718483,0.535178,-6.348028,0.001169
22,0.183333,-0.002117,0.404535,-0.007032,0.914493,1.717690,0.535114,-6.346606,0.001198
23,0.191667,0.002142,-0.404588,0.006955,-0.914470,1.716913,0.535032,-6.345190,0.001206
24,0.200000,,,,,,,,
25,0.208333,0.002457,-0.404271,0.005973,-0.914616,1.714957,0.534520,-6.342440,0.001148
26,0.216667,0.002213,-0.404767,0.006901,-0.914391,1.714537,0.534790,-6.340788,0.001205
27,0.225000,0.002452,-0.404390,0.005847,-0.914564,1.713336,0.534366,-6.339491,0.001149
28,0.233333,0.002219,-0.404847,0.006670,-0.914358,1.712876,0.534586,-6.337891,0.001175
29,0.241667,0.003078,-0.405627,0.007146,-0.914005,1.711541,0.534104,-6.336503,0.001021
30,0.250000,0.002169,-0.404897,0.006610,-0.914336,1.711203,0.534416,-6.334959,0.001177
31,0.258333,0.002204,-0.404925,0.006506,-0.914324,1.710326,0.534243,-6.333490,0.001188
32,0.266667,0.003104,-0.405786,0.006937,-0.913936,1.708913,0.533725,-6.332049,0.001029
33,0.275000,0.002216,-0.405035,0.006344,-0.914276,1.708577,0.534017,-6.330483,0.001195
34,0.283333,0.002231,-0.405091,0.006344,-0.914252,1.707665,0.533863,-6.329000,0.001226
35,0.291667,0.003167,-0.405965,0.006711,-0.913859,1.706284,0.533326,-6.327539,0.001052
36,0.300000,0.002280,-0.405178,0.006093,-0.914215,1.705914,0.533616,-6.325989,0.001205
37,0.308333,0.002387,-0.405243,0.006007,-0.914186,1.705057,0.533471,-6.324484,0.001237
38,0.316667,0.002441,-0.405353,0.006061,-0.914137,1.704191,0.533360,-6.322937,0.001213
39,0.325000,0.002394,-0.405328,0.005852,-0.914150,1.703254,0.533270,-6.321420,0.001209
40,0.333333,0.002445,-0.405403,0.005764,-0.914117,1.702346,0.533100,-6.319900,0.001207
41,0.341667,0.003363,-0.406255,0.006033,-0.913734,1.700893,0.532599,-6.318430,0.001031
42,0.350000,0.002396,-0.405455,0.005571,-0.914095,1.700499,0.532922,-6.316853,0.001211
43,0.358333,0.002463,-0.405492,0.005474,-0.914079,1.699583,0.532728,-6.315324,0.001218
44,0.366667,0.003436,-0.406401,0.005720,-0.913671,1.698089,0.532189,-6.313840,0.001057
45,0.375000,0.002599,-0.405651,0.005219,-0.914009,1.697664,0.532456,-6.312275,0.001213
46,0.383333,0.002732,-0.405700,0.005294,-0.913987,1.696736,0.532326,-6.310731,0.001215
47,0.391667,0.003586,-0.406538,0.005518,-0.913610,1.695262,0.531800,-6.309270,0.001037
48,0.400000,0.003007,-0.405438,0.004128,-0.914108,1.694489,0.531711,-6.307838,0.001116
49,0.408333,0.003177,-0.405430,0.004042,-0.914112,1.693504,0.531585,-6.306290,0.001143
50,0.416667,0.003720,-0.406689,0.005333,-0.913544,1.692363,0.531446,-6.304613,0.001031
51,0.425000,0.002887,-0.405946,0.004794,-0.913880,1.691940,0.531686,-6.303018,0.001196
52,0.433333,0.002210,-0.405756,0.005745,-0.913961,1.690720,0.531961,-6.301621,0.001168
53,0.441667,0.003807,-0.406778,0.005115,-0.913505,1.689406,0.531120,-6.299962,0.001058
54,0.450000,0.002873,-0.406038,0.004695,-0.913840,1.688952,0.531422,-6.298395,0.001210
55,0.458333,0.002972,-0.406017,0.004575,-0.913849,1.687896,0.531305,-6.296862,0.001217
56,0.466667,0.002869,-0.406167,0.004467,-0.913783,1.686929,0.531169,-6.295317,0.001201
57,0.475000,0.002860,-0.406147,0.004458,-0.913793,1.685910,0.531160,-6.293762,0.001229
58,0.483333,0.003845,-0.407024,0.004831,-0.913397,1.684361,0.530632,-6.292226,0.001043
59,0.491667,0.004070,-0.406722,0.004018,-0.913534,1.683042,0.530244,-6.290778,0.000985
60,0.500000,0.003005,-0.406327,0.004280,-0.913713,1.682853,0.530926,-6.289019,0.001206
61,0.508333,0.003961,-0.407223,0.004801,-0.913308,1.681338,0.530452,-6.287468,0.001031
62,0.516667,0.003085,-0.406514,0.004255,-0.913629,1.680780,0.530789,-6.285825,0.001187
63,0.525000,0.004027,-0.407300,0.004672,-0.913274,1.679251,0.530335,-6.284310,0.001040
64,0.533333,0.004131,-0.407460,0.004722,-0.913202,1.678203,0.530317,-6.282684,0.001051
65,0.541667,0.003203,-0.406622,0.004252,-0.913581,1.677692,0.530696,-6.281095,0.001204
66,0.550000,0.003528,-0.406297,0.003352,-0.913728,1.676276,0.530254,-6.279661,0.001119
67,0.558333,0.003266,-0.406753,0.004310,-0.913522,1.675575,0.530651,-6.277896,0.001225
68,0.566667,0.003204,-0.406739,0.004344,-0.913528,1.674580,0.530643,-6.276319,0.001237
69,0.575000,0.003570,-0.406466,0.003331,-0.913653,1.673121,0.530232,-6.274866,0.001139
70,0.583333,0.003181,-0.406848,0.004456,-0.913480,1.672444,0.530695,-6.273080,0.001236
71,0.591667,0.003319,-0.406951,0.004294,-0.913434,1.671353,0.530648,-6.271464,0.001207
72,0.600000,0.003388,-0.406937,0.004374,-0.913440,1.670276,0.530610,-6.269817,0.001229
73,0.608333,0.002630,-0.406878,0.005389,-0.913463,1.669025,0.531062,-6.268294,0.001195
74,0.616667,0.004301,-0.407909,0.004825,-0.913000,1.667598,0.530285,-6.266564,0.001063
75,0.625000,0.003360,-0.407156,0.004363,-0.913342,1.667004,0.530755,-6.264887,0.001208
76,0.633333,0.004331,-0.408015,0.004868,-0.912952,1.665454,0.530413,-6.263258,0.001061
77,0.641667,0.004322,-0.408017,0.004939,-0.912951,1.664349,0.530464,-6.261627,0.001050
78,0.650000,0.003667,-0.407784,0.005960,-0.913052,1.663189,0.530878,-6.260176,0.001112
79,0.658333,0.003669,-0.407785,0.006078,-0.913050,1.662064,0.530918,-6.258529,0.001093
80,0.666667,0.003524,-0.407331,0.004629,-0.913262,1.661596,0.531047,-6.256589,0.001242
81,0.675000,0.003654,-0.407895,0.006190,-0.913000,1.659883,0.531064,-6.255175,0.001111
82,0.683333,0.003467,-0.407558,0.004639,-0.913161,1.659455,0.531158,-6.253207,0.001227
83,0.691667,0.003756,-0.407161,0.003803,-0.913341,1.657939,0.530801,-6.251662,0.001141
84,0.700000,0.004387,-0.408469,0.005243,-0.912747,1.656680,0.530884,-6.249843,0.001050
85,0.708333,0.003426,-0.407659,0.004935,-0.913115,1.656164,0.531378,-6.248113,0.001226
86,0.716667,0.003480,-0.407732,0.004869,-0.913082,1.655020,0.531433,-6.246411,0.001206
87,0.725000,0.003316,-0.407783,0.005048,-0.913059,1.653937,0.531569,-6.244670,0.001213
88,0.733333,0.004316,-0.408235,0.004652,-0.912855,1.651863,0.530890,-6.243133,0.000892
89,0.741667,0.002633,-0.407716,0.006173,-0.913084,1.651509,0.532069,-6.241330,0.001194
90,0.750000,0.004181,-0.408675,0.005481,-0.912654,1.649970,0.531382,-6.239501,0.001060
91,0.758333,0.004142,-0.408810,0.005659,-0.912593,1.648874,0.531441,-6.237709,0.001072
92,0.766667,0.003191,-0.407952,0.005147,-0.912983,1.648264,0.531961,-6.235948,0.001224
93,0.775000,0.004100,-0.408863,0.005725,-0.912569,1.646654,0.531624,-6.234159,0.001050
94,0.783333,0.003132,-0.408023,0.005264,-0.912951,1.646010,0.532134,-6.232373,0.001220
95,0.791667,0.004034,-0.408953,0.005792,-0.912528,1.644399,0.531836,-6.230610,0.001056
96,0.800000,0.003074,-0.408135,0.005321,-0.912901,1.643704,0.532308,-6.228787,0.001228
97,0.808333,0.002930,-0.407966,0.005090,-0.912978,1.642959,0.532583,-6.227098,0.001225
98,0.816667,0.002861,-0.407922,0.005043,-0.912998,1.641758,0.532658,-6.225318,0.001229
99,0.825000,0.003154,-0.407700,0.004189,-0.913101,1.640275,0.532277,-6.223654,0.001144
100,0.833333,0.002861,-0.408063,0.005179,-0.912935,1.639451,0.532818,-6.221661,0.001224
101,0.841667,0.002861,-0.408139,0.005058,-0.912901,1.638290,0.532811,-6.219787,0.001229
102,0.850000,0.002766,-0.408164,0.005285,-0.912889,1.637067,0.532958,-6.217953,0.001207
103,0.858333,0.002712,-0.408265,0.005139,-0.912845,1.635936,0.533013,-6.216092,0.001227
104,0.866667,0.003871,-0.409204,0.005563,-0.912418,1.634051,0.532538,-6.214193,0.001101
105,0.875000,0.002717,-0.408475,0.005265,-0.912750,1.633514,0.533126,-6.212321,0.001209
106,0.883333,0.003754,-0.409304,0.005595,-0.912373,1.631621,0.532626,-6.210452,0.001100
107,0.891667,0.002508,-0.408456,0.005314,-0.912759,1.631100,0.533239,-6.208583,0.001193
108,0.900000,0.003644,-0.409359,0.005632,-0.912349,1.629220,0.532726,-6.206704,0.001109
109,0.908333,0.002423,-0.408557,0.005253,-0.912714,1.628692,0.533310,-6.204807,0.001208
110,0.916667,0.002404,-0.408555,0.005261,-0.912715,1.627455,0.533363,-6.202944,0.001234
111,0.925000,0.002281,-0.408635,0.005270,-0.912680,1.626182,0.533411,-6.201015,0.001210
112,0.933333,0.003446,-0.409539,0.005629,-0.912269,1.624251,0.532858,-6.199064,0.001106
113,0.941667,0.002213,-0.408732,0.005261,-0.912637,1.623670,0.533460,-6.197163,0.001245
114,0.950000,0.002265,-0.408858,0.005218,-0.912580,1.622423,0.533415,-6.195202,0.001214
115,0.958333,0.002217,-0.408917,0.005166,-0.912554,1.621135,0.533464,-6.193276,0.001224
116,0.966667,0.002157,-0.408963,0.005132,-0.912534,1.619902,0.533497,-6.191307,0.001219
117,0.975000,0.003968,-0.410326,0.005439,-0.911914,1.618478,0.533187,-6.189025,0.001267
118,0.983333,0.002509,-0.409486,0.005302,-0.912298,1.617845,0.533813,-6.187085,0.001237
119,0.991667,0.002650,-0.409549,0.005194,-0.912270,1.616560,0.533754,-6.185128,0.001253
120,1.000000,0.002371,-0.409719,0.005516,-0.912192,1.614882,0.533635,-6.183126,0.001381
121,1.008333,0.002389,-0.409756,0.005488,-0.912175,1.613549,0.533606,-6.181146,0.001387
122,1.016667,0.002259,-0.409808,0.005421,-0.912153,1.612251,0.533599,-6.179192,0.001405
123,1.025000,0.003528,-0.410866,0.005783,-0.911670,1.610303,0.533114,-6.177202,0.001346
124,1.033333,0.002209,-0.409957,0.005283,-0.912087,1.609681,0.533607,-6.175204,0.001424
125,1.041667,0.002273,-0.410040,0.005229,-0.912050,1.608308,0.533590,-6.173204,0.001416
126,1.050000,0.002165,-0.410089,0.005282,-0.912028,1.606993,0.533620,-6.171192,0.001381
127,1.058333,0.002621,-0.409445,0.003984,-0.912322,1.605137,0.533077,-6.169428,0.001603
128,1.066667,0.002215,-0.410273,0.005259,-0.911945,1.604271,0.533554,-6.167200,0.001422
129,1.075000,0.003450,-0.411333,0.005686,-0.911461,1.602229,0.533029,-6.165218,0.001344
130,1.083333,0.002210,-0.410337,0.005153,-0.911917,1.601594,0.533497,-6.163214,0.001431
131,1.091667,0.002153,-0.410432,0.005259,-0.911873,1.600216,0.533537,-6.161184,0.001416
132,1.100000,0.001330,-0.410201,0.005990,-0.911975,1.598623,0.533854,-6.159395,0.001484
133,1.108333,0.002141,-0.410574,0.005145,-0.911810,1.597512,0.533517,-6.157191,0.001415
134,1.116667,0.001387,-0.410388,0.005991,-0.911890,1.595915,0.533830,-6.155359,0.001429
135,1.125000,0.002074,-0.410691,0.005163,-0.911758,1.594793,0.533503,-6.153181,0.001395
136,1.133333,0.002146,-0.410814,0.005195,-0.911702,1.593455,0.533538,-6.151140,0.001407
137,1.141667,0.001909,-0.410807,0.005244,-0.911705,1.592381,0.533667,-6.149041,0.000945
138,1.150000,0.003450,-0.411261,0.004512,-0.911500,1.589606,0.532633,-6.147305,0.001434
139,1.158333,0.003346,-0.411973,0.005568,-0.911173,1.588719,0.533043,-6.145111,0.001342
140,1.166667,0.003495,-0.411424,0.004487,-0.911426,1.586823,0.532625,-6.143296,0.001508
141,1.175000,0.001412,-0.410934,0.005997,-0.911644,1.586347,0.533892,-6.141244,0.001444
142,1.183333,0.002198,-0.411289,0.005224,-0.911488,1.585209,0.533559,-6.139035,0.001424
143,1.191667,0.001332,-0.411049,0.005996,-0.911593,1.583623,0.533915,-6.137229,0.001439
144,1.200000,0.002156,-0.411396,0.005284,-0.911439,1.582468,0.533609,-6.135018,0.001412
145,1.208333,0.001294,-0.411178,0.006043,-0.911534,1.580857,0.533928,-6.133222,0.001466
146,1.216667,0.002080,-0.411509,0.005399,-0.911388,1.579712,0.533659,-6.130960,0.001447
147,1.225000,0.001998,-0.411573,0.005336,-0.911359,1.578363,0.533670,-6.128979,0.001444
148,1.233333,0.002040,-0.411723,0.005419,-0.911291,1.576968,0.533700,-6.126897,0.001424
149,1.241667,0.003300,-0.412807,0.005788,-0.910794,1.574987,0.533207,-6.124873,0.001360
150,1.250000,0.002020,-0.411875,0.005478,-0.911222,1.574238,0.533775,-6.122857,0.001466
151,1.258333,0.003209,-0.412946,0.005922,-0.910730,1.572260,0.533319,-6.120796,0.001372
152,1.266667,0.001992,-0.412043,0.005583,-0.911145,1.571545,0.533896,-6.118783,0.001426
153,1.275000,0.002053,-0.412119,0.005580,-0.911111,1.570204,0.533905,-6.116743,0.001439
154,1.283333,0.001902,-0.412196,0.005785,-0.911075,1.568820,0.534042,-6.114684,0.001443
155,1.291667,0.002078,-0.412282,0.005711,-0.911036,1.567449,0.534016,-6.112654,0.001428
156,1.300000,0.001843,-0.412363,0.005838,-0.910999,1.566113,0.534160,-6.110532,0.001414
157,1.308333,0.001991,-0.412488,0.005784,-0.910943,1.564742,0.534124,-6.108497,0.001399
158,1.316667,0.001885,-0.412501,0.005827,-0.910936,1.563419,0.534220,-6.106451,0.001432
159,1.325000,0.001895,-0.412596,0.005941,-0.910893,1.562044,0.534248,-6.104380,0.001440
160,1.333333,0.001715,-0.412608,0.005958,-0.910888,1.560652,0.534353,-6.102329,0.001441
161,1.341667,0.001744,-0.412713,0.006093,-0.910839,1.559295,0.534403,-6.100282,0.001435
162,1.350000,0.001685,-0.412769,0.005999,-0.910814,1.557867,0.534430,-6.098173,0.001423
163,1.358333,0.001628,-0.412853,0.006190,-0.910775,1.556446,0.534443,-6.096091,0.001399
164,1.366667,0.001496,-0.412913,0.006139,-0.910748,1.555143,0.534599,-6.094008,0.001458
165,1.375000,0.001565,-0.412954,0.006223,-0.910729,1.553788,0.534612,-6.091933,0.001434
166,1.383333,0.001419,-0.413043,0.006272,-0.910689,1.552482,0.534772,-6.089823,0.001464
167,1.391667,0.001504,-0.413110,0.006304,-0.910658,1.551070,0.534710,-6.087712,0.001443
168,1.400000,0.001351,-0.413204,0.006428,-0.910615,1.549749,0.534886,-6.085611,0.001443
169,1.408333,0.001390,-0.413264,0.006361,-0.910588,1.548340,0.534871,-6.083471,0.001452
170,1.416667,0.001296,-0.413344,0.006496,-0.910551,1.546965,0.534993,-6.081324,0.001464
171,1.425000,0.001363,-0.413445,0.006442,-0.910505,1.545643,0.535029,-6.079226,0.001457
172,1.433333,0.001267,-0.413512,0.006495,-0.910474,1.544277,0.535136,-6.077129,0.001458
173,1.441667,0.001304,-0.413566,0.006497,-0.910450,1.542898,0.535142,-6.075001,0.001425
174,1.450000,0.001324,-0.413116,0.006680,-0.910653,1.541208,0.535264,-6.073053,0.001570
175,1.458333,0.001327,-0.413247,0.006707,-0.910593,1.539838,0.535307,-6.070900,0.001590
176,1.466667,0.001244,-0.413301,0.006723,-0.910569,1.538409,0.535388,-6.068736,0.001591
177,1.475000,0.001301,-0.413370,0.006739,-0.910537,1.537017,0.535367,-6.066606,0.001598
178,1.483333,0.001219,-0.413425,0.006787,-0.910512,1.535677,0.535499,-6.064469,0.001608
179,1.491667,0.001044,-0.414003,0.006611,-0.910251,1.534564,0.535445,-6.062152,0.001470
180,1.500000,0.001100,-0.414101,0.006735,-0.910205,1.533167,0.535498,-6.059981,0.001459
181,1.508333,0.001031,-0.414139,0.006582,-0.910189,1.531762,0.535515,-6.057785,0.001471
182,1.516667,0.001029,-0.414271,0.006771,-0.910128,1.530343,0.535575,-6.055614,0.001441
183,1.525000,0.001043,-0.414325,0.006636,-0.910104,1.528896,0.535578,-6.053471,0.001446
184,1.533333,0.001028,-0.414403,0.006754,-0.910068,1.527438,0.535570,-6.051299,0.001424
185,1.541667,0.001019,-0.414443,0.006709,-0.910050,1.526051,0.535608,-6.049137,0.001450
186,1.550000,0.001086,-0.414601,0.006644,-0.909978,1.524584,0.535548,-6.046905,0.001434
187,1.558333,0.001054,-0.414642,0.006651,-0.909960,1.523207,0.535631,-6.044718,0.001470
188,1.566667,0.001036,-0.414706,0.006703,-0.909930,1.521747,0.535638,-6.042556,0.001459
189,1.575000,0.001036,-0.414743,0.006606,-0.909914,1.520352,0.535640,-6.040373,0.001469
190,1.583333,0.001132,-0.414913,0.006663,-0.909836,1.518897,0.535636,-6.038154,0.001481
191,1.591667,0.001065,-0.414910,0.006551,-0.909838,1.517477,0.535644,-6.035950,0.001488
192,1.600000,0.001207,-0.415054,0.006678,-0.909771,1.516014,0.535598,-6.033740,0.001458
193,1.608333,0.001278,-0.415072,0.006455,-0.909765,1.514547,0.535571,-6.031514,0.001421
194,1.616667,0.001300,-0.415208,0.006587,-0.909702,1.513111,0.535549,-6.029284,0.001426
195,1.625000,0.001380,-0.415260,0.006503,-0.909679,1.511677,0.535557,-6.027083,0.001435
196,1.633333,0.001407,-0.415339,0.006493,-0.909643,1.510197,0.535472,-6.024855,0.001449
197,1.641667,0.001422,-0.415434,0.006498,-0.909599,1.508685,0.535430,-6.022593,0.001439
198,1.650000,0.001434,-0.415550,0.006501,-0.909546,1.507175,0.535358,-6.020360,0.001467
199,1.658333,0.001411,-0.415562,0.006492,-0.909540,1.505761,0.535363,-6.018165,0.001507
200,1.666667,0.001462,-0.415624,0.006496,-0.909512,1.504287,0.535309,-6.015932,0.001487
201,1.675000,0.001501,-0.415712,0.006394,-0.909472,1.502788,0.535189,-6.013628,0.001451
202,1.683333,0.001605,-0.415807,0.006361,-0.909429,1.501324,0.535151,-6.011376,0.001473
203,1.691667,0.001635,-0.415856,0.006379,-0.909407,1.499835,0.535080,-6.009141,0.001436
204,1.700000,0.001740,-0.415968,0.006387,-0.909355,1.498371,0.535010,-6.006883,0.001484
205,1.708333,0.001801,-0.416089,0.006405,-0.909300,1.496863,0.534941,-6.004623,0.001461
206,1.716667,0.001808,-0.416165,0.006287,-0.909266,1.495347,0.534834,-6.002358,0.001498
207,1.725000,0.001875,-0.416246,0.006405,-0.909228,1.493838,0.534757,-6.000036,0.001463
208,1.733333,0.001937,-0.416269,0.006264,-0.909218,1.492355,0.534660,-5.997784,0.001504
209,1.741667,0.001990,-0.416356,0.006269,-0.909178,1.490871,0.534574,-5.995529,0.001451
210,1.750000,0.002020,-0.416405,0.006195,-0.909156,1.489384,0.534514,-5.993222,0.001461
211,1.758333,0.002153,-0.416498,0.006211,-0.909113,1.487839,0.534358,-5.990902,0.001440
212,1.766667,0.002150,-0.416549,0.006192,-0.909090,1.486357,0.534273,-5.988638,0.001466
213,1.775000,0.001695,-0.416915,0.007599,-0.908912,1.484377,0.533941,-5.986357,0.001537
214,1.783333,0.002273,-0.416694,0.006179,-0.909023,1.483304,0.534044,-5.984073,0.001480
215,1.791667,0.001781,-0.417064,0.007502,-0.908844,1.481408,0.533745,-5.981772,0.001522
216,1.800000,0.002355,-0.416868,0.006112,-0.908943,1.480304,0.533830,-5.979479,0.001486
217,1.808333,0.002462,-0.416874,0.005977,-0.908942,1.478833,0.533673,-5.977191,0.001493
218,1.816667,0.002425,-0.416994,0.006159,-0.908885,1.477262,0.533593,-5.974895,0.001501
219,1.825000,0.002479,-0.417052,0.006011,-0.908860,1.475758,0.533416,-5.972618,0.001482
220,1.833333,0.002512,-0.417180,0.006132,-0.908800,1.474217,0.533322,-5.970292,0.001451
221,1.841667,0.002256,-0.419059,0.007804,-0.907923,1.471129,0.532887,-5.967950,0.001632
222,1.850000,0.002160,-0.417846,0.007550,-0.908484,1.470575,0.532913,-5.965733,0.001316
223,1.858333,0.002258,-0.417906,0.007562,-0.908456,1.469084,0.532738,-5.963432,0.001311
224,1.866667,0.002163,-0.417995,0.007526,-0.908416,1.467583,0.532659,-5.961082,0.001327
225,1.875000,0.002252,-0.418062,0.007512,-0.908385,1.466113,0.532535,-5.958772,0.001326
226,1.883333,0.002195,-0.418098,0.007537,-0.908368,1.464630,0.532448,-5.956542,0.001358
227,1.891667,0.002320,-0.418159,0.007536,-0.908340,1.463162,0.532320,-5.954193,0.001332
228,1.900000,0.002393,-0.419584,0.007806,-0.907680,1.460689,0.532103,-5.951855,0.001651
229,1.908333,0.002377,-0.418384,0.007592,-0.908236,1.460131,0.532126,-5.949574,0.001309
230,1.916667,0.002458,-0.418390,0.007540,-0.908233,1.458675,0.531976,-5.947302,0.001322
231,1.925000,0.002424,-0.418527,0.007618,-0.908169,1.457180,0.531901,-5.944980,0.001282
232,1.933333,0.002461,-0.418607,0.007704,-0.908131,1.455720,0.531776,-5.942694,0.001319
233,1.941667,0.002457,-0.418610,0.007667,-0.908130,1.454292,0.531737,-5.940408,0.001357
234,1.950000,0.002410,-0.418703,0.007744,-0.908087,1.452819,0.531653,-5.938102,0.001334
235,1.958333,0.002469,-0.418749,0.007626,-0.908067,1.451381,0.531532,-5.935783,0.001353
236,1.966667,0.002409,-0.418823,0.007823,-0.908031,1.449913,0.531457,-5.933510,0.001372
237,1.975000,0.002525,-0.420147,0.008078,-0.907417,1.447523,0.531296,-5.931158,0.001702
238,1.983333,0.003239,-0.419520,0.007959,-0.907705,1.446568,0.530974,-5.928900,0.001430
239,1.991667,0.002631,-0.420363,0.008133,-0.907316,1.444617,0.531157,-5.926491,0.001659
240,2.000000,0.002534,-0.419129,0.007933,-0.907888,1.444129,0.531230,-5.924269,0.001321
241,2.008333,0.002585,-0.419176,0.007958,-0.907867,1.442663,0.531116,-5.921966,0.001310
242,2.016667,0.002565,-0.419266,0.007975,-0.907825,1.441226,0.531092,-5.919607,0.001309
243,2.025000,0.002610,-0.419363,0.007997,-0.907780,1.439770,0.531035,-5.917323,0.001320
244,2.033333,0.002577,-0.419386,0.008060,-0.907769,1.438338,0.531026,-5.915001,0.001328
245,2.041667,0.002593,-0.419491,0.008130,-0.907719,1.436909,0.530993,-5.912704,0.001315
246,2.050000,0.002543,-0.419587,0.008185,-0.907675,1.435412,0.530969,-5.910376,0.001352
247,2.058333,0.002517,-0.419643,0.008265,-0.907648,1.434003,0.530945,-5.908041,0.001311
248,2.066667,0.003338,-0.420242,0.008433,-0.907367,1.432139,0.530598,-5.905713,0.001445
249,2.075000,0.002524,-0.419817,0.008445,-0.907566,1.431170,0.530933,-5.903389,0.001331
250,2.083333,0.002584,-0.419964,0.008467,-0.907497,1.429677,0.530938,-5.901019,0.001387
251,2.091667,0.002622,-0.421279,0.008775,-0.906885,1.427385,0.530869,-5.898663,0.001631
252,2.100000,0.002636,-0.421353,0.008889,-0.906849,1.425884,0.530893,-5.896340,0.001698
253,2.108333,0.002596,-0.420085,0.008608,-0.907440,1.425336,0.530961,-5.894035,0.001321
254,2.116667,0.003463,-0.420726,0.008786,-0.907138,1.423508,0.530645,-5.891690,0.001436
255,2.125000,0.002670,-0.421557,0.008994,-0.906754,1.421529,0.530953,-5.889328,0.001631
256,2.133333,0.003461,-0.420872,0.008896,-0.907070,1.420603,0.530698,-5.887035,0.001446
257,2.141667,0.002698,-0.421684,0.009084,-0.906693,1.418616,0.531035,-5.884581,0.001651
258,2.150000,0.003483,-0.421069,0.008919,-0.906978,1.417662,0.530782,-5.882287,0.001418
259,2.158333,0.003537,-0.421097,0.009008,-0.906964,1.416198,0.530856,-5.879964,0.001438
260,2.166667,0.003524,-0.421170,0.009022,-0.906930,1.414786,0.530913,-5.877551,0.001435
261,2.175000,0.002820,-0.420811,0.008938,-0.907100,1.413669,0.531331,-5.875124,0.001361
262,2.183333,0.002816,-0.420914,0.008959,-0.907052,1.412197,0.531389,-5.872785,0.001336
263,2.191667,0.002860,-0.420901,0.009002,-0.907058,1.410743,0.531469,-5.870434,0.001376
264,2.200000,0.002818,-0.421042,0.008989,-0.906992,1.409219,0.531527,-5.868019,0.001335
265,2.208333,0.003000,-0.421150,0.008931,-0.906942,1.407742,0.531579,-5.865624,0.001343
266,2.216667,0.002984,-0.421193,0.008962,-0.906922,1.406280,0.531696,-5.863267,0.001347
267,2.225000,0.003873,-0.421803,0.009066,-0.906634,1.404346,0.531371,-5.860896,0.001409
268,2.233333,0.003003,-0.422678,0.009318,-0.906227,1.402266,0.531811,-5.858416,0.001648
269,2.241667,0.003958,-0.422020,0.009105,-0.906532,1.401334,0.531533,-5.856076,0.001392
270,2.250000,0.003862,-0.422062,0.009143,-0.906513,1.399780,0.531709,-5.853696,0.001408
271,2.258333,0.003189,-0.422886,0.009218,-0.906130,1.397745,0.531983,-5.851239,0.001656
272,2.266667,0.003164,-0.423023,0.009281,-0.906066,1.396210,0.532116,-5.848789,0.001676
273,2.275000,0.003213,-0.423066,0.009186,-0.906047,1.394688,0.532175,-5.846365,0.001672
274,2.283333,0.003123,-0.421927,0.008930,-0.906580,1.394070,0.532385,-5.844035,0.001357
275,2.291667,0.003248,-0.421984,0.008910,-0.906554,1.392482,0.532439,-5.841617,0.001354
276,2.300000,0.003322,-0.422113,0.008808,-0.906494,1.390967,0.532542,-5.839162,0.001328
277,2.308333,0.004161,-0.422686,0.008850,-0.906223,1.388958,0.532273,-5.836747,0.001434
278,2.316667,0.004222,-0.422789,0.008819,-0.906175,1.387394,0.532371,-5.834316,0.001424
279,2.325000,0.004294,-0.422887,0.008723,-0.906130,1.385846,0.532459,-5.831861,0.001431
280,2.333333,0.004268,-0.422941,0.008685,-0.906106,1.384241,0.532569,-5.829446,0.001428
281,2.341667,0.004374,-0.423112,0.008581,-0.906026,1.382733,0.532661,-5.826983,0.001431
282,2.350000,0.003592,-0.423881,0.008665,-0.905669,1.380635,0.533029,-5.824461,0.001705
283,2.358333,0.003555,-0.422752,0.008380,-0.906200,1.379913,0.533183,-5.822082,0.001375
284,2.366667,0.003579,-0.424113,0.008557,-0.905562,1.377432,0.533204,-5.819583,0.001681
285,2.375000,0.003717,-0.423005,0.008158,-0.906083,1.376639,0.533291,-5.817112,0.001357
286,2.383333,0.003643,-0.424284,0.008393,-0.905483,1.374194,0.533328,-5.814596,0.001710
287,2.391667,0.004492,-0.423672,0.008152,-0.905768,1.373007,0.533129,-5.812259,0.001469
288,2.400000,0.003629,-0.424530,0.008153,-0.905370,1.370870,0.533469,-5.809703,0.001674
289,2.408333,0.004523,-0.423863,0.007909,-0.905681,1.369821,0.533263,-5.807291,0.001467
290,2.416667,0.003648,-0.424666,0.007991,-0.905307,1.367667,0.533624,-5.804766,0.001723
291,2.425000,0.003658,-0.424806,0.007844,-0.905243,1.365985,0.533651,-5.802267,0.001705
292,2.433333,0.003682,-0.424864,0.007778,-0.905217,1.364317,0.533703,-5.799809,0.001727
293,2.441667,0.003681,-0.423726,0.007261,-0.905754,1.363628,0.533852,-5.797372,0.001398
294,2.450000,0.003759,-0.423872,0.007107,-0.905687,1.361966,0.533872,-5.794837,0.001362
295,2.458333,0.003735,-0.423954,0.006962,-0.905649,1.360357,0.533930,-5.792340,0.001359
296,2.466667,0.003742,-0.424051,0.006835,-0.905605,1.358705,0.533958,-5.789861,0.001351
297,2.475000,0.003569,-0.424164,0.006754,-0.905553,1.357021,0.534052,-5.787347,0.001414
298,2.483333,0.003598,-0.424286,0.006580,-0.905497,1.355409,0.534026,-5.784817,0.001399
299,2.491667,0.003475,-0.424308,0.006545,-0.905488,1.353777,0.534141,-5.782354,0.001447
300,2.500000,0.003497,-0.424472,0.006415,-0.905411,1.352037,0.534026,-5.779799,0.001431
301,2.508333,0.003321,-0.424484,0.006352,-0.905407,1.350373,0.534082,-5.777342,0.001416
302,2.516667,0.003398,-0.424627,0.006218,-0.905340,1.348701,0.534112,-5.774815,0.001439
303,2.525000,0.003263,-0.424738,0.006106,-0.905290,1.347092,0.534140,-5.772265,0.001390
304,2.533333,0.003256,-0.424842,0.006016,-0.905242,1.345476,0.534182,-5.769743,0.001442
305,2.541667,0.003102,-0.424913,0.005947,-0.905209,1.343794,0.534171,-5.767204,0.001400
306,2.550000,0.003070,-0.425008,0.005886,-0.905165,1.342178,0.534188,-5.764700,0.001446
307,2.558333,0.002931,-0.425097,0.005821,-0.905124,1.340551,0.534196,-5.762175,0.001443
308,2.566667,0.002883,-0.425183,0.005761,-0.905084,1.338930,0.534208,-5.759629,0.001450
309,2.575000,0.002788,-0.425296,0.005632,-0.905032,1.337315,0.534208,-5.757058,0.001456
310,2.583333,0.002742,-0.425314,0.005594,-0.905024,1.335613,0.534149,-5.754553,0.001448
311,2.591667,0.002869,-0.424901,0.004163,-0.905226,1.332927,0.533341,-5.752067,0.001343
312,2.600000,0.001970,-0.426189,0.004185,-0.904622,1.330279,0.533698,-5.749360,0.001238
313,2.608333,0.002651,-0.425065,0.004076,-0.905150,1.329714,0.533364,-5.746957,0.001293
314,2.616667,0.002619,-0.425105,0.003982,-0.905131,1.328070,0.533326,-5.744366,0.001324
315,2.625000,0.002499,-0.425255,0.003957,-0.905061,1.326398,0.533293,-5.741817,0.001280
316,2.633333,0.002283,-0.425317,0.004007,-0.905033,1.324705,0.533264,-5.739309,0.001280
317,2.641667,0.002142,-0.425312,0.004017,-0.905035,1.323164,0.533245,-5.736744,0.001270
318,2.650000,0.002147,-0.425543,0.004064,-0.904927,1.321464,0.533211,-5.734169,0.001371
319,2.658333,0.001866,-0.425581,0.004166,-0.904909,1.319926,0.533210,-5.731591,0.001295
320,2.666667,0.001535,-0.426892,0.003952,-0.904293,1.317228,0.533245,-5.728913,0.001271
321,2.675000,0.002087,-0.426139,0.004180,-0.904646,1.316168,0.532921,-5.726450,0.000973
322,2.683333,0.001550,-0.425820,0.004175,-0.904797,1.315045,0.533095,-5.723933,0.001325
323,2.691667,0.001411,-0.425950,0.004287,-0.904735,1.313412,0.533113,-5.721351,0.001348
324,2.700000,0.001398,-0.426066,0.004323,-0.904681,1.311828,0.533055,-5.718778,0.001333
325,2.708333,0.001203,-0.426086,0.004480,-0.904671,1.310218,0.533098,-5.716234,0.001367
326,2.716667,0.001230,-0.426242,0.004454,-0.904597,1.308574,0.532979,-5.713616,0.001309
327,2.725000,0.001017,-0.426328,0.004699,-0.904556,1.306929,0.533007,-5.711065,0.001291
328,2.733333,0.000964,-0.426426,0.004763,-0.904509,1.305418,0.532959,-5.708522,0.001276
329,2.741667,0.000854,-0.426479,0.004866,-0.904484,1.303767,0.532976,-5.705919,0.001276
330,2.750000,0.000851,-0.426592,0.004913,-0.904430,1.302199,0.532887,-5.703370,0.001308
331,2.758333,0.000651,-0.426546,0.005098,-0.904451,1.300543,0.532918,-5.700833,0.001231
332,2.766667,0.000578,-0.426712,0.005142,-0.904373,1.298948,0.532852,-5.698288,0.001253
333,2.775000,0.000529,-0.426720,0.005268,-0.904368,1.297384,0.532896,-5.695715,0.001262
334,2.783333,0.000479,-0.426877,0.005487,-0.904293,1.295770,0.532834,-5.693151,0.001271
335,2.791667,-0.000278,-0.428208,0.005624,-0.903663,1.293094,0.533128,-5.690440,0.001301
336,2.800000,0.000401,-0.427037,0.005779,-0.904216,1.292444,0.532756,-5.688020,0.001245
337,2.808333,0.000386,-0.427078,0.005943,-0.904195,1.290856,0.532716,-5.685472,0.001312
338,2.816667,0.000240,-0.427078,0.006205,-0.904193,1.289242,0.532730,-5.682923,0.001271
339,2.825000,0.000074,-0.428450,0.006050,-0.903545,1.286582,0.532759,-5.680226,0.001278
340,2.833333,0.000044,-0.428489,0.006154,-0.903526,1.284997,0.532789,-5.677674,0.001310
341,2.841667,0.000387,-0.427473,0.006425,-0.904005,1.284361,0.532683,-5.675224,0.001320
342,2.850000,0.000473,-0.427509,0.006562,-0.903987,1.282746,0.532712,-5.672654,0.001354
343,2.858333,0.000522,-0.427587,0.006707,-0.903949,1.281106,0.532678,-5.670104,0.001311
344,2.866667,0.000528,-0.427607,0.006830,-0.903939,1.279487,0.532701,-5.667597,0.001314
345,2.875000,0.000705,-0.427756,0.006936,-0.903867,1.277760,0.532631,-5.665035,0.001282
346,2.883333,-0.000172,-0.429001,0.007092,-0.903276,1.275120,0.532984,-5.662336,0.001298
347,2.891667,0.000711,-0.427856,0.007247,-0.903817,1.274439,0.532643,-5.659948,0.001249
348,2.900000,0.000757,-0.427966,0.007370,-0.903764,1.272782,0.532631,-5.657392,0.001293
349,2.908333,0.000650,-0.429241,0.007225,-0.903161,1.270086,0.532678,-5.654741,0.001263
350,2.916667,-0.000280,-0.427859,0.007929,-0.903811,1.269651,0.533332,-5.652499,0.001370
351,2.925000,0.001033,-0.430331,0.005894,-0.902651,1.266317,0.533045,-5.649900,0.001374
352,2.933333,0.000698,-0.430446,0.006589,-0.902592,1.264600,0.533209,-5.647332,0.001287
353,2.941667,0.001281,-0.430458,0.005950,-0.902590,1.262970,0.533085,-5.644775,0.001380
354,2.950000,0.001431,-0.430537,0.006094,-0.902552,1.261197,0.533032,-5.642222,0.001376
355,2.958333,0.001498,-0.430507,0.006052,-0.902566,1.259500,0.533089,-5.639680,0.001353
356,2.966667,0.001688,-0.430760,0.006050,-0.902445,1.257787,0.533064,-5.637149,0.001349
357,2.975000,0.001901,-0.430784,0.006031,-0.902433,1.256065,0.533136,-5.634581,0.001375
358,2.983333,0.002033,-0.430849,0.006150,-0.902401,1.254408,0.533122,-5.632047,0.001385
359,2.991667,0.003164,-0.428079,0.005773,-0.903717,1.256373,0.533408,-5.629987,0.001668
360,3.000000,0.002374,-0.430989,0.006091,-0.902334,1.250938,0.533173,-5.626939,0.001375
361,3.008333,0.002542,-0.431150,0.006069,-0.902256,1.249215,0.533231,-5.624372,0.001393
362,3.016667,0.002725,-0.431310,0.006154,-0.902179,1.247490,0.533211,-5.621835,0.001372
363,3.025000,0.002911,-0.431271,0.005940,-0.902198,1.245762,0.533271,-5.619295,0.001363
364,3.033333,0.003067,-0.431412,0.006028,-0.902130,1.243987,0.533251,-5.616758,0.001368
365,3.041667,0.003667,-0.432226,0.004270,-0.901748,1.241717,0.533401,-5.613891,0.000656
366,3.050000,0.003439,-0.431485,0.006060,-0.902093,1.240440,0.533261,-5.611609,0.001387
367,3.058333,0.003465,-0.431648,0.006177,-0.902015,1.238726,0.533210,-5.609089,0.001369
368,3.066667,0.003347,-0.431884,0.006429,-0.901900,1.236898,0.533367,-5.606555,0.001337
369,3.075000,0.003828,-0.431855,0.005974,-0.901915,1.235215,0.533289,-5.603976,0.001357
370,3.083333,0.003554,-0.432073,0.006457,-0.901808,1.233503,0.533393,-5.601414,0.001324
371,3.091667,0.004190,-0.432074,0.006020,-0.901808,1.231709,0.533283,-5.598840,0.001340
372,3.100000,0.004450,-0.432186,0.005697,-0.901756,1.229983,0.533337,-5.596315,0.001390
373,3.108333,0.004581,-0.432324,0.005541,-0.901690,1.228190,0.533364,-5.593749,0.001372
374,3.116667,0.004750,-0.432385,0.005554,-0.901660,1.226414,0.533368,-5.591153,0.001318
375,3.125000,0.004896,-0.432531,0.005282,-0.901590,1.224650,0.533400,-5.588599,0.001393
376,3.133333,0.004958,-0.432614,0.005438,-0.901549,1.222878,0.533417,-5.585987,0.001353
377,3.141667,0.005169,-0.432717,0.005238,-0.901500,1.221063,0.533425,-5.583373,0.001360
378,3.150000,0.005223,-0.432820,0.005219,-0.901450,1.219374,0.533418,-5.580787,0.001401
379,3.158333,0.005426,-0.432947,0.004974,-0.901389,1.217547,0.533438,-5.578197,0.001412
380,3.166667,0.006336,-0.431566,0.006115,-0.902039,1.216646,0.532774,-5.575491,0.001187
381,3.175000,0.005601,-0.433191,0.004882,-0.901272,1.213982,0.533474,-5.573064,0.001371
382,3.183333,0.005817,-0.433336,0.004590,-0.901202,1.212167,0.533483,-5.570408,0.001416
383,3.191667,0.005829,-0.433528,0.004816,-0.901108,1.210348,0.533395,-5.567839,0.001393
384,3.200000,0.005906,-0.433507,0.004606,-0.901119,1.208557,0.533403,-5.565246,0.001397
385,3.208333,0.005900,-0.433628,0.004616,-0.901061,1.206752,0.533352,-5.562604,0.001383
386,3.216667,0.006239,-0.434514,0.003161,-0.900638,1.204382,0.533507,-5.559711,0.000643
387,3.225000,0.005948,-0.433813,0.004511,-0.900972,1.203194,0.533385,-5.557384,0.001363
388,3.233333,0.005987,-0.434033,0.004462,-0.900866,1.201389,0.533365,-5.554769,0.001380
389,3.241667,0.005608,-0.434158,0.004561,-0.900808,1.199599,0.533530,-5.552145,0.001354
390,3.250000,0.005973,-0.434238,0.004214,-0.900769,1.197838,0.533336,-5.549573,0.001337
391,3.258333,0.006071,-0.434357,0.004027,-0.900711,1.196040,0.533376,-5.546891,0.001373
392,3.266667,0.006365,-0.435183,0.002600,-0.900316,1.193743,0.533525,-5.543953,0.000683
393,3.275000,0.005958,-0.434576,0.004083,-0.900606,1.192512,0.533352,-5.541632,0.001375
394,3.283333,0.006308,-0.435501,0.002428,-0.900163,1.190107,0.533485,-5.538686,0.000643
395,3.291667,0.006236,-0.435600,0.002266,-0.900116,1.188311,0.533476,-5.536032,0.000662
396,3.300000,0.005916,-0.434988,0.003662,-0.900410,1.187038,0.533299,-5.533655,0.001388
397,3.308333,0.007326,-0.432481,0.002774,-0.901609,1.189222,0.533105,-5.531438,0.000857
398,3.316667,0.007127,-0.437565,0.002974,-0.899154,1.181879,0.532792,-5.528636,0.001986
399,3.325000,0.005920,-0.436245,0.001935,-0.899806,1.180928,0.533360,-5.525606,0.001718
400,3.333333,0.005854,-0.436410,0.002023,-0.899727,1.179066,0.533312,-5.522891,0.001685
401,3.341667,0.005668,-0.436419,0.002009,-0.899724,1.177551,0.533312,-5.520009,0.000678
402,3.350000,0.005576,-0.436608,0.001715,-0.899633,1.175529,0.533327,-5.517540,0.001718
403,3.358333,0.005377,-0.436771,0.001748,-0.899555,1.173763,0.533262,-5.514851,0.001737
404,3.366667,0.005207,-0.436790,0.001736,-0.899547,1.171942,0.533235,-5.512162,0.001734
405,3.375000,0.004987,-0.436985,0.001823,-0.899453,1.170112,0.533173,-5.509454,0.001686
406,3.383333,0.004816,-0.437053,0.001770,-0.899421,1.168354,0.533149,-5.506730,0.001711
407,3.391667,0.004589,-0.437099,0.002063,-0.899399,1.166735,0.533106,-5.503770,0.000710
408,3.400000,0.004416,-0.437253,0.002091,-0.899325,1.164884,0.533093,-5.501005,0.000659
409,3.408333,0.004147,-0.437317,0.002165,-0.899295,1.163089,0.533046,-5.498317,0.000657
410,3.416667,0.004026,-0.437515,0.002023,-0.899200,1.161250,0.533041,-5.495596,0.000636
411,3.425000,0.004647,-0.433530,0.002100,-0.901125,1.162632,0.532227,-5.493499,0.001288
412,3.433333,0.003076,-0.437447,0.003246,-0.899233,1.157760,0.532695,-5.489947,0.000698
413,3.441667,0.002760,-0.437650,0.003316,-0.899135,1.155854,0.532648,-5.487349,0.001604
414,3.450000,0.002655,-0.437766,0.003467,-0.899078,1.154123,0.532639,-5.484409,0.000691
415,3.458333,0.002377,-0.437761,0.003371,-0.899082,1.152442,0.532635,-5.481671,0.000728
416,3.466667,0.002271,-0.437986,0.003420,-0.898972,1.150602,0.532534,-5.478908,0.000682
417,3.475000,0.001891,-0.438027,0.003424,-0.898953,1.148825,0.532565,-5.476144,0.000666
418,3.483333,0.001776,-0.438088,0.003477,-0.898924,1.147060,0.532530,-5.473380,0.000700
419,3.491667,0.001558,-0.438303,0.003519,-0.898819,1.145214,0.532506,-5.470605,0.000685
420,3.500000,0.001229,-0.438471,0.003352,-0.898738,1.143318,0.532475,-5.468038,0.001600
421,3.508333,0.001101,-0.438512,0.003522,-0.898718,1.141649,0.532457,-5.465125,0.000698
422,3.516667,0.000848,-0.438631,0.003573,-0.898660,1.139864,0.532443,-5.462363,0.000674
423,3.525000,0.000676,-0.438754,0.003517,-0.898600,1.138087,0.532434,-5.459594,0.000730
424,3.533333,0.000498,-0.438867,0.003594,-0.898545,1.136246,0.532424,-5.456806,0.000677
425,3.541667,0.001724,-0.435197,0.002417,-0.900330,1.137479,0.531920,-5.454964,0.001331
426,3.550000,0.000076,-0.439085,0.003702,-0.898438,1.132693,0.532361,-5.451282,0.000699
427,3.558333,-0.000017,-0.439260,0.003758,-0.898352,1.130880,0.532303,-5.448504,0.000673
428,3.566667,-0.000237,-0.439352,0.003830,-0.898307,1.129103,0.532342,-5.445760,0.000722
429,3.575000,-0.000388,-0.439512,0.003903,-0.898228,1.127274,0.532363,-5.442994,0.000702
430,3.583333,-0.000384,-0.439706,0.003808,-0.898134,1.125526,0.532330,-5.440194,0.000720
431,3.591667,-0.000616,-0.439743,0.003885,-0.898115,1.123756,0.532408,-5.437460,0.000724
432,3.600000,-0.000643,-0.439980,0.003818,-0.897999,1.121984,0.532358,-5.434701,0.000723
433,3.608333,-0.000850,-0.440054,0.003984,-0.897962,1.120183,0.532399,-5.431947,0.000702
434,3.616667,-0.001047,-0.440150,0.004018,-0.897915,1.118438,0.532424,-5.429195,0.000767
435,3.625000,-0.000971,-0.440343,0.004129,-0.897820,1.116605,0.532353,-5.426405,0.000697
436,3.633333,0.000349,-0.436756,0.002992,-0.899575,1.117883,0.531888,-5.424526,0.001317
437,3.641667,0.000113,-0.436818,0.003101,-0.899545,1.116054,0.532021,-5.421847,0.001337
438,3.650000,0.002815,-0.436414,-0.000379,-0.899741,1.115156,0.529747,-5.419507,0.001116
439,3.658333,-0.000016,-0.437075,0.003214,-0.899419,1.112481,0.532057,-5.416374,0.001364
440,3.666667,0.000095,-0.437345,0.003221,-0.899288,1.110706,0.531987,-5.413565,0.001284
441,3.675000,-0.000036,-0.437522,0.003363,-0.899201,1.109209,0.532076,-5.410985,0.001268
442,3.683333,0.000023,-0.437461,0.003361,-0.899231,1.107116,0.532083,-5.408183,0.001369
443,3.691667,-0.000056,-0.437655,0.003385,-0.899136,1.105386,0.532137,-5.405452,0.001355
444,3.700000,0.000012,-0.437891,0.003523,-0.899021,1.103509,0.532155,-5.402707,0.001278
445,3.708333,0.000043,-0.438049,0.003511,-0.898944,1.101788,0.532175,-5.400031,0.001310
446,3.716667,0.000213,-0.438121,0.003523,-0.898909,1.099977,0.532203,-5.397303,0.001346
447,3.725000,0.000248,-0.438316,0.003637,-0.898813,1.098157,0.532284,-5.394569,0.001315
448,3.733333,0.000223,-0.438442,0.003703,-0.898752,1.096422,0.532341,-5.391893,0.001352
449,3.741667,0.000473,-0.438630,0.003767,-0.898660,1.094585,0.532313,-5.389144,0.001304
450,3.750000,0.000429,-0.438750,0.003770,-0.898601,1.092844,0.532441,-5.386490,0.001378
451,3.758333,0.000695,-0.438975,0.003912,-0.898491,1.091005,0.532483,-5.383732,0.001374
452,3.766667,0.000755,-0.439174,0.003975,-0.898393,1.089176,0.532586,-5.381051,0.001355
453,3.775000,0.000970,-0.439309,0.003908,-0.898327,1.087393,0.532536,-5.378397,0.001344
454,3.783333,0.001006,-0.439374,0.003971,-0.898295,1.085622,0.532623,-5.375772,0.001382
455,3.791667,0.001998,-0.438923,0.002431,-0.898519,1.084231,0.531794,-5.373744,0.001007
456,3.800000,0.001133,-0.439714,0.004163,-0.898127,1.082012,0.532826,-5.370353,0.001366
457,3.808333,0.001416,-0.439835,0.004185,-0.898068,1.080164,0.532812,-5.367698,0.001382
458,3.816667,0.004044,-0.439647,0.000900,-0.898161,1.079169,0.530777,-5.365366,0.001143
459,3.825000,0.002478,-0.439539,0.002695,-0.898216,1.077042,0.532097,-5.363051,0.000976
460,3.833333,-0.000047,-0.444332,0.006123,-0.895841,1.071671,0.533903,-5.358873,0.000901
461,3.841667,0.000118,-0.444561,0.006060,-0.895728,1.069817,0.533946,-5.356197,0.000883
462,3.850000,0.001839,-0.441289,0.005678,-0.897345,1.070367,0.533239,-5.353796,0.001054
463,3.858333,0.001838,-0.446048,0.006709,-0.894982,1.064911,0.533250,-5.350691,0.001510
464,3.866667,0.000613,-0.444899,0.006009,-0.895560,1.064137,0.534135,-5.348018,0.000897
465,3.875000,0.002643,-0.447223,0.006991,-0.894391,1.060734,0.533123,-5.345148,0.001390
466,3.883333,0.003817,-0.442652,0.001570,-0.896684,1.065151,0.531814,-5.343385,0.000869
467,3.891667,0.002933,-0.450397,0.002976,-0.892819,1.057836,0.532606,-5.338671,0.003030
468,3.900000,0.003585,-0.442733,0.003058,-0.896641,1.060976,0.532877,-5.337923,0.001459
469,3.908333,0.003855,-0.442302,0.004026,-0.896849,1.058548,0.533373,-5.335350,0.001371
470,3.916667,0.003000,-0.447907,0.006579,-0.894051,1.052356,0.533780,-5.331982,0.001807
471,3.925000,0.004163,-0.449748,0.006188,-0.893125,1.049300,0.533614,-5.329799,0.001190
472,3.933333,0.003928,-0.442590,0.004215,-0.896706,1.053034,0.533667,-5.327264,0.001398
473,3.941667,0.004996,-0.442383,0.002825,-0.896808,1.051618,0.532835,-5.325050,0.000928
474,3.950000,0.004109,-0.443103,0.004378,-0.896450,1.049597,0.533815,-5.321897,0.001362
475,3.958333,0.006026,-0.443202,0.002778,-0.896397,1.048042,0.532644,-5.319061,0.001474
476,3.966667,0.004467,-0.443352,0.004400,-0.896326,1.045589,0.533885,-5.316242,0.001361
477,3.975000,0.006439,-0.443337,0.001779,-0.896330,1.044397,0.532214,-5.313706,0.001098
478,3.983333,0.004606,-0.443566,0.004451,-0.896219,1.041992,0.533989,-5.310773,0.001405
479,3.991667,0.006131,-0.443881,0.003071,-0.896059,1.040640,0.532975,-5.307912,0.001441
480,4.000000,0.005040,-0.443547,0.003392,-0.896230,1.038911,0.533513,-5.305872,0.000782
481,4.008333,0.004681,-0.444038,0.004499,-0.895985,1.036437,0.534168,-5.302402,0.001416
482,4.016667,0.004702,-0.444324,0.004560,-0.895842,1.034577,0.534224,-5.299533,0.001357
483,4.025000,0.004712,-0.444411,0.004520,-0.895799,1.032748,0.534314,-5.296762,0.001357
484,4.033333,0.004580,-0.450504,0.007083,-0.892734,1.026020,0.534161,-5.292881,0.001425
485,4.041667,0.004535,-0.450656,0.007217,-0.892657,1.024192,0.534213,-5.290011,0.001399
486,4.050000,0.004544,-0.450763,0.007255,-0.892603,1.022388,0.534194,-5.287147,0.001400
487,4.058333,0.004648,-0.445060,0.004641,-0.895477,1.025355,0.534426,-5.285386,0.001347
488,4.066667,0.005554,-0.448010,0.006297,-0.893989,1.021160,0.533786,-5.281477,0.000420
489,4.075000,0.005492,-0.448166,0.006302,-0.893911,1.019301,0.533848,-5.278611,0.000469
490,4.083333,0.004650,-0.445502,0.004694,-0.895256,1.019851,0.534515,-5.276853,0.001390
491,4.091667,0.005706,-0.448546,0.006576,-0.893717,1.015590,0.533648,-5.272880,0.000379
492,4.100000,0.005674,-0.448711,0.006671,-0.893634,1.013768,0.533638,-5.269997,0.000382
493,4.108333,0.005587,-0.449108,0.006749,-0.893435,1.012102,0.533641,-5.267173,0.000402
494,4.116667,0.005534,-0.449260,0.006900,-0.893357,1.010198,0.533656,-5.264282,0.000439
495,4.125000,0.005635,-0.449187,0.006561,-0.893396,1.008288,0.533617,-5.261359,0.000409
496,4.133333,0.005551,-0.449435,0.006608,-0.893272,1.006371,0.533622,-5.258479,0.000360
497,4.141667,0.005527,-0.449566,0.006666,-0.893205,1.004594,0.533567,-5.255599,0.000351
498,4.150000,0.005544,-0.449704,0.006616,-0.893136,1.002755,0.533601,-5.252726,0.000358
499,4.158333,0.005233,-0.450350,0.006696,-0.892812,1.001203,0.533621,-5.249947,0.000535
500,4.166667,0.006114,-0.449912,0.005488,-0.893035,0.999807,0.533266,-5.247064,0.000845
501,4.175000,0.005973,-0.450147,0.005500,-0.892918,0.997979,0.533280,-5.244187,0.000828
502,4.183333,0.005691,-0.450322,0.005919,-0.892828,0.996037,0.533421,-5.241262,0.000701
503,4.191667,0.005160,-0.451014,0.006746,-0.892476,0.993948,0.533554,-5.238299,0.000576
504,4.200000,0.005381,-0.450979,0.006165,-0.892497,0.992454,0.533456,-5.235505,0.000659
505,4.208333,0.005506,-0.450962,0.006011,-0.892506,0.990439,0.533394,-5.232585,0.000575
506,4.216667,0.005475,-0.451180,0.005986,-0.892396,0.988686,0.533448,-5.229664,0.000683
507,4.225000,0.005402,-0.451350,0.006072,-0.892310,0.986791,0.533395,-5.226822,0.000600
508,4.233333,0.005385,-0.451526,0.006076,-0.892221,0.985047,0.533437,-5.223908,0.000634
509,4.241667,0.005160,-0.451931,0.006276,-0.892016,0.983343,0.533445,-5.221102,0.000572
510,4.250000,0.005104,-0.452017,0.006354,-0.891972,0.981630,0.533477,-5.218198,0.000578
511,4.258333,0.005284,-0.452024,0.006096,-0.891969,0.979564,0.533409,-5.215302,0.000559
512,4.266667,0.005242,-0.452204,0.006178,-0.891878,0.977811,0.533419,-5.212398,0.000595
513,4.275000,0.005188,-0.452384,0.006240,-0.891786,0.975968,0.533426,-5.209505,0.000604
514,4.283333,0.004870,-0.452811,0.006506,-0.891570,0.974543,0.533490,-5.206790,0.000400
515,4.291667,0.004881,-0.452895,0.006619,-0.891526,0.972554,0.533506,-5.203835,0.000540
516,4.300000,0.004844,-0.453202,0.006612,-0.891370,0.970627,0.533497,-5.200919,0.000467
517,4.308333,0.005123,-0.453051,0.006381,-0.891447,0.968760,0.533440,-5.197983,0.000564
518,4.316667,0.006063,-0.452941,0.004678,-0.891508,0.967842,0.533142,-5.195249,0.001312
519,4.325000,0.004826,-0.453672,0.006672,-0.891130,0.965209,0.533495,-5.192249,0.000505
520,4.333333,0.004839,-0.453919,0.006746,-0.891004,0.963367,0.533420,-5.189381,0.000477
521,4.341667,0.004814,-0.454053,0.006732,-0.890936,0.961555,0.533525,-5.186481,0.000536
522,4.350000,0.005057,-0.453998,0.006527,-0.890965,0.959666,0.533429,-5.183561,0.000500
523,4.358333,0.004963,-0.454199,0.006587,-0.890862,0.957816,0.533520,-5.180660,0.000525
524,4.366667,0.004921,-0.454652,0.006702,-0.890630,0.956161,0.533415,-5.177853,0.000486
525,4.375000,0.004806,-0.454756,0.006893,-0.890577,0.954300,0.533512,-5.174959,0.000478
526,4.383333,0.004970,-0.455030,0.006856,-0.890436,0.952400,0.533351,-5.171981,0.000543
527,4.391667,0.004989,-0.455087,0.006834,-0.890407,0.950702,0.533344,-5.169208,0.000537
528,4.400000,0.005112,-0.455210,0.006458,-0.890346,0.948899,0.533310,-5.166357,0.000533
529,4.408333,0.004978,-0.455429,0.006730,-0.890233,0.947104,0.533352,-5.163439,0.000498
530,4.416667,0.005083,-0.455656,0.006672,-0.890117,0.945236,0.533305,-5.160533,0.000499
531,4.425000,0.005050,-0.455973,0.006705,-0.889954,0.943314,0.533300,-5.157610,0.000519
532,4.433333,0.006118,-0.455492,0.004909,-0.890206,0.942647,0.533031,-5.154882,0.001099
533,4.441667,0.005366,-0.456161,0.006585,-0.889857,0.939445,0.533191,-5.151610,0.000571
534,4.450000,0.005165,-0.456527,0.006753,-0.889669,0.937712,0.533180,-5.148753,0.000530
535,4.458333,0.005194,-0.456649,0.006708,-0.889606,0.935840,0.533163,-5.145841,0.000538
536,4.466667,0.005070,-0.456782,0.006619,-0.889540,0.934275,0.533185,-5.143101,0.000343
537,4.475000,0.005279,-0.456720,0.006322,-0.889573,0.932397,0.533130,-5.140117,0.000489
538,4.483333,0.005256,-0.456996,0.006256,-0.889431,0.930495,0.533113,-5.137187,0.000460
539,4.491667,0.005217,-0.457322,0.006511,-0.889262,0.928567,0.533118,-5.134114,0.000607
540,4.500000,0.005203,-0.457374,0.006407,-0.889236,0.926790,0.533100,-5.131260,0.000541
541,4.508333,0.005329,-0.457527,0.006005,-0.889159,0.924985,0.533037,-5.128337,0.000485
542,4.516667,0.005323,-0.457577,0.006035,-0.889134,0.923178,0.533017,-5.125373,0.000506
543,4.525000,0.005234,-0.457869,0.005913,-0.888985,0.921285,0.532997,-5.122417,0.000517
544,4.533333,0.005145,-0.458140,0.005992,-0.888845,0.919244,0.533005,-5.119418,0.000529
545,4.541667,0.005302,-0.458141,0.005719,-0.888845,0.917488,0.532886,-5.116477,0.000491
546,4.550000,0.006265,-0.457868,0.004050,-0.888989,0.916380,0.532680,-5.113585,0.001354
547,4.558333,0.005234,-0.458510,0.005531,-0.888657,0.913749,0.532850,-5.110525,0.000485
548,4.566667,0.005222,-0.458644,0.005533,-0.888587,0.911854,0.532818,-5.107543,0.000439
549,4.575000,0.005081,-0.458987,0.005602,-0.888411,0.910088,0.532758,-5.104628,0.000331
550,4.583333,0.005058,-0.459046,0.005610,-0.888381,0.908245,0.532738,-5.101647,0.000328
551,4.591667,0.005849,-0.458725,0.003798,-0.888551,0.907164,0.532537,-5.098732,0.001130
552,4.600000,0.005013,-0.459438,0.005377,-0.888179,0.904391,0.532666,-5.095660,0.000338
553,4.608333,0.004943,-0.459634,0.005316,-0.888079,0.902552,0.532619,-5.092683,0.000364
554,4.616667,0.005134,-0.459773,0.004990,-0.888007,0.900474,0.532584,-5.089595,0.000548
555,4.625000,0.005019,-0.459873,0.005120,-0.887956,0.898816,0.532534,-5.086693,0.000357
556,4.633333,0.004968,-0.460045,0.004951,-0.887868,0.896902,0.532506,-5.083728,0.000324
557,4.641667,0.005766,-0.459718,0.003192,-0.888040,0.895833,0.532333,-5.080856,0.001179
558,4.650000,0.005837,-0.459821,0.003124,-0.887987,0.894036,0.532261,-5.077871,0.001140
559,4.658333,0.005012,-0.460499,0.004665,-0.887634,0.891029,0.532374,-5.074708,0.000492
560,4.666667,0.004880,-0.460707,0.004655,-0.887527,0.889357,0.532351,-5.071767,0.000329
561,4.675000,0.004896,-0.460840,0.004583,-0.887458,0.887465,0.532346,-5.068803,0.000361
562,4.683333,0.004928,-0.461111,0.004416,-0.887318,0.885611,0.532309,-5.065816,0.000405
563,4.691667,0.005044,-0.461096,0.004363,-0.887325,0.883605,0.532259,-5.062759,0.000568
564,4.700000,0.005350,-0.461387,0.003914,-0.887174,0.881537,0.532193,-5.059875,0.000508
565,4.708333,0.004904,-0.461519,0.004338,-0.887106,0.879888,0.532157,-5.056871,0.000376
566,4.716667,0.004887,-0.461605,0.004197,-0.887062,0.878063,0.532134,-5.053905,0.000356
567,4.725000,0.004988,-0.461739,0.004080,-0.886992,0.876022,0.532116,-5.050858,0.000544
568,4.733333,0.004973,-0.461823,0.004133,-0.886949,0.874202,0.532076,-5.047880,0.000486
569,4.741667,0.005056,-0.462074,0.003951,-0.886818,0.872242,0.532040,-5.044898,0.000566
570,4.750000,0.005870,-0.461818,0.002358,-0.886952,0.871347,0.531822,-5.042084,0.001204
571,4.758333,0.005928,-0.461929,0.002318,-0.886894,0.869413,0.531774,-5.039108,0.001190
572,4.766667,0.004874,-0.462727,0.004100,-0.886478,0.866617,0.531914,-5.036042,0.000360
573,4.775000,0.004961,-0.462827,0.004093,-0.886425,0.864756,0.531873,-5.033073,0.000359
574,4.783333,0.004981,-0.462955,0.003981,-0.886359,0.862920,0.531869,-5.030123,0.000369
575,4.791667,0.004994,-0.463088,0.003994,-0.886289,0.861057,0.531868,-5.027169,0.000336
576,4.800000,0.005068,-0.463361,0.003993,-0.886146,0.859133,0.531813,-5.024204,0.000366
577,4.808333,0.005955,-0.463002,0.002440,-0.886334,0.858142,0.531688,-5.021350,0.001193
578,4.816667,0.005252,-0.463650,0.004084,-0.885993,0.855429,0.531754,-5.018293,0.000356
579,4.825000,0.005123,-0.463907,0.004150,-0.885859,0.853506,0.531785,-5.015328,0.000350
580,4.833333,0.005157,-0.463886,0.004125,-0.885870,0.851730,0.531769,-5.012402,0.000307
581,4.841667,0.005177,-0.464152,0.004169,-0.885731,0.849776,0.531792,-5.009464,0.000340
582,4.850000,0.005484,-0.464244,0.003831,-0.885682,0.847804,0.531752,-5.006468,0.000488
583,4.858333,0.006461,-0.464039,0.002440,-0.885788,0.846654,0.531543,-5.003561,0.001388
584,4.866667,0.006214,-0.464296,0.002730,-0.885654,0.844936,0.531614,-5.000691,0.001173
585,4.875000,0.005441,-0.464958,0.004375,-0.885305,0.842234,0.531762,-4.997678,0.000380
586,4.883333,0.005442,-0.465155,0.004449,-0.885201,0.840384,0.531773,-4.994732,0.000394
587,4.891667,0.005550,-0.465298,0.004528,-0.885125,0.838525,0.531730,-4.991773,0.000367
588,4.900000,0.005782,-0.465404,0.004357,-0.885069,0.836511,0.531715,-4.988783,0.000526
589,4.908333,0.004256,-0.463974,0.005601,-0.885821,0.833314,0.531639,-4.986519,0.001784
590,4.916667,0.006452,-0.465404,0.003139,-0.885069,0.833655,0.531635,-4.983039,0.001188
591,4.925000,0.005667,-0.466122,0.004845,-0.884689,0.830996,0.531741,-4.979981,0.000321
592,4.933333,0.005850,-0.466099,0.004775,-0.884700,0.829000,0.531741,-4.976972,0.000422
593,4.941667,0.005934,-0.466361,0.004742,-0.884562,0.826939,0.531757,-4.974159,0.001357
594,4.950000,0.005774,-0.466680,0.005075,-0.884393,0.825290,0.531765,-4.971116,0.000329
595,4.958333,0.006187,-0.466900,0.004816,-0.884275,0.823186,0.531821,-4.968119,0.000542
596,4.966667,0.008339,-0.466929,0.002063,-0.884253,0.823340,0.531479,-4.965260,0.001734
597,4.975000,0.009505,-0.467862,0.000163,-0.883751,0.822208,0.530429,-4.961976,0.001511
598,4.983333,0.006107,-0.467793,0.005314,-0.883801,0.817707,0.531810,-4.959302,0.000459
599,4.991667,0.005574,-0.470171,0.004028,-0.882548,0.814054,0.532653,-4.956721,0.001257
600,5.000000,0.005828,-0.467926,0.005650,-0.883730,0.814140,0.531952,-4.953245,0.000378
601,5.008333,0.005890,-0.468048,0.005803,-0.883665,0.812192,0.531998,-4.950271,0.000363
602,5.016667,0.005823,-0.468355,0.005907,-0.883502,0.810370,0.531991,-4.947264,0.000376
603,5.025000,0.005959,-0.468547,0.005996,-0.883398,0.808174,0.532017,-4.944191,0.000536
604,5.033333,0.005871,-0.468790,0.006157,-0.883269,0.806527,0.532000,-4.941263,0.000403
605,5.041667,0.005807,-0.469027,0.006546,-0.883141,0.804644,0.532162,-4.938240,0.000434
606,5.050000,0.005714,-0.469296,0.006711,-0.882997,0.802746,0.532182,-4.935185,0.000379
607,5.058333,0.005668,-0.469479,0.006809,-0.882899,0.800849,0.532213,-4.932196,0.000381
608,5.066667,0.005610,-0.469680,0.006937,-0.882791,0.798936,0.532257,-4.929192,0.000401
609,5.075000,0.005594,-0.469890,0.007066,-0.882679,0.797081,0.532268,-4.926151,0.000370
610,5.083333,0.006301,-0.469655,0.005448,-0.882811,0.795968,0.532255,-4.923213,0.001222
611,5.091667,0.005556,-0.470323,0.007244,-0.882447,0.793292,0.532286,-4.920100,0.000413
612,5.100000,0.004317,-0.471793,0.008570,-0.881657,0.790073,0.532585,-4.917719,0.002043
613,5.108333,0.003578,-0.470186,0.008320,-0.882521,0.787767,0.532195,-4.915018,0.001980
614,5.116667,0.005491,-0.470921,0.007317,-0.882128,0.787771,0.532471,-4.910984,0.000406
615,5.125000,0.005392,-0.471182,0.007420,-0.881988,0.785845,0.532539,-4.907951,0.000434
616,5.133333,0.005425,-0.471380,0.007451,-0.881882,0.784036,0.532552,-4.904873,0.000425
617,5.141667,0.005267,-0.471699,0.007665,-0.881711,0.782026,0.532613,-4.901773,0.000428
618,5.150000,0.005257,-0.471838,0.007793,-0.881635,0.780163,0.532617,-4.898708,0.000400
619,5.158333,0.005193,-0.472075,0.007781,-0.881509,0.778250,0.532674,-4.895635,0.000425
620,5.166667,0.003149,-0.471726,0.008796,-0.881696,0.774547,0.532496,-4.893585,0.001966
621,5.175000,0.005141,-0.472558,0.007834,-0.881250,0.774530,0.532778,-4.889479,0.000429
622,5.183333,0.005039,-0.472705,0.007856,-0.881171,0.772672,0.532859,-4.886413,0.000386
623,5.191667,0.004970,-0.472906,0.007842,-0.881064,0.770808,0.532888,-4.883299,0.000398
624,5.200000,0.004853,-0.473137,0.008031,-0.880939,0.768799,0.532932,-4.880195,0.000385
625,5.208333,0.003443,-0.474592,0.009501,-0.880148,0.765503,0.533214,-4.877731,0.002046
626,5.216667,0.003308,-0.474890,0.009591,-0.879987,0.763595,0.533266,-4.874602,0.002021
627,5.225000,0.004614,-0.473834,0.008086,-0.880565,0.763114,0.533049,-4.870839,0.000371
628,5.233333,0.004648,-0.473988,0.008019,-0.880482,0.761054,0.533097,-4.867864,0.001308
629,5.241667,0.004878,-0.474561,0.007793,-0.880175,0.759643,0.533314,-4.864671,0.001406
630,5.250000,0.004504,-0.474427,0.007953,-0.880247,0.757451,0.533206,-4.861469,0.000421
631,5.258333,0.004412,-0.474338,0.008263,-0.880293,0.755741,0.533215,-4.858436,0.000271
632,5.266667,0.003491,-0.475950,0.008709,-0.879422,0.752635,0.533487,-4.855644,0.001792
633,5.275000,0.003328,-0.476206,0.008774,-0.879284,0.750713,0.533529,-4.852478,0.001828
634,5.283333,0.004269,-0.475354,0.007931,-0.879749,0.749477,0.533381,-4.849141,0.001436
635,5.291667,0.004061,-0.475521,0.007871,-0.879660,0.747683,0.533454,-4.845784,0.001315
636,5.300000,0.004156,-0.475805,0.007772,-0.879506,0.745719,0.533507,-4.842783,0.001482
637,5.308333,0.003971,-0.475938,0.007704,-0.879436,0.744085,0.533510,-4.839341,0.000430
638,5.316667,0.003163,-0.477301,0.008391,-0.878694,0.741145,0.533784,-4.836708,0.001811
639,5.325000,0.004186,-0.476269,0.007734,-0.879256,0.740816,0.533657,-4.833179,0.001263
640,5.333333,0.003727,-0.476630,0.007759,-0.879062,0.737920,0.533631,-4.829906,0.001486
641,5.341667,0.003682,-0.476751,0.007492,-0.878999,0.736316,0.533563,-4.826612,0.000390
642,5.350000,0.003531,-0.476914,0.007578,-0.878910,0.734367,0.533654,-4.823392,0.000369
643,5.358333,0.003810,-0.477337,0.007146,-0.878683,0.732826,0.533845,-4.820306,0.001405
644,5.366667,0.003408,-0.477254,0.007355,-0.878728,0.730569,0.533733,-4.817069,0.000421
645,5.375000,0.002609,-0.478740,0.008035,-0.877916,0.727678,0.533971,-4.814340,0.001809
646,5.383333,0.002044,-0.479016,0.008619,-0.877761,0.725321,0.534048,-4.811290,0.002047
647,5.391667,0.006066,-0.477385,0.003779,-0.878665,0.726839,0.533371,-4.807762,0.001636
648,5.400000,0.003356,-0.478241,0.007022,-0.878194,0.722568,0.533801,-4.804502,0.001482
649,5.408333,0.002742,-0.476330,0.007384,-0.879231,0.719562,0.533880,-4.801692,0.001606
650,5.416667,0.003093,-0.478453,0.006850,-0.878081,0.719094,0.533860,-4.797827,0.000411
651,5.425000,0.003225,-0.478766,0.006644,-0.877912,0.716903,0.533945,-4.794889,0.001475
652,5.433333,0.003372,-0.479142,0.006414,-0.877708,0.715557,0.534049,-4.791461,0.001421
653,5.441667,0.002171,-0.480242,0.007431,-0.877102,0.712298,0.534117,-4.788649,0.001802
654,5.450000,0.003028,-0.479403,0.006451,-0.877566,0.711203,0.533884,-4.785032,0.001335
655,5.458333,0.002935,-0.479145,0.006774,-0.877705,0.709472,0.533848,-4.781904,0.001270
656,5.466667,0.002806,-0.479630,0.006405,-0.877443,0.707501,0.533901,-4.778476,0.000433
657,5.475000,0.002826,-0.479844,0.006582,-0.877325,0.705528,0.534059,-4.775141,0.000352
658,5.483333,0.002279,-0.481043,0.006853,-0.876667,0.702672,0.534301,-4.772448,0.001807
659,5.491667,0.002260,-0.481227,0.006708,-0.876567,0.700726,0.534286,-4.769209,0.001789
660,5.500000,0.002883,-0.480454,0.006224,-0.876993,0.699783,0.534018,-4.765464,0.000361
661,5.508333,0.003041,-0.480625,0.006040,-0.876900,0.697867,0.533851,-4.762254,0.000424
662,5.516667,0.002862,-0.480480,0.006368,-0.876978,0.695988,0.533953,-4.759235,0.001247
663,5.525000,0.002803,-0.480684,0.006275,-0.876867,0.694230,0.533952,-4.755831,0.000258
664,5.533333,0.002149,-0.482264,0.006422,-0.876000,0.691101,0.534228,-4.752981,0.001809
665,5.541667,0.002813,-0.481380,0.005827,-0.876488,0.689975,0.533928,-4.749418,0.001276
666,5.550000,0.002694,-0.481600,0.005896,-0.876367,0.688215,0.533941,-4.745973,0.000364
667,5.558333,0.002872,-0.481457,0.005937,-0.876445,0.686573,0.533822,-4.742861,0.000194
668,5.566667,0.002828,-0.481761,0.005683,-0.876280,0.684506,0.533900,-4.739470,0.000405
669,5.575000,0.002884,-0.481990,0.005530,-0.876155,0.682620,0.533811,-4.736166,0.000396
670,5.583333,0.002985,-0.481823,0.005428,-0.876247,0.681085,0.533760,-4.733115,0.000417
671,5.591667,0.003020,-0.482026,0.005311,-0.876136,0.679163,0.533701,-4.729886,0.000389
672,5.600000,0.003027,-0.482255,0.005337,-0.876009,0.677220,0.533696,-4.726626,0.000371
673,5.608333,0.003208,-0.482669,0.004947,-0.875783,0.675186,0.533512,-4.723257,0.000487
674,5.616667,0.003380,-0.483001,0.004944,-0.875600,0.673000,0.533650,-4.720150,0.001385
675,5.625000,0.003149,-0.482969,0.005238,-0.875616,0.671472,0.533532,-4.716783,0.000269
676,5.633333,0.003652,-0.483276,0.005100,-0.875446,0.669896,0.533655,-4.713593,0.001006
677,5.641667,0.001311,-0.483698,0.005917,-0.875214,0.667240,0.534189,-4.710504,0.001356
678,5.650000,0.001302,-0.483768,0.005827,-0.875176,0.665350,0.534166,-4.707192,0.001220
679,5.658333,0.003153,-0.483785,0.005163,-0.875166,0.663850,0.533342,-4.703670,0.000229
680,5.666667,0.003697,-0.484210,0.005085,-0.874929,0.662204,0.533465,-4.700453,0.001012
681,5.675000,0.003310,-0.484323,0.005114,-0.874868,0.660004,0.533237,-4.697089,0.000269
682,5.683333,0.002637,-0.485557,0.005476,-0.874184,0.657469,0.533582,-4.693261,0.000847
683,5.691667,0.003748,-0.484862,0.005077,-0.874568,0.656571,0.533335,-4.690620,0.001000
684,5.700000,0.003743,-0.485082,0.005155,-0.874445,0.654669,0.533346,-4.687327,0.000983
685,5.708333,0.003757,-0.485348,0.005163,-0.874298,0.652771,0.533243,-4.684005,0.000965
686,5.716667,0.003816,-0.485571,0.005184,-0.874173,0.650799,0.533177,-4.680714,0.001019
687,5.725000,0.003184,-0.486515,0.005701,-0.873648,0.648521,0.533448,-4.676999,0.001415
688,5.733333,0.003892,-0.485987,0.005141,-0.873942,0.647073,0.533080,-4.674125,0.001026
689,5.741667,0.003908,-0.486193,0.005106,-0.873828,0.645215,0.532988,-4.670835,0.001037
690,5.750000,0.003936,-0.486414,0.005192,-0.873704,0.643324,0.532973,-4.667520,0.001012
691,5.758333,0.004011,-0.486690,0.005228,-0.873550,0.641407,0.532881,-4.664207,0.001066
692,5.766667,0.004017,-0.486916,0.005274,-0.873424,0.639443,0.532856,-4.660902,0.001124
693,5.775000,0.003628,-0.487018,0.005332,-0.873368,0.637288,0.532620,-4.657491,0.000368
694,5.783333,0.003988,-0.487398,0.005299,-0.873155,0.635663,0.532742,-4.654236,0.001120
695,5.791667,0.004002,-0.487594,0.005274,-0.873045,0.633845,0.532669,-4.650949,0.001151
696,5.800000,0.004012,-0.487827,0.005264,-0.872915,0.631980,0.532636,-4.647613,0.001121
697,5.808333,0.004103,-0.488099,0.005261,-0.872763,0.630068,0.532539,-4.644286,0.001152
698,5.816667,0.004028,-0.488319,0.005426,-0.872639,0.628229,0.532538,-4.640957,0.001166
699,5.825000,0.004107,-0.488573,0.005395,-0.872497,0.626338,0.532456,-4.637586,0.001149
700,5.833333,0.004077,-0.488740,0.005411,-0.872404,0.624487,0.532429,-4.634295,0.001182
701,5.841667,0.004096,-0.488892,0.005332,-0.872319,0.622622,0.532380,-4.630992,0.001185
702,5.850000,0.003096,-0.489777,0.005982,-0.871822,0.620053,0.532446,-4.627153,0.000762
703,5.858333,0.004088,-0.489372,0.005458,-0.872049,0.618901,0.532210,-4.624304,0.001028
704,5.866667,0.004092,-0.489682,0.005493,-0.871874,0.616994,0.532158,-4.620941,0.001048
705,5.875000,0.004192,-0.489860,0.005451,-0.871774,0.615128,0.532095,-4.617614,0.001014
706,5.883333,0.003476,-0.490794,0.006012,-0.871248,0.612822,0.532438,-4.613833,0.001436
707,5.891667,0.004171,-0.490302,0.005366,-0.871526,0.611375,0.532024,-4.610934,0.000996
708,5.900000,0.004137,-0.490527,0.005376,-0.871399,0.609546,0.532009,-4.607546,0.000988
709,5.908333,0.004101,-0.490584,0.005260,-0.871368,0.606954,0.531799,-4.604279,0.001280
710,5.916667,0.004142,-0.491000,0.005470,-0.871132,0.605715,0.531854,-4.600805,0.001012
711,5.925000,0.004136,-0.491181,0.005468,-0.871031,0.603860,0.531815,-4.597446,0.001054
712,5.933333,0.004058,-0.491390,0.005484,-0.870913,0.601975,0.531818,-4.594129,0.001040
713,5.941667,0.003165,-0.492271,0.005903,-0.870416,0.599325,0.531909,-4.590218,0.000793
714,5.950000,0.004136,-0.491857,0.005337,-0.870650,0.598095,0.531737,-4.587304,0.001243
715,5.958333,0.004279,-0.492085,0.005344,-0.870520,0.596352,0.531615,-4.584009,0.001000
716,5.966667,0.004079,-0.492176,0.005346,-0.870470,0.593928,0.531475,-4.580746,0.001191
717,5.975000,0.004129,-0.492501,0.005490,-0.870285,0.592542,0.531557,-4.577279,0.001056
718,5.983333,0.004114,-0.492755,0.005487,-0.870141,0.590594,0.531561,-4.573869,0.001073
719,5.991667,0.004014,-0.492771,0.005364,-0.870133,0.588290,0.531377,-4.570599,0.001200
720,6.000000,0.004164,-0.493146,0.005344,-0.869920,0.586840,0.531514,-4.567154,0.001038
721,6.008333,0.003969,-0.493211,0.005348,-0.869884,0.584544,0.531289,-4.563814,0.001130
722,6.016667,0.004363,-0.493627,0.005265,-0.869647,0.583056,0.531408,-4.560379,0.001046
723,6.025000,0.003668,-0.494573,0.005804,-0.869109,0.580702,0.531716,-4.556548,0.001411
724,6.033333,0.003505,-0.492860,0.005572,-0.870084,0.578233,0.531306,-4.554225,0.001438
725,6.041667,0.003946,-0.494087,0.005391,-0.869387,0.577077,0.531223,-4.550210,0.000257
726,6.050000,0.004291,-0.494349,0.005353,-0.869236,0.575476,0.531356,-4.546907,0.001042
727,6.058333,0.004385,-0.494682,0.005295,-0.869047,0.573622,0.531328,-4.543507,0.001043
728,6.066667,0.004589,-0.494862,0.005283,-0.868943,0.571677,0.531268,-4.540178,0.001078
729,6.075000,0.004210,-0.494928,0.005347,-0.868908,0.569514,0.531147,-4.536701,0.000282
730,6.083333,0.004241,-0.495122,0.005408,-0.868796,0.567627,0.531202,-4.533399,0.000237
731,6.091667,0.004677,-0.495494,0.005343,-0.868582,0.566034,0.531362,-4.530101,0.001087
732,6.100000,0.004831,-0.495633,0.005216,-0.868503,0.564327,0.531300,-4.526784,0.001157
733,6.108333,0.003782,-0.496627,0.005853,-0.867936,0.561523,0.531550,-4.522820,0.000803
734,6.116667,0.003907,-0.496842,0.005916,-0.867812,0.559622,0.531571,-4.519441,0.000816
735,6.125000,0.005070,-0.496344,0.005368,-0.868094,0.558523,0.531372,-4.516657,0.001135
736,6.133333,0.005048,-0.496535,0.005457,-0.867985,0.556616,0.531441,-4.513313,0.001169
737,6.141667,0.004700,-0.495263,0.005610,-0.868712,0.553437,0.531411,-4.510680,0.001535
738,6.150000,0.004206,-0.497686,0.006067,-0.867326,0.552091,0.531708,-4.506027,0.000826
739,6.158333,0.004805,-0.495758,0.005681,-0.868429,0.549744,0.531487,-4.504006,0.001525
740,6.166667,0.005168,-0.497185,0.005498,-0.867612,0.548808,0.531447,-4.499791,0.000392
741,6.175000,0.005327,-0.497366,0.005529,-0.867507,0.546958,0.531460,-4.496451,0.000392
742,6.183333,0.005347,-0.497640,0.005548,-0.867349,0.545035,0.531559,-4.493093,0.000461
743,6.191667,0.005652,-0.497974,0.005563,-0.867156,0.543250,0.531518,-4.489559,0.000802
744,6.200000,0.005688,-0.498186,0.005623,-0.867033,0.541388,0.531605,-4.486219,0.000840
745,6.208333,0.005809,-0.498374,0.005666,-0.866924,0.539541,0.531668,-4.482898,0.000881
746,6.216667,0.005926,-0.498537,0.005768,-0.866829,0.537670,0.531805,-4.479512,0.000960
747,6.225000,0.006161,-0.498751,0.005836,-0.866704,0.535786,0.531804,-4.476171,0.001280
748,6.233333,0.006286,-0.498978,0.005863,-0.866572,0.533914,0.531875,-4.472808,0.001313
749,6.241667,0.006234,-0.498554,0.005993,-0.866816,0.531610,0.532078,-4.470080,0.001020
750,6.250000,0.005878,-0.498730,0.006124,-0.866716,0.529749,0.532117,-4.466790,0.000988
751,6.258333,0.005780,-0.498834,0.006015,-0.866658,0.527890,0.532374,-4.463378,0.001036
752,6.266667,0.006161,-0.499612,0.005937,-0.866207,0.526398,0.532392,-4.459620,0.000349
753,6.275000,0.005968,-0.499276,0.006097,-0.866401,0.524172,0.532557,-4.456671,0.001050
754,6.283333,0.005630,-0.501462,0.006436,-0.865138,0.522083,0.532802,-4.452415,0.001006
755,6.291667,0.006819,-0.498643,0.006257,-0.866758,0.520140,0.532679,-4.450138,0.001253
756,6.300000,0.006368,-0.499915,0.006108,-0.866030,0.518669,0.532711,-4.446576,0.001023
757,6.308333,0.006630,-0.500224,0.006143,-0.865849,0.516877,0.532774,-4.442999,0.001118
758,6.316667,0.006988,-0.499909,0.006313,-0.866027,0.514715,0.532997,-4.439815,0.001063
759,6.325000,0.007138,-0.500182,0.006271,-0.865868,0.512933,0.533017,-4.436397,0.001125
760,6.333333,0.007212,-0.500494,0.006279,-0.865687,0.511109,0.533117,-4.432919,0.001151
761,6.341667,0.006683,-0.502773,0.006346,-0.864370,0.509400,0.533359,-4.428407,0.001124
762,6.350000,0.005097,-0.499934,0.006514,-0.866024,0.505971,0.532858,-4.427040,0.001816
763,6.358333,0.005508,-0.500817,0.006271,-0.865513,0.505297,0.533275,-4.423344,0.001281
764,6.366667,0.007167,-0.501716,0.006144,-0.864981,0.503898,0.533298,-4.419176,0.001235
765,6.375000,0.007261,-0.501905,0.006093,-0.864871,0.502073,0.533350,-4.415754,0.001268
766,6.383333,0.007252,-0.502127,0.006061,-0.864742,0.500253,0.533430,-4.412339,0.001275
767,6.391667,0.007367,-0.502445,0.005985,-0.864557,0.498476,0.533449,-4.408854,0.001373
768,6.400000,0.007409,-0.502610,0.005989,-0.864461,0.496628,0.533552,-4.405478,0.001360
769,6.408333,0.007465,-0.502885,0.005898,-0.864301,0.494816,0.533608,-4.402031,0.001380
770,6.416667,0.007474,-0.503042,0.006066,-0.864208,0.492945,0.533648,-4.398584,0.001414
771,6.425000,0.007293,-0.503164,0.006086,-0.864139,0.491070,0.533726,-4.395190,0.001437
772,6.433333,0.007324,-0.503479,0.006032,-0.863955,0.489300,0.533716,-4.391723,0.001423
773,6.441667,0.007218,-0.503677,0.006012,-0.863841,0.487428,0.533827,-4.388307,0.001459
774,6.450000,0.007146,-0.503876,0.006016,-0.863726,0.485672,0.533825,-4.384872,0.001509
775,6.458333,0.007047,-0.504102,0.005944,-0.863595,0.483843,0.533903,-4.381450,0.001604
776,6.466667,0.006919,-0.504282,0.005967,-0.863491,0.482048,0.533935,-4.377975,0.001625
777,6.475000,0.006865,-0.504423,0.006034,-0.863409,0.480180,0.533995,-4.374577,0.001641
778,6.483333,0.005885,-0.503476,0.006336,-0.863966,0.477635,0.534343,-4.372285,0.001222
779,6.491667,0.005923,-0.503681,0.006330,-0.863846,0.475859,0.534356,-4.368842,0.001201
780,6.500000,0.005273,-0.503863,0.006324,-0.863744,0.473981,0.534288,-4.365448,0.001215
781,6.508333,0.005703,-0.504114,0.006388,-0.863595,0.472269,0.534415,-4.361934,0.001218
782,6.516667,0.005584,-0.503947,0.006619,-0.863691,0.470171,0.534461,-4.358473,0.001667
783,6.525000,,,,,,,,
784,6.533333,-0.000328,0.859461,0.000444,-0.511201,0.474936,0.533921,-4.344179,0.001084
785,6.541667,0.005401,-0.504961,0.006542,-0.863101,0.465076,0.534514,-4.348131,0.001237
786,6.550000,0.004288,-0.504991,0.006857,-0.863087,0.462202,0.534050,-4.344610,0.001819
787,6.558333,0.003916,-0.511383,0.006621,-0.859318,0.459629,0.534735,-4.342383,0.002332
788,6.566667,0.005190,-0.505303,0.006902,-0.862899,0.459398,0.534536,-4.337691,0.001685
789,6.575000,0.005169,-0.505870,0.006773,-0.862568,0.457912,0.534545,-4.334233,0.001220
790,6.583333,0.005010,-0.506138,0.006800,-0.862411,0.456135,0.534572,-4.330816,0.001254
791,6.591667,0.004982,-0.506362,0.006837,-0.862280,0.454381,0.534526,-4.327339,0.001257
792,6.600000,0.004892,-0.506600,0.006976,-0.862139,0.452562,0.534556,-4.323852,0.001259
793,6.608333,0.004944,-0.506371,0.007228,-0.862271,0.450519,0.534481,-4.320356,0.001763
794,6.616667,0.004903,-0.506628,0.007301,-0.862120,0.448705,0.534500,-4.316861,0.001676
795,6.625000,0.004791,-0.507277,0.007149,-0.861740,0.447215,0.534500,-4.313417,0.001231
796,6.633333,0.004955,-0.508454,0.006782,-0.861048,0.446030,0.534467,-4.309465,0.001210
797,6.641667,0.002379,-0.511686,0.008408,-0.859128,0.441117,0.533710,-4.308301,0.002397
798,6.650000,0.003465,-0.507700,0.007661,-0.861493,0.440839,0.533981,-4.303006,0.001828
799,6.658333,0.004764,-0.508119,0.007157,-0.861244,0.440223,0.534466,-4.299550,0.001306
800,6.666667,0.004700,-0.508406,0.007181,-0.861075,0.438475,0.534420,-4.296059,0.001300
801,6.675000,0.004816,-0.508621,0.007252,-0.860946,0.436660,0.534426,-4.292565,0.001299
802,6.683333,0.004576,-0.508910,0.007269,-0.860777,0.434895,0.534387,-4.289097,0.001289
803,6.691667,0.004690,-0.509106,0.007306,-0.860660,0.433130,0.534368,-4.285638,0.001289
804,6.700000,0.004502,-0.509270,0.007481,-0.860563,0.431335,0.534335,-4.282179,0.001321
805,6.708333,0.004497,-0.509498,0.007497,-0.860427,0.429538,0.534277,-4.278691,0.001280
806,6.716667,0.004458,-0.509788,0.007594,-0.860255,0.427770,0.534243,-4.275215,0.001258
807,6.725000,0.004590,-0.509992,0.007534,-0.860134,0.425942,0.534201,-4.271758,0.001290
808,6.733333,0.004516,-0.510289,0.007625,-0.859957,0.424186,0.534170,-4.268243,0.001273
809,6.741667,0.004509,-0.510522,0.007649,-0.859819,0.422361,0.534148,-4.264779,0.001323
810,6.750000,0.004592,-0.511637,0.007619,-0.859156,0.421086,0.534034,-4.260789,0.001253
811,6.758333,0.004450,-0.510935,0.007767,-0.859573,0.418792,0.534090,-4.257846,0.001325
812,6.766667,0.004564,-0.511189,0.007854,-0.859420,0.416987,0.533978,-4.254367,0.001271
813,6.775000,0.004508,-0.511427,0.007747,-0.859280,0.415141,0.533932,-4.250888,0.001276
814,6.783333,0.004544,-0.511641,0.007872,-0.859152,0.413405,0.533878,-4.247427,0.001295
815,6.791667,0.004144,-0.511899,0.007763,-0.859001,0.411539,0.533725,-4.243988,0.001319
816,6.800000,0.004649,-0.512091,0.007913,-0.858882,0.409755,0.533805,-4.240471,0.001292
817,6.808333,0.004571,-0.512335,0.007929,-0.858737,0.407930,0.533805,-4.237030,0.001294
818,6.816667,0.004679,-0.512589,0.007934,-0.858585,0.406122,0.533684,-4.233547,0.001282
819,6.825000,0.004667,-0.512822,0.007951,-0.858445,0.404288,0.533674,-4.230062,0.001249
820,6.833333,0.004760,-0.513036,0.007902,-0.858318,0.402541,0.533573,-4.226563,0.001285
821,6.841667,0.004737,-0.513276,0.007886,-0.858174,0.400685,0.533574,-4.223137,0.001301
822,6.850000,0.004770,-0.513548,0.007837,-0.858012,0.398907,0.533473,-4.219622,0.001324
823,6.858333,0.006309,-0.512383,0.007791,-0.858699,0.394910,0.533811,-4.215783,0.001301
824,6.866667,0.004957,-0.513992,0.007910,-0.857744,0.395220,0.533410,-4.212687,0.001303
825,6.875000,0.005005,-0.514216,0.007917,-0.857609,0.393393,0.533366,-4.209191,0.001261
826,6.883333,0.005019,-0.514454,0.007795,-0.857468,0.391581,0.533263,-4.205688,0.001296
827,6.891667,0.005088,-0.514722,0.007804,-0.857307,0.389775,0.533228,-4.202260,0.001336
828,6.900000,0.005035,-0.514961,0.007690,-0.857165,0.387990,0.533136,-4.198755,0.001321
829,6.908333,0.005189,-0.515146,0.007742,-0.857052,0.386173,0.533085,-4.195287,0.001317
830,6.916667,0.005247,-0.515375,0.007750,-0.856914,0.384338,0.533045,-4.191792,0.001326
831,6.925000,0.005257,-0.515604,0.007754,-0.856776,0.382531,0.533012,-4.188360,0.001261
832,6.933333,0.005331,-0.515880,0.007657,-0.856610,0.380722,0.532950,-4.184847,0.001296
833,6.941667,0.005421,-0.516102,0.007678,-0.856475,0.378995,0.532894,-4.181384,0.001335
834,6.950000,0.005351,-0.516301,0.007602,-0.856357,0.377139,0.532865,-4.177902,0.001322
835,6.958333,0.005465,-0.516549,0.007678,-0.856206,0.375379,0.532786,-4.174434,0.001303
836,6.966667,0.007030,-0.515370,0.007557,-0.856906,0.371350,0.533092,-4.170562,0.001280
837,6.975000,0.005470,-0.516947,0.007667,-0.855966,0.371750,0.532687,-4.167486,0.001268
838,6.983333,0.005489,-0.517196,0.007613,-0.855816,0.369951,0.532684,-4.164000,0.001282
839,6.991667,0.005531,-0.517437,0.007577,-0.855670,0.368191,0.532611,-4.160489,0.001305
840,7.000000,0.005537,-0.517653,0.007522,-0.855540,0.366415,0.532618,-4.157037,0.001318
841,7.008333,0.005576,-0.517951,0.007519,-0.855359,0.364673,0.532546,-4.153526,0.001336
842,7.016667,0.005675,-0.518181,0.007431,-0.855220,0.362855,0.532488,-4.150036,0.001320
843,7.025000,0.005653,-0.518333,0.007511,-0.855127,0.361092,0.532456,-4.146564,0.001313
844,7.033333,0.005596,-0.518529,0.007533,-0.855009,0.359311,0.532439,-4.143093,0.001318
845,7.041667,0.005503,-0.518740,0.007498,-0.854882,0.357557,0.532411,-4.139596,0.001300
846,7.050000,0.005496,-0.518991,0.007456,-0.854730,0.355821,0.532412,-4.136109,0.001320
847,7.058333,0.005480,-0.519212,0.007443,-0.854595,0.354070,0.532398,-4.132635,0.001322
848,7.066667,0.005495,-0.519489,0.007404,-0.854427,0.352329,0.532341,-4.129117,0.001352
849,7.075000,0.005545,-0.519625,0.007453,-0.854344,0.350553,0.532305,-4.125609,0.001301
850,7.083333,0.005451,-0.519898,0.007432,-0.854179,0.348837,0.532291,-4.122116,0.001328
851,7.091667,0.005455,-0.521121,0.007434,-0.853433,0.347638,0.532287,-4.118034,0.001016
852,7.100000,0.005644,-0.520756,0.007568,-0.853653,0.345659,0.532339,-4.114741,0.001028
853,7.108333,0.005032,-0.521436,0.007420,-0.853243,0.344287,0.532361,-4.111174,0.001158
854,7.116667,0.005257,-0.521047,0.007595,-0.853478,0.342285,0.532437,-4.107932,0.001241
855,7.125000,0.005114,-0.522272,0.007235,-0.852733,0.341171,0.532328,-4.103853,0.000291
856,7.133333,0.004970,-0.522184,0.007378,-0.852786,0.339179,0.532353,-4.100553,0.001110
857,7.141667,0.005157,-0.522821,0.007193,-0.852397,0.337745,0.532268,-4.096714,0.000240
858,7.150000,0.004944,-0.522666,0.007393,-0.852491,0.335752,0.532302,-4.093450,0.001082
859,7.158333,0.004871,-0.522877,0.007322,-0.852363,0.334031,0.532311,-4.089919,0.001055
860,7.166667,0.004890,-0.523493,0.007229,-0.851985,0.332644,0.532255,-4.086098,0.000253
861,7.175000,0.005086,-0.522880,0.007446,-0.852359,0.330374,0.532414,-4.083071,0.001108
862,7.183333,0.002453,-0.523730,0.007759,-0.851846,0.328591,0.532740,-4.079487,0.001216
863,7.191667,0.004770,-0.524264,0.007120,-0.851513,0.327617,0.532274,-4.075461,0.000220
864,7.200000,0.004712,-0.524504,0.007074,-0.851366,0.325964,0.532236,-4.071946,0.000244
865,7.208333,0.004685,-0.523783,0.007396,-0.851807,0.323714,0.532450,-4.068982,0.001145
866,7.216667,0.004310,-0.524590,0.007092,-0.851314,0.322287,0.532235,-4.065155,0.001046
867,7.225000,0.004177,-0.524770,0.007080,-0.851205,0.320582,0.532276,-4.061624,0.001054
868,7.233333,0.004180,-0.525335,0.006903,-0.850857,0.319261,0.532248,-4.057862,0.000236
869,7.241667,0.003913,-0.525225,0.006922,-0.850926,0.317299,0.532270,-4.054574,0.001088
870,7.250000,0.003778,-0.525439,0.006895,-0.850795,0.315659,0.532296,-4.051061,0.001102
871,7.258333,0.003744,-0.525978,0.006727,-0.850464,0.314309,0.532275,-4.047286,0.000324
872,7.266667,0.003695,-0.526203,0.006631,-0.850325,0.312612,0.532264,-4.043783,0.000293
873,7.275000,0.003702,-0.526468,0.006537,-0.850162,0.310964,0.532239,-4.040208,0.000289
874,7.283333,0.003566,-0.526667,0.006418,-0.850040,0.309307,0.532214,-4.036663,0.000332
875,7.291667,0.003687,-0.526676,0.006469,-0.850033,0.307255,0.532129,-4.033182,0.001003
876,7.300000,0.003674,-0.526926,0.006418,-0.849879,0.305625,0.532139,-4.029606,0.001014
877,7.308333,0.003498,-0.527127,0.006374,-0.849755,0.303972,0.532153,-4.026049,0.000998
878,7.316667,0.003320,-0.527588,0.006154,-0.849472,0.302696,0.532247,-4.022459,0.000320
879,7.325000,0.003218,-0.527846,0.006174,-0.849312,0.301047,0.532227,-4.018856,0.000297
880,7.333333,0.003239,-0.528098,0.006120,-0.849155,0.299377,0.532228,-4.015272,0.000312
881,7.341667,0.003294,-0.528368,0.005999,-0.848988,0.297721,0.532165,-4.011685,0.000268
882,7.350000,0.003226,-0.528610,0.005902,-0.848838,0.296063,0.532182,-4.008122,0.000285
883,7.358333,0.003236,-0.528554,0.005956,-0.848873,0.294111,0.532146,-4.004708,0.001114
884,7.366667,0.003107,-0.528761,0.005916,-0.848745,0.292466,0.532145,-4.001163,0.001150
885,7.375000,0.003359,-0.529402,0.005750,-0.848345,0.291102,0.532074,-3.997278,0.000298
886,7.383333,0.003409,-0.529617,0.005727,-0.848211,0.289452,0.532069,-3.993728,0.000282
887,7.391667,0.003448,-0.529881,0.005683,-0.848046,0.287750,0.532025,-3.990081,0.000246
888,7.400000,0.003519,-0.529407,0.005897,-0.848340,0.285669,0.532128,-3.986902,0.001052
889,7.408333,0.003632,-0.529694,0.005819,-0.848161,0.283963,0.532049,-3.983274,0.001042
890,7.416667,0.003584,-0.529855,0.005775,-0.848061,0.282258,0.532052,-3.979746,0.001050
891,7.425000,0.003761,-0.529749,0.005795,-0.848126,0.280431,0.532065,-3.976270,0.001167
892,7.433333,0.001437,-0.530141,0.005955,-0.847887,0.278320,0.532392,-3.972778,0.001345
893,7.441667,0.003710,-0.530546,0.005533,-0.847630,0.277224,0.531897,-3.969025,0.001030
894,7.450000,0.004009,-0.530895,0.005568,-0.847410,0.275609,0.531899,-3.965179,0.001181
895,7.458333,0.003805,-0.530963,0.005462,-0.847369,0.273871,0.531843,-3.961876,0.001048
896,7.466667,0.004529,-0.531056,0.005653,-0.847306,0.272112,0.531931,-3.958077,0.001223
897,7.475000,0.004335,-0.530768,0.005212,-0.847490,0.269771,0.531775,-3.954924,0.001468
898,7.483333,0.004969,-0.530689,0.005140,-0.847536,0.267839,0.531878,-3.951533,0.001493
899,7.491667,0.004995,-0.531168,0.004782,-0.847238,0.265521,0.531993,-3.947986,0.001710
900,7.500000,0.005266,-0.531521,0.005334,-0.847012,0.263866,0.531626,-3.944490,0.001809
901,7.508333,0.004438,-0.531553,0.004810,-0.847000,0.262394,0.531752,-3.940577,0.001647
902,7.516667,0.006760,-0.530635,0.004741,-0.847560,0.261924,0.531792,-3.935824,0.001671
903,7.525000,0.005327,-0.531118,0.004820,-0.847267,0.259801,0.531611,-3.932871,0.001755
904,7.533333,0.005554,-0.531377,0.004710,-0.847104,0.257770,0.531671,-3.929576,0.001847
905,7.541667,0.005318,-0.532378,0.004719,-0.846477,0.255823,0.531664,-3.926485,0.001658
906,7.550000,0.005785,-0.531639,0.004649,-0.846939,0.254628,0.531558,-3.922027,0.001763
907,7.558333,0.005652,-0.532075,0.004657,-0.846665,0.253109,0.531482,-3.918510,0.001765
908,7.566667,0.005047,-0.532290,0.004905,-0.846533,0.250984,0.531361,-3.915056,0.001975
909,7.575000,0.005047,-0.532538,0.004829,-0.846378,0.249307,0.531299,-3.911452,0.001977
910,7.583333,0.003700,-0.533655,0.005344,-0.845677,0.247070,0.530875,-3.908579,0.001645
911,7.591667,0.005700,-0.533136,0.004714,-0.845997,0.246373,0.531225,-3.904216,0.001723
912,7.600000,0.005630,-0.534037,0.004708,-0.845429,0.243572,0.531372,-3.901565,0.001618
913,7.608333,0.005627,-0.534290,0.004641,-0.845270,0.241859,0.531333,-3.898025,0.001593
914,7.616667,0.005159,-0.533877,0.005236,-0.845530,0.241872,0.530897,-3.893273,0.001985
915,7.625000,0.008150,-0.532473,0.004866,-0.846394,0.239629,0.531219,-3.889814,0.001515
916,7.633333,0.006117,-0.534341,0.004676,-0.845234,0.237460,0.531243,-3.886718,0.001893
917,7.641667,0.006037,-0.534636,0.004864,-0.845047,0.235706,0.531147,-3.883142,0.001956
