Format Version,1.23,Take Name,Take 2021-07-09 18.50.59 AM_012,Take Notes,,Capture Frame Rate,120.000000,Export Frame Rate,120.000000,Capture Start Time,2021-07-11 02.34.45.541 下午,Total Frames in Take,1102,Total Exported Frames,1102,Rotation Type,Quaternion,Length Units,Meters,Coordinate Space,Local

,Type,Rigid Body,Rigid Body,Rigid Body,Rigid Body,Rigid Body,Rigid Body,Rigid Body,Rigid Body
,Name,OASES_USV,OASES_USV,OASES_USV,OASES_USV,OASES_USV,OASES_USV,OASES_USV,OASES_USV
,ID,"3BFF0C49E20A11EB1371DA7D1A00D188","3BFF0C49E20A11EB1371DA7D1A00D188","3BFF0C49E20A11EB1371DA7D1A00D188","3BFF0C49E20A11EB1371DA7D1A00D188","3BFF0C49E20A11EB1371DA7D1A00D188","3BFF0C49E20A11EB1371DA7D1A00D188","3BFF0C49E20A11EB1371DA7D1A00D188","3BFF0C49E20A11EB1371DA7D1A00D188"
,,Rotation,Rotation,Rotation,Rotation,Position,Position,Position,Mean Marker Error
Frame,Time (Seconds),X,Y,Z,W,X,Y,Z,
0,0.000000,0.000129,0.938614,-0.005467,-0.344925,1.848196,0.536002,-6.730434,0.000445
1,0.008333,0.000012,0.938607,-0.005309,-0.344946,1.847590,0.536080,-6.729593,0.000456
2,0.016667,-0.000085,0.938616,-0.005185,-0.344924,1.846989,0.536222,-6.728790,0.000489
3,0.025000,-0.000191,0.938598,-0.005035,-0.344977,1.846400,0.536339,-6.727930,0.000488
4,0.033333,-0.000273,0.938616,-0.004799,-0.344930,1.845801,0.536439,-6.727100,0.000468
5,0.041667,-0.000395,0.938611,-0.004659,-0.344946,1.845143,0.536516,-6.726250,0.000465
6,0.050000,-0.000338,0.938749,-0.004530,-0.344570,1.844287,0.536641,-6.725506,0.000262
7,0.058333,-0.000427,0.938743,-0.004381,-0.344590,1.843636,0.536767,-6.724630,0.000258
8,0.066667,-0.000628,0.938635,-0.004066,-0.344889,1.843193,0.536774,-6.723646,0.000459
9,0.075000,-0.000728,0.938637,-0.003904,-0.344885,1.842537,0.536862,-6.722776,0.000455
10,0.083333,-0.000827,0.938648,-0.003754,-0.344856,1.841851,0.536951,-6.721848,0.000467
11,0.091667,-0.000864,0.938660,-0.003550,-0.344826,1.841211,0.537067,-6.720985,0.000456
12,0.100000,-0.000987,0.938651,-0.003395,-0.344850,1.840484,0.537069,-6.720058,0.000461
13,0.108333,-0.001079,0.938673,-0.003216,-0.344792,1.839788,0.537125,-6.719160,0.000470
14,0.116667,-0.001073,0.938678,-0.003017,-0.344779,1.839098,0.537241,-6.718244,0.000459
15,0.125000,-0.001152,0.938666,-0.002873,-0.344814,1.838397,0.537257,-6.717315,0.000469
16,0.133333,-0.001199,0.938691,-0.002673,-0.344747,1.837677,0.537266,-6.716405,0.000468
17,0.141667,-0.001254,0.938693,-0.002462,-0.344743,1.836924,0.537299,-6.715464,0.000452
18,0.150000,-0.001274,0.938696,-0.002320,-0.344737,1.836205,0.537358,-6.714560,0.000459
19,0.158333,-0.001297,0.938711,-0.002165,-0.344695,1.835469,0.537381,-6.713598,0.000474
20,0.166667,-0.001415,0.938717,-0.002012,-0.344679,1.834720,0.537391,-6.712655,0.000456
21,0.175000,-0.001370,0.938737,-0.001824,-0.344627,1.834007,0.537436,-6.711766,0.000470
22,0.183333,-0.001442,0.938744,-0.001699,-0.344608,1.833227,0.537403,-6.710758,0.000474
23,0.191667,,,,,,,,
24,0.200000,-0.001455,0.938760,-0.001478,-0.344566,1.831748,0.537447,-6.708902,0.000482
25,0.208333,-0.001421,0.938768,-0.001333,-0.344544,1.830952,0.537396,-6.707936,0.000498
26,0.216667,-0.001432,0.938801,-0.001285,-0.344455,1.830170,0.537411,-6.707015,0.000457
27,0.225000,-0.001374,0.938793,-0.001177,-0.344477,1.829380,0.537417,-6.706057,0.000455
28,0.233333,-0.001396,0.938802,-0.001102,-0.344452,1.828583,0.537371,-6.705082,0.000480
29,0.241667,-0.001360,0.938828,-0.001028,-0.344384,1.827782,0.537359,-6.704150,0.000468
30,0.250000,-0.001362,0.938829,-0.001009,-0.344381,1.826972,0.537315,-6.703169,0.000455
31,0.258333,-0.001287,0.938842,-0.000885,-0.344344,1.826170,0.537297,-6.702209,0.000465
32,0.266667,-0.001284,0.938853,-0.000853,-0.344315,1.825359,0.537270,-6.701273,0.000487
33,0.275000,-0.001260,0.938863,-0.000877,-0.344289,1.824508,0.537153,-6.700299,0.000471
34,0.283333,-0.001174,0.938887,-0.000742,-0.344224,1.823655,0.537139,-6.699361,0.000489
35,0.291667,-0.001089,0.938885,-0.000737,-0.344230,1.822829,0.537115,-6.698399,0.000467
36,0.300000,-0.001025,0.938900,-0.000800,-0.344188,1.822007,0.537057,-6.697425,0.000466
37,0.308333,-0.000976,0.938921,-0.000741,-0.344131,1.821130,0.536969,-6.696459,0.000485
38,0.316667,-0.000952,0.938935,-0.000720,-0.344092,1.820280,0.536922,-6.695487,0.000468
39,0.325000,-0.000862,0.938937,-0.000810,-0.344086,1.819439,0.536889,-6.694523,0.000476
40,0.333333,-0.000769,0.938950,-0.000797,-0.344052,1.818543,0.536783,-6.693524,0.000472
41,0.341667,-0.000635,0.938976,-0.000829,-0.343981,1.817669,0.536740,-6.692568,0.000473
42,0.350000,-0.000643,0.938981,-0.000866,-0.343967,1.816781,0.536686,-6.691591,0.000477
43,0.358333,-0.000581,0.938995,-0.000843,-0.343931,1.815867,0.536574,-6.690592,0.000478
44,0.366667,-0.000466,0.939012,-0.000945,-0.343884,1.814949,0.536479,-6.689606,0.000498
45,0.375000,-0.000381,0.939017,-0.001024,-0.343869,1.814034,0.536405,-6.688632,0.000486
46,0.383333,-0.000316,0.939038,-0.001026,-0.343812,1.813124,0.536324,-6.687643,0.000468
47,0.391667,-0.000262,0.939046,-0.001068,-0.343790,1.812172,0.536220,-6.686629,0.000460
48,0.400000,-0.000132,0.939060,-0.001131,-0.343751,1.811254,0.536159,-6.685656,0.000456
49,0.408333,-0.000057,0.939083,-0.001255,-0.343689,1.810332,0.536087,-6.684659,0.000458
50,0.416667,-0.000087,0.939093,-0.001355,-0.343661,1.809371,0.535986,-6.683617,0.000466
51,0.425000,0.000073,0.939129,-0.001382,-0.343563,1.808395,0.535884,-6.682633,0.000489
52,0.433333,0.000097,0.939143,-0.001480,-0.343524,1.807450,0.535780,-6.681623,0.000475
53,0.441667,0.000155,0.939142,-0.001645,-0.343526,1.806465,0.535677,-6.680605,0.000464
54,0.450000,0.000282,0.939170,-0.001726,-0.343448,1.805496,0.535590,-6.679593,0.000474
55,0.458333,0.000359,0.939166,-0.001841,-0.343459,1.804525,0.535467,-6.678555,0.000453
56,0.466667,0.000368,0.939192,-0.001816,-0.343388,1.803554,0.535377,-6.677529,0.000460
57,0.475000,0.000451,0.939223,-0.002014,-0.343301,1.802537,0.535300,-6.676497,0.000459
58,0.483333,0.000429,0.939245,-0.002076,-0.343242,1.801493,0.535167,-6.675449,0.000466
59,0.491667,0.000550,0.939255,-0.002151,-0.343212,1.800476,0.535075,-6.674434,0.000476
60,0.500000,0.000573,0.939279,-0.002258,-0.343147,1.799453,0.534969,-6.673368,0.000459
61,0.508333,0.000566,0.939311,-0.002376,-0.343058,1.798407,0.534880,-6.672306,0.000466
62,0.516667,0.000649,0.939320,-0.002517,-0.343031,1.797377,0.534779,-6.671248,0.000477
63,0.525000,0.000750,0.939318,-0.002560,-0.343038,1.796340,0.534680,-6.670192,0.000461
64,0.533333,0.000778,0.939362,-0.002656,-0.342916,1.795272,0.534609,-6.669119,0.000471
65,0.541667,0.000771,0.939385,-0.002760,-0.342852,1.794214,0.534502,-6.668034,0.000502
66,0.550000,0.000768,0.939402,-0.002861,-0.342804,1.793112,0.534365,-6.666951,0.000466
67,0.558333,0.000817,0.939427,-0.002899,-0.342736,1.792072,0.534273,-6.665848,0.000465
68,0.566667,0.000837,0.939458,-0.003037,-0.342648,1.790994,0.534207,-6.664773,0.000473
69,0.575000,0.000811,0.939478,-0.003032,-0.342594,1.789901,0.534074,-6.663679,0.000454
70,0.583333,0.000814,0.939526,-0.003121,-0.342461,1.788791,0.533970,-6.662573,0.000466
71,0.591667,0.000842,0.939541,-0.003193,-0.342421,1.787700,0.533942,-6.661474,0.000456
72,0.600000,0.000821,0.939554,-0.003291,-0.342386,1.786600,0.533826,-6.660337,0.000463
73,0.608333,0.000889,0.939576,-0.003421,-0.342321,1.785476,0.533724,-6.659214,0.000465
74,0.616667,0.000846,0.939620,-0.003438,-0.342202,1.784362,0.533639,-6.658103,0.000459
75,0.625000,0.000846,0.939650,-0.003462,-0.342118,1.783229,0.533573,-6.656959,0.000470
76,0.633333,0.000823,0.939680,-0.003510,-0.342037,1.782075,0.533491,-6.655833,0.000477
77,0.641667,0.000758,0.939690,-0.003626,-0.342006,1.780958,0.533402,-6.654673,0.000485
78,0.650000,0.000860,0.939711,-0.003641,-0.341949,1.779800,0.533355,-6.653503,0.000466
79,0.658333,0.000851,0.939746,-0.003605,-0.341854,1.778677,0.533298,-6.652361,0.000457
80,0.666667,0.000735,0.939767,-0.003621,-0.341796,1.777498,0.533205,-6.651178,0.000463
81,0.675000,0.000739,0.939804,-0.003698,-0.341692,1.776303,0.533130,-6.649991,0.000491
82,0.683333,0.000758,0.939820,-0.003725,-0.341649,1.775122,0.533100,-6.648827,0.000476
83,0.691667,0.000725,0.939841,-0.003801,-0.341591,1.773929,0.533029,-6.647655,0.000472
84,0.700000,0.000715,0.939857,-0.003766,-0.341547,1.772750,0.532957,-6.646461,0.000468
85,0.708333,0.000671,0.939895,-0.003806,-0.341441,1.771561,0.532937,-6.645281,0.000467
86,0.716667,0.000640,0.939924,-0.003804,-0.341362,1.770351,0.532857,-6.644061,0.000478
87,0.725000,0.000623,0.939944,-0.003771,-0.341308,1.769083,0.532788,-6.642887,0.000479
88,0.733333,0.000548,0.939971,-0.003818,-0.341233,1.767865,0.532757,-6.641674,0.000468
89,0.741667,0.000782,0.940093,-0.004020,-0.340892,1.766489,0.532844,-6.640591,0.000284
90,0.750000,0.000550,0.940023,-0.003827,-0.341089,1.765427,0.532694,-6.639218,0.000465
91,0.758333,0.000466,0.940041,-0.003827,-0.341038,1.764194,0.532646,-6.637997,0.000454
92,0.766667,0.000534,0.940079,-0.003829,-0.340934,1.762925,0.532593,-6.636802,0.000492
93,0.775000,0.000502,0.940105,-0.003824,-0.340863,1.761666,0.532551,-6.635575,0.000491
94,0.783333,0.000404,0.940131,-0.003800,-0.340791,1.760385,0.532513,-6.634320,0.000479
95,0.791667,0.000467,0.940152,-0.003761,-0.340734,1.759123,0.532469,-6.633081,0.000485
96,0.800000,0.000344,0.940180,-0.003835,-0.340655,1.757844,0.532447,-6.631837,0.000463
97,0.808333,0.000386,0.940212,-0.003762,-0.340569,1.756537,0.532418,-6.630602,0.000477
98,0.816667,0.000315,0.940240,-0.003812,-0.340492,1.755254,0.532375,-6.629348,0.000470
99,0.825000,0.000322,0.940266,-0.003765,-0.340421,1.753964,0.532411,-6.628123,0.000493
100,0.833333,0.000321,0.940287,-0.003699,-0.340362,1.752653,0.532371,-6.626862,0.000461
101,0.841667,0.000667,0.940344,-0.003633,-0.340206,1.751384,0.532555,-6.625648,0.000625
102,0.850000,0.000617,0.940370,-0.003581,-0.340135,1.750056,0.532503,-6.624366,0.000633
103,0.858333,0.000662,0.940412,-0.003537,-0.340020,1.748705,0.532488,-6.623099,0.000626
104,0.866667,0.000589,0.940425,-0.003560,-0.339983,1.747415,0.532478,-6.621827,0.000616
105,0.875000,0.000664,0.940459,-0.003521,-0.339889,1.746053,0.532469,-6.620574,0.000605
106,0.883333,0.000610,0.940491,-0.003524,-0.339801,1.744688,0.532427,-6.619306,0.000638
107,0.891667,0.000591,0.940520,-0.003529,-0.339719,1.743338,0.532423,-6.618016,0.000639
108,0.900000,0.000669,0.940544,-0.003479,-0.339652,1.742014,0.532412,-6.616716,0.000616
109,0.908333,0.000572,0.940569,-0.003490,-0.339584,1.740671,0.532421,-6.615412,0.000612
110,0.916667,0.000699,0.940616,-0.003511,-0.339455,1.739281,0.532418,-6.614152,0.000623
111,0.925000,0.000683,0.940640,-0.003452,-0.339387,1.737887,0.532388,-6.612845,0.000632
112,0.933333,0.000693,0.940676,-0.003436,-0.339288,1.736515,0.532405,-6.611537,0.000633
113,0.941667,0.000752,0.940710,-0.003462,-0.339193,1.735129,0.532378,-6.610227,0.000634
114,0.950000,0.000768,0.940717,-0.003481,-0.339173,1.733673,0.532280,-6.609000,0.001020
115,0.958333,0.000884,0.940728,-0.003653,-0.339141,1.732454,0.532368,-6.607593,0.000810
116,0.966667,0.000937,0.940755,-0.003654,-0.339065,1.731069,0.532397,-6.606291,0.000797
117,0.975000,0.000962,0.940794,-0.003607,-0.338959,1.729706,0.532393,-6.604972,0.000801
118,0.983333,0.001046,0.940847,-0.003483,-0.338813,1.728079,0.532244,-6.603736,0.001037
119,0.991667,0.001070,0.940869,-0.003565,-0.338750,1.726929,0.532420,-6.602326,0.000799
120,1.000000,0.001410,0.941100,-0.003434,-0.338107,1.724941,0.532311,-6.601256,0.000749
121,1.008333,0.001231,0.940926,-0.003584,-0.338592,1.724079,0.532394,-6.599654,0.000798
122,1.016667,0.001324,0.940984,-0.003407,-0.338431,1.722470,0.532259,-6.598404,0.001020
123,1.025000,0.001414,0.941006,-0.003523,-0.338370,1.721246,0.532368,-6.596975,0.000810
124,1.033333,0.001437,0.941048,-0.003552,-0.338250,1.719824,0.532382,-6.595613,0.000810
125,1.041667,0.001566,0.941089,-0.003432,-0.338138,1.718162,0.532213,-6.594367,0.001041
126,1.050000,0.001609,0.941126,-0.003406,-0.338035,1.716756,0.532183,-6.593009,0.001043
127,1.058333,0.001702,0.941158,-0.003464,-0.337944,1.715334,0.532231,-6.591629,0.001050
128,1.066667,0.002003,0.941382,-0.003344,-0.337320,1.713546,0.532293,-6.590447,0.000791
129,1.075000,0.001848,0.941222,-0.003521,-0.337765,1.712653,0.532386,-6.588829,0.000812
130,1.083333,0.002006,0.941272,-0.003407,-0.337627,1.711012,0.532262,-6.587553,0.001024
131,1.091667,0.002275,0.941444,-0.003593,-0.337144,1.709464,0.532459,-6.586241,0.000506
132,1.100000,0.002094,0.941311,-0.003531,-0.337516,1.708304,0.532405,-6.584711,0.000807
133,1.108333,0.002166,0.941363,-0.003404,-0.337371,1.706610,0.532241,-6.583397,0.001058
134,1.116667,0.002236,0.941400,-0.003366,-0.337269,1.705170,0.532276,-6.582021,0.001061
135,1.125000,0.002331,0.941441,-0.003411,-0.337154,1.703703,0.532281,-6.580626,0.001052
136,1.133333,0.002382,0.941472,-0.003506,-0.337065,1.702388,0.532421,-6.579150,0.000815
137,1.141667,0.002416,0.941493,-0.003438,-0.337007,1.700916,0.532424,-6.577756,0.000803
138,1.150000,0.002730,0.941736,-0.003272,-0.336326,1.698881,0.532430,-6.576615,0.000777
139,1.158333,0.002509,0.941641,-0.003133,-0.336594,1.697598,0.532333,-6.575039,0.000878
140,1.166667,0.002636,0.941667,-0.003103,-0.336522,1.696084,0.532347,-6.573628,0.000875
141,1.175000,0.002606,0.941708,-0.003206,-0.336407,1.694582,0.532380,-6.572221,0.000895
142,1.183333,0.003321,0.941689,-0.002719,-0.336458,1.692804,0.532213,-6.570908,0.001028
143,1.191667,0.002683,0.941773,-0.003166,-0.336225,1.691530,0.532443,-6.569380,0.000896
144,1.200000,0.002716,0.941799,-0.003173,-0.336152,1.690183,0.532584,-6.567866,0.000661
145,1.208333,0.002693,0.941839,-0.003158,-0.336038,1.688607,0.532593,-6.566442,0.000661
146,1.216667,0.002687,0.941866,-0.003137,-0.335965,1.687059,0.532606,-6.564971,0.000648
147,1.225000,0.002784,0.941920,-0.003037,-0.335813,1.685486,0.532674,-6.563596,0.000652
148,1.233333,0.002664,0.941962,-0.003043,-0.335696,1.683925,0.532684,-6.562147,0.000681
149,1.241667,0.003350,0.941953,-0.002568,-0.335719,1.681926,0.532390,-6.560862,0.001001
150,1.250000,0.002663,0.942031,-0.002871,-0.335502,1.680613,0.532643,-6.559311,0.000897
151,1.258333,0.002663,0.942059,-0.002844,-0.335425,1.678976,0.532664,-6.557874,0.000927
152,1.266667,0.002582,0.942114,-0.002735,-0.335271,1.677370,0.532710,-6.556406,0.000920
153,1.275000,0.003197,0.942092,-0.002373,-0.335331,1.675487,0.532530,-6.555020,0.001021
154,1.283333,0.002500,0.942180,-0.002621,-0.335088,1.674151,0.532814,-6.553453,0.000903
155,1.291667,0.002509,0.942217,-0.002650,-0.334983,1.672669,0.532931,-6.551942,0.000698
156,1.300000,0.002367,0.942256,-0.002595,-0.334874,1.671091,0.533092,-6.550472,0.000696
157,1.308333,0.002977,0.942250,-0.002222,-0.334890,1.669253,0.532917,-6.549043,0.000918
158,1.316667,0.002285,0.942330,-0.002427,-0.334670,1.667809,0.533203,-6.547481,0.000681
159,1.325000,0.002858,0.942334,-0.002002,-0.334657,1.665954,0.533023,-6.546059,0.000899
160,1.333333,0.002093,0.942408,-0.002239,-0.334452,1.664519,0.533280,-6.544483,0.000716
161,1.341667,0.002949,0.942555,-0.001942,-0.334033,1.662421,0.533280,-6.543200,0.000805
162,1.350000,0.002602,0.942458,-0.001626,-0.334310,1.660962,0.533199,-6.541535,0.000899
163,1.358333,0.001946,0.942522,-0.001949,-0.334133,1.659545,0.533483,-6.539963,0.000722
164,1.366667,0.002401,0.942530,-0.001482,-0.334108,1.657664,0.533367,-6.538516,0.000923
165,1.375000,0.002379,0.942572,-0.001320,-0.333992,1.655991,0.533426,-6.536994,0.000934
166,1.383333,0.002254,0.942624,-0.001173,-0.333846,1.654337,0.533485,-6.535489,0.000928
167,1.391667,0.002170,0.942646,-0.001012,-0.333785,1.652670,0.533563,-6.533945,0.000958
168,1.400000,0.001507,0.942723,-0.001215,-0.333570,1.651182,0.533811,-6.532336,0.000744
169,1.408333,0.000305,0.942634,-0.001509,-0.333824,1.649506,0.533419,-6.530558,0.000511
170,1.416667,0.001279,0.942803,-0.000932,-0.333346,1.647827,0.533959,-6.529236,0.000783
171,1.425000,0.001814,0.942829,-0.000349,-0.333273,1.645896,0.533848,-6.527732,0.000977
172,1.433333,0.001762,0.942847,-0.000142,-0.333221,1.644205,0.533894,-6.526156,0.000982
173,1.441667,0.000114,0.942694,-0.001406,-0.333656,1.642973,0.533912,-6.524240,0.000707
174,1.450000,0.000624,0.942813,-0.000373,-0.333321,1.640769,0.533719,-6.522746,0.000716
175,1.458333,-0.000135,0.942859,-0.000644,-0.333192,1.639321,0.533973,-6.521048,0.000583
176,1.466667,0.000570,0.942862,-0.000080,-0.333184,1.637380,0.533896,-6.519530,0.000747
177,1.475000,0.000466,0.942932,0.000182,-0.332984,1.635632,0.533989,-6.517927,0.000736
178,1.483333,-0.000398,0.942982,-0.000110,-0.332845,1.634168,0.534142,-6.516265,0.000598
179,1.491667,-0.000463,0.943022,0.000136,-0.332731,1.632484,0.534216,-6.514673,0.000597
180,1.500000,0.000285,0.943050,0.000695,-0.332649,1.630497,0.534183,-6.513152,0.000766
181,1.508333,0.000204,0.943101,0.000905,-0.332504,1.628772,0.534261,-6.511514,0.000766
182,1.516667,0.000150,0.943124,0.000931,-0.332439,1.627080,0.534315,-6.509871,0.000779
183,1.525000,-0.000166,0.943276,0.001165,-0.332007,1.625161,0.534265,-6.508450,0.000951
184,1.533333,-0.000824,0.943250,0.000892,-0.332080,1.623833,0.534523,-6.506578,0.000639
185,1.541667,-0.000856,0.943278,0.001007,-0.332001,1.622143,0.534643,-6.504911,0.000644
186,1.550000,-0.000065,0.943304,0.001566,-0.331926,1.620155,0.534557,-6.503380,0.000787
187,1.558333,-0.000118,0.943332,0.001676,-0.331847,1.618412,0.534628,-6.501753,0.000814
188,1.566667,-0.000154,0.943373,0.001833,-0.331729,1.616663,0.534691,-6.500091,0.000804
189,1.575000,-0.000895,0.943649,0.001175,-0.330945,1.614796,0.534917,-6.498690,0.000776
190,1.583333,-0.000953,0.943697,0.001423,-0.330808,1.613067,0.534978,-6.497032,0.000810
191,1.591667,-0.000235,0.943520,0.002169,-0.331308,1.611397,0.534850,-6.495159,0.000825
192,1.600000,-0.001061,0.943787,0.001580,-0.330550,1.609541,0.535109,-6.493741,0.000850
193,1.608333,-0.000268,0.943614,0.002356,-0.331038,1.607887,0.534947,-6.491859,0.000830
194,1.616667,-0.001098,0.943665,0.001988,-0.330895,1.606430,0.535143,-6.490103,0.000673
195,1.625000,-0.001124,0.943717,0.002045,-0.330746,1.604606,0.535152,-6.488453,0.000716
196,1.633333,-0.001053,0.943954,0.001810,-0.330070,1.602466,0.535322,-6.487114,0.000828
197,1.641667,-0.001219,0.944131,0.002798,-0.329556,1.600332,0.534591,-6.485636,0.000741
198,1.650000,-0.001231,0.944161,0.002831,-0.329472,1.598578,0.534656,-6.483947,0.000732
199,1.658333,-0.001191,0.944222,0.002834,-0.329296,1.596729,0.534651,-6.482267,0.000735
200,1.666667,-0.001372,0.944276,0.001962,-0.329147,1.594964,0.535307,-6.480521,0.000993
201,1.675000,-0.000862,0.944346,0.002549,-0.328942,1.592863,0.535070,-6.478980,0.001063
202,1.683333,-0.000919,0.944207,0.001985,-0.329344,1.591744,0.535504,-6.477129,0.000880
203,1.691667,-0.000322,0.944130,0.002563,-0.329562,1.589854,0.535246,-6.475389,0.001058
204,1.700000,-0.000778,0.944295,0.001823,-0.329095,1.588127,0.535572,-6.473793,0.000856
205,1.708333,-0.000837,0.944163,0.002135,-0.329471,1.586662,0.535549,-6.471830,0.000763
206,1.716667,-0.000131,0.944399,0.002336,-0.328793,1.584183,0.535394,-6.470582,0.000951
207,1.725000,-0.000682,0.944234,0.001982,-0.329269,1.583028,0.535571,-6.468466,0.000738
208,1.733333,-0.000639,0.944286,0.001871,-0.329119,1.581171,0.535623,-6.466842,0.000765
209,1.741667,-0.000618,0.944343,0.001861,-0.328956,1.579351,0.535649,-6.465149,0.000770
210,1.750000,-0.000407,0.944571,0.001499,-0.328302,1.577107,0.535695,-6.463778,0.000868
211,1.758333,-0.000286,0.944610,0.001516,-0.328190,1.575270,0.535751,-6.462121,0.000898
212,1.766667,0.000454,0.944442,0.001958,-0.328672,1.573518,0.535583,-6.460205,0.000887
213,1.775000,0.000562,0.944507,0.001935,-0.328485,1.571636,0.535617,-6.458533,0.000868
214,1.783333,0.000042,0.944740,0.001671,-0.327817,1.569360,0.535414,-6.457114,0.001181
215,1.791667,0.000746,0.944589,0.001647,-0.328249,1.567944,0.535644,-6.455201,0.000883
216,1.800000,0.000892,0.944638,0.001557,-0.328110,1.566004,0.535592,-6.453505,0.000874
217,1.808333,0.000020,0.944710,0.000887,-0.327907,1.564423,0.535709,-6.451731,0.000756
218,1.816667,0.000855,0.944966,0.001116,-0.327165,1.561848,0.535529,-6.450500,0.000963
219,1.825000,0.000378,0.945181,0.001058,-0.326546,1.559606,0.535402,-6.448894,0.001057
220,1.833333,0.000935,0.945149,0.000841,-0.326637,1.557920,0.535586,-6.447111,0.000983
221,1.841667,0.001182,0.944898,0.000908,-0.327361,1.556550,0.535600,-6.445099,0.000877
222,1.850000,0.001451,0.944874,0.000203,-0.327431,1.554911,0.535772,-6.443303,0.001092
223,1.858333,0.001069,0.945081,0.000508,-0.326835,1.552502,0.535467,-6.441701,0.001056
224,1.866667,0.001635,0.944959,-0.000084,-0.327184,1.551030,0.535746,-6.439916,0.001091
225,1.875000,0.000944,0.944967,-0.000756,-0.327164,1.549429,0.535838,-6.438104,0.000882
226,1.883333,0.001545,0.945162,0.000183,-0.326598,1.546965,0.535487,-6.436485,0.000858
227,1.891667,0.001502,0.945239,-0.000072,-0.326375,1.544990,0.535460,-6.434650,0.000980
228,1.900000,0.001529,0.945312,-0.000117,-0.326165,1.543003,0.535469,-6.432917,0.001006
229,1.908333,0.000819,0.945352,-0.000876,-0.326050,1.541356,0.535533,-6.431121,0.000837
230,1.916667,0.001603,0.945408,-0.000421,-0.325885,1.539128,0.535386,-6.429431,0.001006
231,1.925000,0.000996,0.945661,-0.001397,-0.325149,1.537061,0.535515,-6.427931,0.000993
232,1.933333,0.000564,0.945596,-0.001239,-0.325341,1.535249,0.535317,-6.425940,0.001069
233,1.941667,0.000573,0.945922,-0.001681,-0.324390,1.532711,0.535330,-6.424526,0.001166
234,1.950000,0.001916,0.945538,-0.001585,-0.325501,1.531528,0.535401,-6.422459,0.001217
235,1.958333,0.001537,0.946026,-0.001443,-0.324084,1.528701,0.535145,-6.421026,0.001125
236,1.966667,0.001982,0.945629,-0.001868,-0.325237,1.527546,0.535236,-6.418848,0.001216
237,1.975000,0.001293,0.945657,-0.002475,-0.325154,1.525875,0.535333,-6.417023,0.001020
238,1.983333,0.000700,0.946193,-0.002332,-0.323594,1.522869,0.534983,-6.415643,0.001154
239,1.991667,0.001818,0.945899,-0.001633,-0.324453,1.521350,0.534820,-6.413517,0.001000
240,2.000000,0.001346,0.945826,-0.002852,-0.324658,1.519893,0.535115,-6.411657,0.001023
241,2.008333,0.000727,0.946075,-0.002418,-0.323937,1.517424,0.534721,-6.409925,0.001119
242,2.016667,0.002018,0.945962,-0.002688,-0.324260,1.515631,0.534828,-6.408123,0.001188
243,2.025000,0.001989,0.946038,-0.002677,-0.324040,1.513605,0.534732,-6.406318,0.001238
244,2.033333,0.001861,0.946179,-0.002228,-0.323631,1.511343,0.534380,-6.404499,0.001027
245,2.041667,0.001955,0.946145,-0.002956,-0.323723,1.509613,0.534562,-6.402678,0.001206
246,2.050000,0.001940,0.946251,-0.002558,-0.323417,1.507348,0.534198,-6.401018,0.000909
247,2.058333,0.001305,0.946215,-0.003501,-0.323516,1.505866,0.534415,-6.399068,0.000911
248,2.066667,0.001098,0.946390,-0.003198,-0.323009,1.503609,0.534107,-6.397262,0.000782
249,2.075000,0.001373,0.946323,-0.003683,-0.323199,1.501839,0.534216,-6.395415,0.000899
250,2.083333,0.001325,0.946384,-0.003903,-0.323017,1.499818,0.534103,-6.393580,0.000882
251,2.091667,0.001329,0.946934,-0.003137,-0.321410,1.496392,0.533527,-6.392267,0.001257
252,2.100000,0.001989,0.946519,-0.003750,-0.322621,1.495476,0.533790,-6.389956,0.001092
253,2.108333,0.001308,0.947060,-0.003300,-0.321037,1.492337,0.533291,-6.388602,0.001268
254,2.116667,0.002113,0.946640,-0.003801,-0.322265,1.491429,0.533592,-6.386333,0.001122
255,2.125000,0.002111,0.946722,-0.003957,-0.322020,1.489355,0.533451,-6.384491,0.001128
256,2.133333,0.002076,0.946783,-0.003962,-0.321841,1.487352,0.533374,-6.382670,0.001095
257,2.141667,0.002182,0.946827,-0.004175,-0.321708,1.485368,0.533236,-6.380819,0.001101
258,2.150000,0.001429,0.946877,-0.004587,-0.321561,1.483592,0.533249,-6.378873,0.000909
259,2.158333,0.001477,0.947433,-0.003826,-0.319928,1.480139,0.532605,-6.377572,0.001255
260,2.166667,0.001498,0.947019,-0.004757,-0.321139,1.479559,0.533100,-6.375184,0.000905
261,2.175000,0.001842,0.947279,-0.003958,-0.320379,1.476717,0.532536,-6.373558,0.001141
262,2.183333,0.002277,0.947152,-0.004499,-0.320746,1.475177,0.532726,-6.371603,0.001120
263,2.191667,0.001858,0.947402,-0.004145,-0.320013,1.472566,0.532267,-6.369891,0.001149
264,2.200000,0.002347,0.947267,-0.004638,-0.320402,1.471128,0.532523,-6.367925,0.001112
265,2.208333,0.001724,0.947821,-0.004199,-0.318772,1.467950,0.531980,-6.366548,0.001251
266,2.216667,0.001753,0.947894,-0.004181,-0.318553,1.465904,0.531823,-6.364692,0.001208
267,2.225000,0.002562,0.947472,-0.004832,-0.319791,1.464972,0.532144,-6.362408,0.001121
268,2.233333,0.001852,0.948023,-0.004320,-0.318168,1.461834,0.531639,-6.361036,0.001260
269,2.241667,0.001948,0.948090,-0.004388,-0.317965,1.459800,0.531519,-6.359182,0.001216
270,2.250000,0.002682,0.947961,-0.004494,-0.318342,1.458192,0.531554,-6.357249,0.001155
271,2.258333,0.002753,0.948036,-0.004515,-0.318119,1.456116,0.531474,-6.355422,0.001143
272,2.266667,0.002156,0.948283,-0.004479,-0.317388,1.453651,0.531251,-6.353693,0.001229
273,2.275000,0.002798,0.948177,-0.004603,-0.317696,1.452081,0.531292,-6.351742,0.001144
274,2.283333,0.002374,0.948423,-0.004512,-0.316968,1.449562,0.531026,-6.349993,0.001206
275,2.291667,0.003077,0.948299,-0.004611,-0.317331,1.447933,0.531105,-6.348090,0.001124
276,2.300000,0.003112,0.948368,-0.004655,-0.317124,1.445907,0.530993,-6.346266,0.001103
277,2.308333,0.002604,0.948618,-0.004563,-0.316379,1.443493,0.530810,-6.344519,0.001190
278,2.316667,0.003186,0.948519,-0.004548,-0.316672,1.441845,0.530801,-6.342581,0.001098
279,2.325000,0.002806,0.948760,-0.004494,-0.315953,1.439308,0.530589,-6.340845,0.001184
280,2.333333,0.002893,0.948831,-0.004501,-0.315738,1.437302,0.530537,-6.339001,0.001171
281,2.341667,0.003530,0.948725,-0.004594,-0.316049,1.435693,0.530613,-6.337090,0.001100
282,2.350000,0.003638,0.948795,-0.004550,-0.315838,1.433577,0.530563,-6.335229,0.001086
283,2.358333,0.003115,0.949016,-0.004503,-0.315182,1.431112,0.530328,-6.333483,0.001170
284,2.366667,0.003127,0.949098,-0.004435,-0.314935,1.429080,0.530293,-6.331651,0.001169
285,2.375000,0.003230,0.949182,-0.004310,-0.314683,1.426967,0.530192,-6.329816,0.001199
286,2.383333,0.003312,0.949241,-0.004368,-0.314501,1.424952,0.530149,-6.327931,0.001165
287,2.391667,0.003372,0.949310,-0.004267,-0.314295,1.422817,0.530054,-6.326127,0.001174
288,2.400000,0.002924,0.949333,-0.004846,-0.314221,1.421168,0.530399,-6.324200,0.001112
289,2.408333,0.003993,0.949290,-0.004376,-0.314345,1.419128,0.530166,-6.322343,0.001029
290,2.416667,0.003994,0.949363,-0.004234,-0.314128,1.416999,0.530099,-6.320504,0.001036
291,2.425000,0.003573,0.949591,-0.004111,-0.313444,1.414527,0.529958,-6.318729,0.001171
292,2.433333,0.003563,0.949668,-0.004002,-0.313213,1.412440,0.529918,-6.316831,0.001149
293,2.441667,0.003600,0.949748,-0.003958,-0.312971,1.410317,0.529860,-6.314997,0.001146
294,2.450000,0.003547,0.949809,-0.003915,-0.312785,1.408252,0.529880,-6.313098,0.001171
295,2.458333,0.003659,0.949885,-0.003807,-0.312554,1.406108,0.529800,-6.311262,0.001152
296,2.466667,0.004113,0.949798,-0.003756,-0.312814,1.404425,0.529920,-6.309321,0.001050
297,2.475000,0.003659,0.950034,-0.003674,-0.312104,1.401936,0.529759,-6.307527,0.001164
298,2.483333,0.004068,0.949971,-0.003615,-0.312290,1.400185,0.529898,-6.305543,0.001025
299,2.491667,0.003573,0.950167,-0.003502,-0.311702,1.397670,0.529742,-6.303769,0.001149
300,2.500000,0.003084,0.950217,-0.003988,-0.311548,1.395901,0.530055,-6.301768,0.001070
301,2.508333,0.003648,0.950236,-0.003151,-0.311493,1.393631,0.529697,-6.299963,0.001045
302,2.516667,0.003402,0.950228,-0.003865,-0.311512,1.392022,0.530148,-6.297964,0.000921
303,2.525000,0.003480,0.950493,-0.002698,-0.310715,1.389002,0.529164,-6.296185,0.000987
304,2.533333,0.003366,0.950563,-0.003050,-0.310500,1.386938,0.529760,-6.294357,0.001192
305,2.541667,0.003247,0.950649,-0.002447,-0.310242,1.384700,0.529172,-6.292406,0.000957
306,2.550000,0.003288,0.950572,-0.002612,-0.310477,1.382834,0.529241,-6.290294,0.001209
307,2.558333,0.002607,0.950728,-0.002938,-0.310000,1.380863,0.529531,-6.288496,0.000922
308,2.566667,0.003537,0.950731,-0.002503,-0.309988,1.378592,0.529449,-6.286636,0.000732
309,2.575000,0.003328,0.950815,-0.002435,-0.309732,1.376393,0.529470,-6.284758,0.000722
310,2.583333,0.002911,0.950944,-0.002307,-0.309341,1.374121,0.529832,-6.283012,0.001069
311,2.591667,0.003264,0.951011,-0.001978,-0.309134,1.371794,0.529411,-6.281001,0.000756
312,2.600000,0.003135,0.951078,-0.001922,-0.308929,1.369590,0.529478,-6.279128,0.000785
313,2.608333,0.002575,0.951302,-0.001695,-0.308246,1.367022,0.529364,-6.277305,0.000974
314,2.616667,0.002958,0.951225,-0.001821,-0.308480,1.365133,0.529558,-6.275371,0.000820
315,2.625000,0.002302,0.951454,-0.001423,-0.307778,1.362486,0.529355,-6.273506,0.000952
316,2.633333,0.002123,0.951530,-0.001330,-0.307546,1.360274,0.529426,-6.271618,0.001017
317,2.641667,0.001987,0.951610,-0.001251,-0.307299,1.358026,0.529478,-6.269760,0.000972
318,2.650000,0.002321,0.951542,-0.001544,-0.307505,1.356174,0.529734,-6.267791,0.000774
319,2.658333,0.001813,0.951689,-0.001175,-0.307057,1.353747,0.529606,-6.265960,0.000754
320,2.666667,0.001617,0.951840,-0.001080,-0.306588,1.351238,0.529628,-6.264104,0.000989
321,2.675000,0.001441,0.951927,-0.000922,-0.306320,1.348950,0.529664,-6.262246,0.000996
322,2.683333,0.001299,0.952016,-0.000893,-0.306046,1.346644,0.529739,-6.260332,0.001003
323,2.691667,0.001169,0.952090,-0.000866,-0.305814,1.344350,0.529810,-6.258454,0.000999
324,2.700000,0.000937,0.952162,-0.000791,-0.305592,1.342060,0.529833,-6.256579,0.000979
325,2.708333,0.000767,0.952222,-0.000804,-0.305406,1.339772,0.529886,-6.254698,0.000987
326,2.716667,0.000635,0.952312,-0.000737,-0.305125,1.337469,0.529970,-6.252831,0.001006
327,2.725000,0.000959,0.952259,-0.000967,-0.305289,1.335583,0.530235,-6.250900,0.000801
328,2.733333,0.000822,0.952218,-0.000977,-0.305416,1.333406,0.530259,-6.248838,0.000996
329,2.741667,0.000585,0.952424,-0.000796,-0.304773,1.330935,0.530325,-6.247159,0.000802
330,2.750000,0.000071,0.952616,-0.000572,-0.304176,1.328281,0.530240,-6.245308,0.001000
331,2.758333,0.000152,0.952664,-0.000633,-0.304023,1.326019,0.530388,-6.243424,0.000983
332,2.766667,0.000173,0.952633,-0.000898,-0.304122,1.323979,0.530551,-6.241507,0.000790
333,2.775000,-0.000664,0.952897,-0.001264,-0.303292,1.321621,0.530843,-6.239380,0.001001
334,2.783333,-0.001005,0.952936,-0.001179,-0.303168,1.319339,0.530766,-6.237503,0.000877
335,2.791667,-0.000921,0.953036,-0.001267,-0.302854,1.316981,0.530956,-6.235632,0.000969
336,2.800000,-0.000968,0.953030,-0.001389,-0.302873,1.314856,0.531030,-6.233744,0.000821
337,2.808333,-0.001137,0.953187,-0.001198,-0.302378,1.312304,0.531083,-6.231898,0.001018
338,2.816667,-0.001528,0.953327,-0.001047,-0.301935,1.309802,0.530995,-6.230036,0.001086
339,2.825000,-0.000544,0.953174,-0.000703,-0.302422,1.307728,0.531074,-6.228341,0.000737
340,2.833333,-0.000931,0.953349,-0.000516,-0.301869,1.305042,0.530988,-6.226534,0.001038
341,2.841667,-0.001290,0.953444,-0.000430,-0.301566,1.302595,0.530942,-6.224671,0.001002
342,2.850000,-0.001608,0.953440,-0.001008,-0.301578,1.300775,0.531382,-6.222672,0.000970
343,2.858333,-0.000425,0.953299,-0.000948,-0.302026,1.298158,0.531254,-6.220951,0.000853
344,2.866667,-0.001152,0.953641,-0.000573,-0.300944,1.295703,0.531266,-6.218988,0.000990
345,2.875000,-0.001529,0.953819,-0.000293,-0.300377,1.292993,0.531170,-6.217216,0.001124
346,2.883333,-0.001257,0.953716,-0.000713,-0.300705,1.291268,0.531421,-6.215184,0.000755
347,2.891667,-0.001350,0.953885,-0.000425,-0.300168,1.288689,0.531413,-6.213324,0.001025
348,2.900000,-0.001349,0.953983,-0.000475,-0.299858,1.286363,0.531512,-6.211442,0.001025
349,2.908333,-0.001388,0.954049,-0.000492,-0.299647,1.284034,0.531578,-6.209545,0.001070
350,2.916667,-0.001476,0.954120,-0.000448,-0.299421,1.281708,0.531628,-6.207629,0.001029
351,2.925000,-0.001257,0.954117,-0.000520,-0.299431,1.279378,0.531664,-6.205759,0.000941
352,2.933333,-0.001482,0.954262,-0.000471,-0.298968,1.277044,0.531734,-6.203838,0.001056
353,2.941667,-0.001316,0.954289,-0.000648,-0.298881,1.274329,0.531607,-6.202041,0.001127
354,2.950000,-0.001716,0.954520,-0.000208,-0.298143,1.271871,0.531612,-6.200132,0.001053
355,2.958333,-0.001341,0.954386,-0.000639,-0.298574,1.269480,0.531574,-6.198309,0.001095
356,2.966667,-0.001719,0.954699,-0.000159,-0.297570,1.267214,0.531655,-6.196345,0.001097
357,2.975000,-0.001642,0.954751,-0.000231,-0.297403,1.264825,0.531701,-6.194455,0.001036
358,2.983333,-0.001267,0.954699,-0.000276,-0.297570,1.263123,0.531975,-6.192453,0.000817
359,2.991667,-0.001795,0.954781,-0.000864,-0.297304,1.261008,0.532260,-6.190480,0.001000
360,3.000000,-0.001435,0.955021,-0.000148,-0.296536,1.257747,0.531816,-6.188746,0.001111
361,3.008333,-0.001391,0.955086,-0.000110,-0.296327,1.255393,0.531821,-6.186848,0.001093
362,3.016667,-0.002150,0.955151,-0.000797,-0.296110,1.253413,0.532038,-6.184902,0.001185
363,3.025000,-0.000752,0.955015,-0.000368,-0.296556,1.250678,0.531792,-6.183129,0.000934
364,3.033333,-0.001722,0.955321,-0.000596,-0.295566,1.248706,0.532157,-6.181064,0.001208
365,3.041667,-0.001101,0.955437,-0.000000,-0.295192,1.245969,0.531891,-6.179263,0.001078
366,3.050000,-0.000445,0.955289,-0.000655,-0.295673,1.243662,0.531932,-6.177454,0.001133
367,3.058333,-0.000856,0.955597,-0.000105,-0.294676,1.241271,0.531937,-6.175439,0.001066
368,3.066667,-0.000566,0.955626,-0.000370,-0.294581,1.239174,0.532065,-6.173559,0.001126
369,3.075000,-0.000687,0.955754,-0.000077,-0.294166,1.236738,0.531971,-6.171619,0.001005
370,3.083333,-0.001109,0.955768,-0.000607,-0.294120,1.234723,0.532180,-6.169652,0.001025
371,3.091667,-0.001041,0.955928,-0.000564,-0.293599,1.232115,0.532154,-6.167792,0.001172
372,3.100000,0.000029,0.955995,-0.000158,-0.293384,1.229730,0.532115,-6.165922,0.001100
373,3.108333,-0.000825,0.956125,-0.000563,-0.292956,1.227330,0.532130,-6.163990,0.001199
374,3.116667,-0.000025,0.956263,0.000014,-0.292509,1.224423,0.531826,-6.162169,0.001087
375,3.125000,0.000334,0.956168,-0.000413,-0.292819,1.221824,0.531708,-6.160430,0.001082
376,3.133333,-0.000438,0.956398,-0.000636,-0.292064,1.220141,0.532068,-6.158336,0.001151
377,3.141667,0.000331,0.956480,-0.000227,-0.291797,1.217514,0.531816,-6.156514,0.001023
378,3.150000,-0.000188,0.956586,-0.000651,-0.291450,1.215246,0.531980,-6.154588,0.001165
379,3.158333,-0.000075,0.956676,-0.000729,-0.291153,1.212808,0.531968,-6.152701,0.001217
380,3.166667,0.000705,0.956806,-0.000216,-0.290725,1.210004,0.531705,-6.150927,0.001090
381,3.175000,0.000433,0.956743,-0.001075,-0.290933,1.208372,0.532046,-6.148962,0.001109
382,3.183333,0.001578,0.956377,-0.002083,-0.292125,1.206890,0.532656,-6.146433,0.001015
383,3.191667,0.001132,0.957094,-0.000384,-0.289777,1.202657,0.531621,-6.145291,0.001161
384,3.200000,0.001508,0.957103,-0.000618,-0.289745,1.200696,0.531764,-6.143393,0.001084
385,3.208333,0.001210,0.957264,-0.000609,-0.289211,1.197697,0.531399,-6.141634,0.001094
386,3.216667,0.002092,0.956583,-0.002129,-0.291445,1.196815,0.532127,-6.139025,0.001217
387,3.225000,0.000941,0.957314,-0.001534,-0.289045,1.193084,0.531487,-6.137808,0.001161
388,3.233333,0.002137,0.957297,-0.001018,-0.289096,1.190391,0.531315,-6.136040,0.000944
389,3.241667,0.001028,0.957608,-0.001480,-0.288070,1.188305,0.531503,-6.134061,0.001274
390,3.250000,0.001671,0.957586,-0.001456,-0.288137,1.186361,0.531718,-6.132084,0.001036
391,3.258333,0.001251,0.957780,-0.001659,-0.287495,1.183307,0.531414,-6.130321,0.001285
392,3.266667,0.002191,0.957943,-0.000832,-0.286949,1.180535,0.531196,-6.128497,0.001114
393,3.275000,0.001507,0.957883,-0.001807,-0.287150,1.178677,0.531400,-6.126552,0.001116
394,3.283333,0.002067,0.957488,-0.002479,-0.288456,1.177264,0.531653,-6.124090,0.000998
395,3.291667,0.002171,0.957924,-0.002298,-0.287003,1.173418,0.531208,-6.122900,0.001309
396,3.300000,0.002613,0.958164,-0.001435,-0.286203,1.170790,0.530990,-6.121010,0.000949
397,3.308333,0.001949,0.958259,-0.002066,-0.285889,1.168682,0.531175,-6.119046,0.001083
398,3.316667,0.002419,0.958397,-0.001901,-0.285421,1.165968,0.531092,-6.117231,0.001243
399,3.325000,0.002559,0.958332,-0.002427,-0.285636,1.164073,0.531291,-6.115284,0.000761
400,3.333333,0.003134,0.958540,-0.001419,-0.284938,1.160962,0.530865,-6.113511,0.000961
401,3.341667,0.003653,0.957937,-0.003049,-0.286939,1.159653,0.531450,-6.110929,0.001152
402,3.350000,0.004310,0.958468,-0.002443,-0.285158,1.156042,0.530980,-6.109818,0.001114
403,3.358333,0.002594,0.958763,-0.002208,-0.284187,1.153942,0.531045,-6.107759,0.001087
404,3.366667,0.003615,0.958754,-0.002383,-0.284203,1.149973,0.530367,-6.106187,0.000868
405,3.375000,0.003088,0.958845,-0.002765,-0.283901,1.148210,0.530738,-6.104145,0.001419
406,3.383333,0.002691,0.959108,-0.002477,-0.283018,1.146011,0.530787,-6.102169,0.001265
407,3.391667,0.002925,0.959136,-0.002386,-0.282919,1.143929,0.530905,-6.100180,0.001079
408,3.400000,0.003907,0.959060,-0.002335,-0.283167,1.140594,0.530378,-6.098521,0.000946
409,3.408333,0.003796,0.959343,-0.002144,-0.282210,1.138540,0.530632,-6.096464,0.001134
410,3.416667,0.003552,0.959308,-0.002633,-0.282327,1.135844,0.530653,-6.094637,0.001379
411,3.425000,0.004043,0.959204,-0.003728,-0.282662,1.133996,0.530987,-6.092625,0.001053
412,3.433333,0.003763,0.959679,-0.001827,-0.281067,1.130737,0.530459,-6.090777,0.001161
413,3.441667,0.003953,0.958922,-0.003732,-0.283617,1.129578,0.530914,-6.088165,0.001241
414,3.450000,0.004434,0.959609,-0.002603,-0.281291,1.125760,0.530456,-6.086991,0.001257
415,3.458333,0.003231,0.959812,-0.002600,-0.280615,1.123953,0.530742,-6.084892,0.001096
416,3.466667,0.003818,0.960007,-0.002170,-0.279943,1.120572,0.530366,-6.083127,0.001158
417,3.475000,0.003766,0.959711,-0.003293,-0.280946,1.118968,0.530709,-6.081140,0.001115
418,3.483333,0.003737,0.960128,-0.002236,-0.279527,1.115870,0.530350,-6.079229,0.001056
419,3.491667,0.003853,0.960022,-0.003096,-0.279881,1.113099,0.530410,-6.077365,0.001279
420,3.500000,0.003928,0.959981,-0.002957,-0.280021,1.111535,0.530746,-6.075299,0.001107
421,3.508333,0.003736,0.960281,-0.002545,-0.279000,1.108972,0.530775,-6.073284,0.001084
422,3.516667,0.004279,0.960289,-0.002388,-0.278963,1.104971,0.530136,-6.071641,0.000951
423,3.525000,0.004646,0.960147,-0.003818,-0.279431,1.103779,0.531125,-6.069441,0.001300
424,3.533333,0.004510,0.959882,-0.003358,-0.280349,1.102119,0.531132,-6.066847,0.001182
425,3.541667,0.003869,0.960142,-0.003409,-0.279466,1.099955,0.531376,-6.064865,0.000985
426,3.550000,0.003731,0.960753,-0.001784,-0.277375,1.096054,0.530538,-6.063600,0.000876
427,3.558333,0.003502,0.960680,-0.002437,-0.277626,1.093212,0.530580,-6.061598,0.001686
428,3.566667,0.003564,0.960666,-0.002621,-0.277671,1.090563,0.530494,-6.059632,0.001491
429,3.575000,0.003498,0.960849,-0.002472,-0.277039,1.088030,0.530522,-6.057708,0.001564
430,3.583333,0.002813,0.961073,-0.002052,-0.276274,1.086092,0.530821,-6.055634,0.001434
431,3.591667,0.002591,0.961353,-0.001730,-0.275302,1.082971,0.530691,-6.053661,0.001611
432,3.600000,0.003273,0.961069,-0.002300,-0.276279,1.080607,0.530635,-6.051815,0.001484
433,3.608333,0.003221,0.961127,-0.002363,-0.276079,1.077489,0.530565,-6.049951,0.001509
434,3.616667,0.003132,0.961247,-0.002163,-0.275664,1.075491,0.530708,-6.047914,0.001490
435,3.625000,0.002569,0.961398,-0.001863,-0.275143,1.073674,0.531034,-6.045819,0.001218
436,3.633333,0.002883,0.961401,-0.002042,-0.275129,1.069775,0.530631,-6.044095,0.001520
437,3.641667,0.002560,0.961535,-0.001858,-0.274664,1.067840,0.530877,-6.042048,0.001586
438,3.650000,0.002651,0.961535,-0.002367,-0.274659,1.065619,0.531210,-6.040012,0.001600
439,3.658333,0.002612,0.961623,-0.002261,-0.274351,1.063031,0.531271,-6.038071,0.001591
440,3.666667,0.002590,0.961692,-0.001908,-0.274113,1.060270,0.530973,-6.036169,0.001351
441,3.675000,0.002339,0.961794,-0.001681,-0.273760,1.057794,0.531132,-6.034206,0.001449
442,3.683333,0.002076,0.962013,-0.001458,-0.272991,1.055173,0.531121,-6.032246,0.001465
443,3.691667,0.002521,0.962028,-0.001220,-0.272937,1.051446,0.530668,-6.030514,0.001277
444,3.700000,0.002114,0.962047,-0.001568,-0.272873,1.049729,0.531187,-6.028467,0.001617
445,3.708333,0.002723,0.962178,-0.001133,-0.272407,1.046777,0.530936,-6.026556,0.001218
446,3.716667,0.002486,0.962272,-0.001143,-0.272074,1.044147,0.530956,-6.024660,0.001229
447,3.725000,0.001233,0.962583,-0.000978,-0.270984,1.041155,0.531006,-6.022835,0.001712
448,3.733333,0.001647,0.962407,-0.001884,-0.271600,1.039392,0.531409,-6.020777,0.001510
449,3.741667,0.001459,0.962434,-0.001513,-0.271509,1.036196,0.531088,-6.018947,0.001460
450,3.750000,0.001096,0.962840,-0.000772,-0.270069,1.033126,0.530925,-6.017119,0.001606
451,3.758333,0.000920,0.962698,-0.001240,-0.270575,1.031603,0.531349,-6.015068,0.001438
452,3.766667,0.001004,0.962767,-0.001206,-0.270327,1.028742,0.531315,-6.013200,0.001639
453,3.775000,0.000756,0.962915,-0.001156,-0.269801,1.025813,0.531161,-6.011377,0.001463
454,3.783333,0.000764,0.962890,-0.001843,-0.269888,1.023281,0.531403,-6.009415,0.001554
455,3.791667,0.000281,0.963306,-0.001000,-0.268404,1.019867,0.530954,-6.007710,0.001609
456,3.800000,-0.000632,0.963613,-0.000692,-0.267301,1.017608,0.531211,-6.005656,0.001693
457,3.808333,0.000099,0.963251,-0.001890,-0.268598,1.015624,0.531559,-6.003812,0.001662
458,3.816667,0.000392,0.963334,-0.001503,-0.268301,1.012628,0.531204,-6.001963,0.001534
459,3.825000,-0.000046,0.963647,-0.001133,-0.267176,1.008906,0.530893,-6.000265,0.001500
460,3.833333,-0.000182,0.963574,-0.001371,-0.267437,1.007407,0.531133,-5.998222,0.001264
461,3.841667,0.000004,0.963566,-0.001570,-0.267468,1.004351,0.531097,-5.996364,0.001496
462,3.850000,-0.000201,0.963703,-0.001937,-0.266969,1.002823,0.531767,-5.994337,0.001557
463,3.858333,-0.000368,0.964074,-0.001134,-0.265630,0.998594,0.530917,-5.992694,0.001576
464,3.866667,-0.000059,0.964281,-0.000418,-0.264881,0.994928,0.530416,-5.990832,0.001494
465,3.875000,-0.000103,0.963933,-0.002172,-0.266137,0.994830,0.531823,-5.988693,0.001804
466,3.883333,0.000159,0.964499,-0.000449,-0.264087,0.990085,0.530456,-5.987073,0.001477
467,3.891667,-0.000694,0.964104,-0.001858,-0.265519,0.989321,0.531308,-5.985041,0.001775
468,3.900000,-0.000090,0.964687,-0.000592,-0.263398,0.984800,0.530374,-5.983335,0.001438
469,3.908333,-0.000264,0.964677,-0.000844,-0.263435,0.982137,0.530340,-5.981501,0.001553
470,3.916667,-0.000776,0.964427,-0.002051,-0.264340,0.981312,0.531132,-5.979477,0.001686
471,3.925000,-0.000253,0.965014,-0.000648,-0.262199,0.976726,0.530196,-5.977746,0.001635
472,3.933333,-0.000401,0.965035,-0.000948,-0.262120,0.973890,0.530192,-5.975965,0.001394
473,3.941667,-0.000232,0.965199,-0.000836,-0.261515,0.971474,0.530095,-5.974030,0.001629
474,3.950000,-0.000379,0.964862,-0.002564,-0.262743,0.969881,0.530849,-5.972234,0.001658
475,3.958333,-0.000687,0.965065,-0.001828,-0.262002,0.967624,0.530794,-5.970387,0.001616
476,3.966667,-0.000771,0.965402,-0.001481,-0.260761,0.964168,0.530245,-5.968550,0.001452
477,3.975000,-0.000848,0.965417,-0.001700,-0.260703,0.961845,0.530187,-5.966633,0.001299
478,3.983333,-0.000516,0.965506,-0.001689,-0.260374,0.958671,0.530070,-5.964911,0.001298
479,3.991667,-0.001086,0.965563,-0.001852,-0.260160,0.956195,0.529952,-5.962928,0.001462
480,4.000000,-0.000867,0.965624,-0.002072,-0.259934,0.953611,0.529892,-5.961118,0.001298
481,4.008333,-0.000787,0.965701,-0.002092,-0.259646,0.950990,0.529856,-5.959259,0.001264
482,4.016667,-0.000355,0.965455,-0.003047,-0.260551,0.948787,0.530190,-5.957284,0.001483
483,4.025000,0.000055,0.965604,-0.003491,-0.259993,0.946516,0.530468,-5.955409,0.001552
484,4.033333,0.000128,0.965716,-0.003481,-0.259577,0.943917,0.530452,-5.953581,0.001775
485,4.041667,0.000308,0.965810,-0.003688,-0.259226,0.941219,0.530325,-5.951804,0.001533
486,4.050000,0.000277,0.965914,-0.003734,-0.258837,0.938631,0.530275,-5.949979,0.001529
487,4.058333,0.000491,0.966111,-0.003287,-0.258105,0.936233,0.530094,-5.948220,0.001366
488,4.066667,0.000473,0.966114,-0.003976,-0.258083,0.933310,0.530141,-5.946376,0.001527
489,4.075000,0.000521,0.966196,-0.003960,-0.257778,0.930685,0.530083,-5.944531,0.001751
490,4.083333,0.000252,0.966255,-0.004134,-0.257554,0.927770,0.529908,-5.942791,0.001577
491,4.091667,0.001024,0.966474,-0.004202,-0.256730,0.925757,0.530136,-5.941015,0.001542
492,4.100000,0.000470,0.966419,-0.003861,-0.256943,0.922412,0.529581,-5.939205,0.001463
493,4.108333,0.000873,0.966605,-0.004442,-0.256233,0.920133,0.529845,-5.937458,0.001517
494,4.116667,0.001447,0.966799,-0.004443,-0.255495,0.917784,0.529985,-5.935756,0.001508
495,4.125000,0.001180,0.966784,-0.004648,-0.255552,0.914802,0.529826,-5.933932,0.001515
496,4.133333,0.001561,0.966995,-0.004706,-0.254746,0.912432,0.529854,-5.932211,0.001482
497,4.141667,0.001626,0.967098,-0.004687,-0.254355,0.909799,0.529833,-5.930455,0.001455
498,4.150000,0.001272,0.967129,-0.004383,-0.254247,0.906762,0.529397,-5.928704,0.001327
499,4.158333,0.001890,0.967288,-0.004938,-0.253627,0.904400,0.529700,-5.926968,0.001468
500,4.166667,0.001182,0.967266,-0.004635,-0.253718,0.901090,0.529194,-5.925208,0.001438
501,4.175000,0.001778,0.967411,-0.005123,-0.253152,0.898752,0.529532,-5.923459,0.001495
502,4.183333,0.001804,0.967500,-0.005264,-0.252809,0.896038,0.529495,-5.921721,0.001473
503,4.191667,0.001950,0.967608,-0.005280,-0.252396,0.893293,0.529459,-5.920004,0.001470
504,4.200000,0.001706,0.967720,-0.004783,-0.251976,0.890614,0.529202,-5.918279,0.001513
505,4.208333,0.002060,0.967790,-0.005247,-0.251696,0.887946,0.529361,-5.916569,0.001410
506,4.216667,0.001859,0.967899,-0.004956,-0.251283,0.885175,0.529125,-5.914820,0.001528
507,4.225000,0.002155,0.968004,-0.005558,-0.250865,0.882469,0.529339,-5.913129,0.001468
508,4.233333,0.002676,0.968162,-0.005503,-0.250251,0.880014,0.529494,-5.911413,0.001408
509,4.241667,0.002987,0.968288,-0.005589,-0.249757,0.877055,0.529488,-5.909739,0.001651
510,4.250000,0.002395,0.968310,-0.005503,-0.249679,0.873543,0.529163,-5.908082,0.001597
511,4.258333,0.001893,0.968331,-0.005273,-0.249609,0.871168,0.528883,-5.906230,0.001415
512,4.266667,0.002919,0.968593,-0.005669,-0.248569,0.868979,0.529525,-5.904627,0.001808
513,4.275000,0.002915,0.968701,-0.005218,-0.248160,0.865856,0.529103,-5.902894,0.001526
514,4.283333,0.002572,0.968698,-0.005629,-0.248166,0.862503,0.529113,-5.901163,0.001616
515,4.291667,0.002850,0.968868,-0.005751,-0.247496,0.860143,0.529210,-5.899503,0.001568
516,4.300000,0.002915,0.968931,-0.005679,-0.247247,0.857342,0.529227,-5.897814,0.001822
517,4.308333,0.003024,0.969083,-0.005694,-0.246651,0.854983,0.529424,-5.896069,0.001737
518,4.316667,0.002692,0.969163,-0.005347,-0.246347,0.851696,0.528902,-5.894385,0.001431
519,4.325000,0.001070,0.969876,-0.003798,-0.243568,0.848386,0.528435,-5.892999,0.001548
520,4.333333,0.002576,0.969850,-0.004003,-0.243655,0.844133,0.528178,-5.891295,0.001176
521,4.341667,0.001054,0.970174,-0.003642,-0.242378,0.843131,0.528450,-5.889657,0.001499
522,4.350000,0.002115,0.969949,-0.004407,-0.243260,0.839476,0.528309,-5.887809,0.001453
523,4.358333,0.001987,0.970052,-0.004239,-0.242853,0.836529,0.528264,-5.886079,0.001556
524,4.366667,0.002128,0.970165,-0.004182,-0.242399,0.834125,0.528471,-5.884242,0.001661
525,4.375000,0.001001,0.970494,-0.003698,-0.241095,0.831518,0.528349,-5.882740,0.001545
526,4.383333,0.000993,0.970585,-0.003733,-0.240726,0.828636,0.528322,-5.881030,0.001515
527,4.391667,0.001030,0.970698,-0.003789,-0.240269,0.826152,0.528416,-5.879313,0.001875
528,4.400000,0.001327,0.970659,-0.004310,-0.240418,0.823500,0.528273,-5.877414,0.001626
529,4.408333,0.002124,0.971094,-0.003231,-0.238667,0.819188,0.528313,-5.875667,0.001550
530,4.416667,0.001861,0.971072,-0.003456,-0.238753,0.816056,0.528226,-5.874046,0.001477
531,4.425000,0.002993,0.971017,-0.003737,-0.238962,0.813086,0.528039,-5.872187,0.001468
532,4.433333,0.002977,0.971103,-0.003448,-0.238617,0.810094,0.528099,-5.870539,0.001648
533,4.441667,0.002920,0.971211,-0.003661,-0.238175,0.807420,0.528058,-5.868771,0.001489
534,4.450000,0.001887,0.971431,-0.003059,-0.237294,0.804676,0.528264,-5.867217,0.001464
535,4.458333,0.003013,0.971550,-0.003329,-0.236794,0.801737,0.528039,-5.865183,0.001567
536,4.466667,0.002870,0.971712,-0.003225,-0.236128,0.799258,0.528183,-5.863669,0.001647
537,4.475000,0.002911,0.971729,-0.003254,-0.236059,0.796011,0.528007,-5.861732,0.001520
538,4.483333,0.001426,0.971972,-0.002499,-0.235080,0.793548,0.528369,-5.860312,0.001698
539,4.491667,0.002669,0.971821,-0.003192,-0.235684,0.790352,0.528111,-5.858473,0.001523
540,4.500000,0.001607,0.972302,-0.002261,-0.233713,0.788140,0.528430,-5.856861,0.001641
541,4.508333,0.002439,0.971921,-0.002994,-0.235274,0.784119,0.528155,-5.855195,0.001242
542,4.516667,0.002395,0.972012,-0.002907,-0.234900,0.781275,0.528222,-5.853484,0.001301
543,4.525000,0.002401,0.972220,-0.002873,-0.234040,0.778800,0.528237,-5.851673,0.001523
544,4.533333,0.002453,0.972491,-0.002607,-0.232914,0.776316,0.528267,-5.849972,0.001620
545,4.541667,0.001365,0.972529,-0.002093,-0.232768,0.773110,0.528497,-5.848403,0.001520
546,4.550000,0.001516,0.972767,-0.001681,-0.231774,0.769986,0.528381,-5.846786,0.001279
547,4.558333,0.001263,0.972897,-0.001677,-0.231228,0.767640,0.528609,-5.844963,0.001622
548,4.566667,0.001935,0.972688,-0.002197,-0.232098,0.764105,0.528394,-5.843209,0.001609
549,4.575000,0.001047,0.972958,-0.001667,-0.230973,0.761470,0.528624,-5.841675,0.001548
550,4.583333,0.001157,0.973207,-0.001347,-0.229924,0.758902,0.528730,-5.839910,0.001614
551,4.591667,0.000977,0.973134,-0.001504,-0.230231,0.755654,0.528764,-5.838237,0.001498
552,4.600000,0.001803,0.973086,-0.001751,-0.230430,0.752417,0.528622,-5.836492,0.001670
553,4.608333,0.000782,0.973614,-0.000839,-0.228199,0.750450,0.528988,-5.834838,0.001671
554,4.616667,0.000803,0.973592,-0.000954,-0.228292,0.747262,0.529009,-5.833149,0.001615
555,4.625000,0.000656,0.973525,-0.000872,-0.228579,0.743461,0.528858,-5.831687,0.001099
556,4.633333,0.000157,0.973757,-0.000658,-0.227589,0.741217,0.529152,-5.829860,0.001786
557,4.641667,0.000470,0.973934,-0.000535,-0.226830,0.738328,0.529240,-5.828230,0.001679
558,4.650000,0.000258,0.974097,-0.000356,-0.226128,0.735700,0.529280,-5.826506,0.001656
559,4.658333,0.000183,0.973915,-0.000520,-0.226911,0.732089,0.529233,-5.824914,0.001538
560,4.666667,-0.000332,0.974152,-0.000199,-0.225891,0.729426,0.529372,-5.823222,0.001777
561,4.675000,-0.000134,0.974411,0.000114,-0.224775,0.726822,0.529506,-5.821586,0.001710
562,4.683333,0.000741,0.974020,-0.000719,-0.226462,0.722519,0.529142,-5.820015,0.001178
563,4.691667,-0.000185,0.974307,-0.000018,-0.225224,0.720119,0.529580,-5.818312,0.001542
564,4.700000,-0.000291,0.974576,0.000242,-0.224056,0.717565,0.529714,-5.816611,0.001663
565,4.708333,0.000473,0.974398,-0.000425,-0.224827,0.713820,0.529400,-5.814951,0.001495
566,4.716667,-0.000563,0.974608,0.000241,-0.223916,0.711127,0.529768,-5.813429,0.001580
567,4.725000,0.000318,0.974584,-0.000218,-0.224020,0.707802,0.529538,-5.811671,0.001464
568,4.733333,-0.000840,0.975094,0.000990,-0.221788,0.705758,0.530048,-5.810100,0.001733
569,4.741667,-0.001041,0.975154,0.000964,-0.221524,0.702729,0.530123,-5.808463,0.001694
570,4.750000,-0.000926,0.974987,0.000701,-0.222259,0.699030,0.530092,-5.806919,0.001541
571,4.758333,-0.000966,0.975219,0.000985,-0.221237,0.696367,0.530235,-5.805214,0.001674
572,4.766667,-0.001157,0.975350,0.001117,-0.220658,0.693325,0.530321,-5.803655,0.001694
573,4.775000,-0.001524,0.975542,0.001309,-0.219805,0.690621,0.530467,-5.802004,0.001699
574,4.783333,-0.000501,0.975318,0.000535,-0.220805,0.686230,0.530028,-5.800616,0.000971
575,4.791667,-0.001548,0.975742,0.001555,-0.218913,0.684454,0.530634,-5.798832,0.001742
576,4.800000,-0.001607,0.975746,0.001314,-0.218894,0.681142,0.530666,-5.797265,0.001714
577,4.808333,-0.001833,0.975927,0.001649,-0.218081,0.678368,0.530773,-5.795670,0.001777
578,4.816667,-0.000704,0.975639,0.000593,-0.219382,0.674506,0.530448,-5.793992,0.001503
579,4.825000,-0.001850,0.976007,0.001471,-0.217725,0.671993,0.530903,-5.792485,0.001716
580,4.833333,-0.002041,0.976211,0.001724,-0.216804,0.669137,0.530993,-5.790942,0.001788
581,4.841667,-0.003035,0.976175,0.001807,-0.216958,0.665491,0.531196,-5.789226,0.001605
582,4.850000,-0.003501,0.975958,0.001601,-0.217927,0.662831,0.531231,-5.787117,0.001613
583,4.858333,-0.001529,0.975999,0.001466,-0.217766,0.658982,0.530531,-5.786165,0.001263
584,4.866667,-0.001857,0.976213,0.001757,-0.216798,0.656881,0.531127,-5.784344,0.001622
585,4.875000,-0.001898,0.976071,0.001271,-0.217440,0.652339,0.530671,-5.783139,0.000761
586,4.883333,-0.001665,0.976066,0.000722,-0.217465,0.649429,0.530792,-5.781287,0.001017
587,4.891667,-0.001985,0.976481,0.001755,-0.215587,0.647576,0.531312,-5.779738,0.001586
588,4.900000,-0.002272,0.976337,0.001387,-0.216239,0.642960,0.530875,-5.778428,0.000676
589,4.908333,-0.001652,0.976554,0.000545,-0.215264,0.639549,0.531045,-5.777317,0.000858
590,4.916667,-0.002536,0.976699,0.001376,-0.214594,0.637943,0.531519,-5.775315,0.001513
591,4.925000,-0.002065,0.976778,0.001169,-0.214240,0.634588,0.531533,-5.773863,0.001633
592,4.933333,-0.002252,0.976775,0.001298,-0.214251,0.630594,0.531111,-5.772419,0.000787
593,4.941667,-0.001819,0.976696,0.000337,-0.214620,0.627704,0.531150,-5.770574,0.001034
594,4.950000,-0.002314,0.976874,0.000841,-0.213802,0.625246,0.531507,-5.768880,0.001662
595,4.958333,-0.002599,0.977172,0.001169,-0.212432,0.622349,0.531724,-5.767764,0.001559
596,4.966667,-0.002234,0.977059,0.000647,-0.212958,0.619052,0.531493,-5.765866,0.001653
597,4.975000,-0.002029,0.977167,0.000562,-0.212461,0.615080,0.531156,-5.764840,0.000748
598,4.983333,-0.001966,0.977254,0.000462,-0.212062,0.611939,0.531189,-5.763370,0.000742
599,4.991667,-0.002150,0.977343,0.000482,-0.211650,0.608753,0.531224,-5.761773,0.000669
600,5.000000,-0.001842,0.977506,0.000153,-0.210900,0.606637,0.531667,-5.760270,0.001508
601,5.008333,-0.002077,0.977518,0.000352,-0.210843,0.602444,0.531251,-5.758808,0.000705
602,5.016667,-0.002260,0.977558,0.000200,-0.210655,0.600085,0.531666,-5.756807,0.001459
603,5.025000,-0.001675,0.977919,0.000429,-0.208976,0.597743,0.531755,-5.755571,0.001642
604,5.033333,-0.002108,0.977957,0.000258,-0.208796,0.594222,0.531820,-5.754306,0.001595
605,5.041667,-0.001798,0.977870,-0.000033,-0.209204,0.589956,0.531202,-5.752834,0.000673
606,5.050000,-0.001488,0.978183,0.000179,-0.207738,0.588358,0.531718,-5.751145,0.001617
607,5.058333,-0.001108,0.978089,-0.000707,-0.208185,0.583776,0.531245,-5.750230,0.000798
608,5.066667,-0.001220,0.978299,-0.000403,-0.207193,0.581454,0.531677,-5.748442,0.001560
609,5.075000,-0.001504,0.978225,-0.000452,-0.207541,0.578344,0.531481,-5.746548,0.001702
610,5.083333,-0.000637,0.978379,-0.001196,-0.206817,0.574450,0.531110,-5.745842,0.000810
611,5.091667,-0.000680,0.978348,-0.001104,-0.206962,0.571657,0.531178,-5.743717,0.001378
612,5.100000,-0.001412,0.978682,-0.000445,-0.205375,0.569060,0.531615,-5.742533,0.001575
613,5.108333,-0.000028,0.978577,-0.001733,-0.205875,0.565255,0.531136,-5.741117,0.001291
614,5.116667,0.000291,0.978838,-0.001561,-0.204632,0.562738,0.531133,-5.739628,0.001448
615,5.125000,0.000184,0.978799,-0.001710,-0.204815,0.559283,0.531053,-5.738199,0.001405
616,5.133333,0.000189,0.978847,-0.001847,-0.204586,0.555824,0.530965,-5.736778,0.001318
617,5.141667,0.000513,0.979131,-0.001626,-0.203223,0.553472,0.531011,-5.735318,0.001419
618,5.150000,0.000456,0.979072,-0.001910,-0.203507,0.549746,0.530870,-5.733840,0.001372
619,5.158333,0.000450,0.979148,-0.002025,-0.203140,0.546311,0.530762,-5.732393,0.001329
620,5.166667,0.000625,0.979264,-0.002034,-0.202579,0.543389,0.530706,-5.730917,0.001389
621,5.175000,0.000321,0.979369,-0.001849,-0.202072,0.539363,0.530707,-5.729545,0.001199
622,5.183333,0.000376,0.979461,-0.001950,-0.201623,0.536191,0.530600,-5.728086,0.001142
623,5.191667,0.000507,0.979547,-0.001960,-0.201205,0.533013,0.530510,-5.726629,0.001173
624,5.200000,0.000595,0.979657,-0.001982,-0.200667,0.529813,0.530429,-5.725172,0.001136
625,5.208333,0.000661,0.979729,-0.002048,-0.200317,0.526567,0.530345,-5.723745,0.001117
626,5.216667,0.001011,0.979817,-0.002123,-0.199883,0.523483,0.530286,-5.722320,0.000996
627,5.225000,0.001079,0.979929,-0.002207,-0.199331,0.520271,0.530170,-5.720930,0.001005
628,5.233333,0.001147,0.980006,-0.002191,-0.198954,0.517128,0.530052,-5.719406,0.000992
629,5.241667,0.001168,0.980097,-0.002120,-0.198507,0.513836,0.529996,-5.718049,0.000958
630,5.250000,0.001299,0.980187,-0.002179,-0.198056,0.510624,0.529908,-5.716574,0.000970
631,5.258333,0.001322,0.980287,-0.002131,-0.197562,0.507422,0.529792,-5.715125,0.000971
632,5.266667,0.001354,0.980384,-0.002104,-0.197084,0.504209,0.529704,-5.713723,0.000990
633,5.275000,0.001411,0.980472,-0.002049,-0.196643,0.500958,0.529570,-5.712277,0.000979
634,5.283333,0.001480,0.980575,-0.002063,-0.196129,0.497697,0.529534,-5.710872,0.000972
635,5.291667,0.001457,0.980668,-0.001885,-0.195664,0.494465,0.529428,-5.709420,0.001015
636,5.300000,0.001698,0.980894,-0.001883,-0.194528,0.491765,0.529319,-5.707942,0.001224
637,5.308333,0.001703,0.980977,-0.001692,-0.194110,0.488477,0.529260,-5.706528,0.001215
638,5.316667,0.001624,0.980942,-0.001877,-0.194283,0.484766,0.529074,-5.705139,0.000961
639,5.325000,0.001589,0.981036,-0.001856,-0.193810,0.481526,0.529023,-5.703723,0.000963
640,5.333333,0.001692,0.981143,-0.001743,-0.193268,0.478282,0.528899,-5.702303,0.000993
641,5.341667,0.001978,0.981319,-0.001839,-0.192371,0.475613,0.528872,-5.700866,0.001143
642,5.350000,0.001966,0.981260,-0.002093,-0.192667,0.471786,0.528733,-5.699480,0.000959
643,5.358333,0.001948,0.981375,-0.001697,-0.192086,0.468595,0.528672,-5.698117,0.000976
644,5.366667,0.001932,0.981465,-0.001734,-0.191622,0.465446,0.528567,-5.696621,0.000919
645,5.375000,0.001976,0.981565,-0.001619,-0.191112,0.462102,0.528499,-5.695285,0.000964
646,5.383333,0.002145,0.981761,-0.001519,-0.190103,0.459372,0.528538,-5.693846,0.001247
647,5.391667,0.002143,0.981730,-0.001719,-0.190257,0.455452,0.528336,-5.692407,0.001014
648,5.400000,0.002075,0.981850,-0.001529,-0.189643,0.452350,0.528303,-5.691059,0.001177
649,5.408333,0.002129,0.981922,-0.001464,-0.189271,0.449002,0.528207,-5.689555,0.000962
650,5.416667,0.002169,0.982021,-0.001419,-0.188754,0.445739,0.528137,-5.688114,0.000997
651,5.425000,0.002048,0.982169,-0.001005,-0.187988,0.442358,0.528020,-5.686704,0.000781
652,5.433333,0.001973,0.982267,-0.000767,-0.187476,0.439144,0.527995,-5.685273,0.001006
653,5.441667,0.002055,0.982334,-0.000797,-0.187122,0.435839,0.527870,-5.683845,0.000803
654,5.450000,0.002277,0.982484,-0.000586,-0.186333,0.432834,0.527854,-5.682431,0.001096
655,5.458333,0.002147,0.982531,-0.000624,-0.186085,0.429267,0.527778,-5.681007,0.000824
656,5.466667,0.002135,0.982611,-0.000480,-0.185662,0.426009,0.527688,-5.679569,0.000816
657,5.475000,0.002312,0.982765,-0.000318,-0.184842,0.423036,0.527700,-5.678132,0.001083
658,5.483333,0.002199,0.982792,-0.000284,-0.184701,0.419452,0.527619,-5.676695,0.000852
659,5.491667,0.002268,0.982956,-0.000114,-0.183828,0.416611,0.527633,-5.675316,0.001214
660,5.500000,0.002140,0.982991,-0.000032,-0.183642,0.413008,0.527578,-5.673873,0.000909
661,5.508333,0.002140,0.983076,0.000032,-0.183184,0.409775,0.527531,-5.672444,0.000966
662,5.516667,0.002139,0.983173,0.000157,-0.182666,0.406469,0.527514,-5.671023,0.000938
663,5.525000,0.002315,0.983305,0.000392,-0.181950,0.403494,0.527549,-5.669538,0.001200
664,5.533333,0.002473,0.983381,0.000292,-0.181535,0.400043,0.527418,-5.668011,0.001169
665,5.541667,0.002372,0.983429,0.000379,-0.181280,0.396572,0.527428,-5.666510,0.000819
666,5.550000,0.002450,0.983520,0.000529,-0.180783,0.393223,0.527425,-5.665127,0.000813
667,5.558333,0.002439,0.983602,0.000644,-0.180334,0.389961,0.527422,-5.663657,0.000841
668,5.566667,0.002618,0.983732,0.000858,-0.179620,0.386922,0.527452,-5.662241,0.001103
669,5.575000,0.002524,0.983784,0.000847,-0.179336,0.383435,0.527411,-5.660750,0.000822
670,5.583333,0.002384,0.983875,0.001046,-0.178840,0.380292,0.527475,-5.659481,0.001017
671,5.591667,0.002529,0.983952,0.001073,-0.178411,0.376910,0.527429,-5.657876,0.000852
672,5.600000,0.002620,0.984024,0.001200,-0.178014,0.373520,0.527492,-5.656425,0.000856
673,5.608333,0.002611,0.984122,0.001291,-0.177472,0.370286,0.527493,-5.654960,0.000811
674,5.616667,0.002653,0.984208,0.001382,-0.176991,0.367067,0.527559,-5.653565,0.000926
675,5.625000,0.002665,0.984286,0.001441,-0.176556,0.363780,0.527601,-5.652110,0.000902
676,5.633333,0.002725,0.984380,0.001527,-0.176026,0.360451,0.527589,-5.650683,0.000840
677,5.641667,0.002706,0.984461,0.001545,-0.175578,0.357225,0.527660,-5.649244,0.000931
678,5.650000,0.002757,0.984544,0.001618,-0.175111,0.353909,0.527684,-5.647812,0.000918
679,5.658333,0.002778,0.984627,0.001688,-0.174641,0.350664,0.527724,-5.646400,0.000915
680,5.666667,0.002777,0.984702,0.001768,-0.174217,0.347339,0.527762,-5.644956,0.000801
681,5.675000,0.002867,0.984796,0.001792,-0.173684,0.344101,0.527859,-5.643542,0.000929
682,5.683333,0.002858,0.984877,0.001821,-0.173222,0.340717,0.527876,-5.642159,0.000817
683,5.691667,0.002864,0.984951,0.001912,-0.172798,0.337424,0.527945,-5.640731,0.000854
684,5.700000,0.002871,0.985034,0.001945,-0.172326,0.334185,0.528018,-5.639329,0.000896
685,5.708333,0.002906,0.985120,0.001924,-0.171834,0.330947,0.528092,-5.637899,0.000934
686,5.716667,0.002914,0.985203,0.001982,-0.171354,0.327635,0.528142,-5.636544,0.000953
687,5.725000,0.002949,0.985289,0.001971,-0.170859,0.324345,0.528232,-5.635140,0.000927
688,5.733333,0.002879,0.985361,0.001964,-0.170445,0.321013,0.528264,-5.633762,0.000966
689,5.741667,0.002943,0.985443,0.001967,-0.169967,0.317750,0.528322,-5.632384,0.000967
690,5.750000,0.002989,0.985533,0.001820,-0.169446,0.314990,0.528311,-5.630707,0.001391
691,5.758333,0.002940,0.985593,0.001971,-0.169098,0.311172,0.528452,-5.629599,0.000938
692,5.766667,0.003128,0.985730,0.001985,-0.168296,0.308131,0.528546,-5.628274,0.001253
693,5.775000,0.002899,0.985812,0.002088,-0.167817,0.304371,0.528547,-5.627134,0.000502
694,5.783333,0.002922,0.985893,0.002082,-0.167341,0.300953,0.528581,-5.625802,0.000505
695,5.791667,0.002844,0.985898,0.001866,-0.167310,0.297993,0.528710,-5.624194,0.000987
696,5.800000,0.003014,0.986086,0.001968,-0.166200,0.294814,0.528706,-5.623120,0.001034
697,5.808333,0.002816,0.986067,0.001735,-0.166318,0.291378,0.528808,-5.621501,0.000966
698,5.816667,0.002857,0.986139,0.001665,-0.165889,0.287937,0.528866,-5.620134,0.000881
699,5.825000,0.002722,0.986223,0.001512,-0.165391,0.284667,0.528946,-5.618796,0.000941
700,5.833333,0.002779,0.986308,0.001440,-0.164882,0.281376,0.529019,-5.617483,0.000961
701,5.841667,0.002689,0.986381,0.001339,-0.164450,0.278037,0.529096,-5.616136,0.000947
702,5.850000,0.002713,0.986455,0.001281,-0.164005,0.274720,0.529158,-5.614828,0.000978
703,5.858333,0.002695,0.986496,0.001018,-0.163763,0.271561,0.529227,-5.613471,0.000942
704,5.866667,0.002766,0.986596,0.001028,-0.163153,0.268390,0.529322,-5.612222,0.000949
705,5.875000,0.002577,0.986671,0.000981,-0.162705,0.264858,0.529291,-5.610816,0.000896
706,5.883333,0.002526,0.986712,0.000731,-0.162460,0.261700,0.529366,-5.609557,0.000953
707,5.891667,0.002392,0.986821,0.000724,-0.161794,0.258323,0.529357,-5.608232,0.000893
708,5.900000,0.002331,0.986888,0.000624,-0.161388,0.254915,0.529419,-5.606949,0.000948
709,5.908333,0.002383,0.987070,0.000695,-0.160274,0.251736,0.529385,-5.605900,0.001029
710,5.916667,0.002189,0.987042,0.000440,-0.160450,0.248292,0.529459,-5.604325,0.000960
711,5.925000,0.002210,0.987155,0.000452,-0.159750,0.244978,0.529582,-5.603014,0.000915
712,5.933333,0.002144,0.987190,0.000333,-0.159537,0.241841,0.529637,-5.601724,0.000959
713,5.941667,0.002067,0.987333,0.000308,-0.158650,0.238181,0.529634,-5.600712,0.000536
714,5.950000,0.001919,0.987370,0.000109,-0.158422,0.234912,0.529669,-5.599091,0.000974
715,5.958333,0.001894,0.987418,-0.000083,-0.158118,0.231683,0.529683,-5.597793,0.000977
716,5.966667,0.001847,0.987502,-0.000150,-0.157596,0.228298,0.529692,-5.596495,0.000935
717,5.975000,0.001628,0.987588,-0.000248,-0.157060,0.224898,0.529651,-5.595187,0.000940
718,5.983333,0.001595,0.987642,-0.000344,-0.156719,0.221666,0.529654,-5.593943,0.000954
719,5.991667,0.001448,0.987731,-0.000379,-0.156162,0.218223,0.529656,-5.592639,0.000983
720,6.000000,0.001313,0.987864,-0.000339,-0.155313,0.214666,0.529607,-5.591590,0.000501
721,6.008333,0.001274,0.987859,-0.000622,-0.155348,0.211664,0.529650,-5.590032,0.000977
722,6.016667,0.001134,0.987927,-0.000820,-0.154913,0.208200,0.529661,-5.588717,0.000964
723,6.025000,0.001027,0.988008,-0.000860,-0.154396,0.204910,0.529623,-5.587422,0.001006
724,6.033333,0.000956,0.988081,-0.000977,-0.153930,0.201464,0.529661,-5.586120,0.000998
725,6.041667,0.000810,0.988161,-0.001094,-0.153417,0.198077,0.529600,-5.584808,0.000991
726,6.050000,0.000779,0.988281,-0.000927,-0.152640,0.194639,0.529505,-5.583782,0.000581
727,6.058333,0.000609,0.988349,-0.000954,-0.152202,0.191257,0.529469,-5.582538,0.000547
728,6.066667,0.000549,0.988441,-0.000936,-0.151605,0.187743,0.529357,-5.581123,0.000506
729,6.075000,0.000437,0.988500,-0.001111,-0.151216,0.184440,0.529332,-5.579883,0.000485
730,6.083333,0.000423,0.988565,-0.001189,-0.150788,0.181061,0.529309,-5.578547,0.000522
731,6.091667,0.000216,0.988628,-0.001166,-0.150379,0.177793,0.529276,-5.577291,0.000588
732,6.100000,0.000124,0.988698,-0.001189,-0.149917,0.174350,0.529241,-5.576018,0.000610
733,6.108333,0.000074,0.988766,-0.001240,-0.149470,0.170968,0.529220,-5.574722,0.000636
734,6.116667,-0.000063,0.988840,-0.001348,-0.148978,0.167619,0.529160,-5.573390,0.000637
735,6.125000,-0.000045,0.988907,-0.001246,-0.148528,0.164305,0.529085,-5.572078,0.000567
736,6.133333,-0.000149,0.988979,-0.001363,-0.148051,0.160882,0.528977,-5.570736,0.000556
737,6.141667,-0.000250,0.989049,-0.001257,-0.147580,0.157552,0.528994,-5.569481,0.000578
738,6.150000,-0.000243,0.989124,-0.001417,-0.147074,0.154123,0.528892,-5.568149,0.000535
739,6.158333,-0.000293,0.989195,-0.001365,-0.146600,0.150772,0.528854,-5.566826,0.000570
740,6.166667,-0.000417,0.989260,-0.001315,-0.146158,0.147462,0.528825,-5.565571,0.000641
741,6.175000,-0.000435,0.989334,-0.001441,-0.145655,0.144012,0.528734,-5.564258,0.000597
742,6.183333,-0.000474,0.989401,-0.001322,-0.145204,0.140734,0.528713,-5.562986,0.000608
743,6.191667,-0.000471,0.989467,-0.001444,-0.144751,0.137310,0.528611,-5.561624,0.000567
744,6.200000,-0.000503,0.989533,-0.001365,-0.144298,0.134054,0.528580,-5.560407,0.000629
745,6.208333,-0.000570,0.989603,-0.001383,-0.143818,0.130709,0.528515,-5.559103,0.000585
746,6.216667,-0.000482,0.989677,-0.001397,-0.143307,0.127360,0.528484,-5.557824,0.000648
747,6.225000,-0.000246,0.989759,-0.001426,-0.142744,0.124260,0.528340,-5.556494,0.000856
748,6.233333,-0.000212,0.989860,-0.001214,-0.142044,0.120939,0.528223,-5.554995,0.000909
749,6.241667,-0.000228,0.989926,-0.001256,-0.141577,0.117498,0.528163,-5.553743,0.000897
750,6.250000,-0.000035,0.990011,-0.001254,-0.140983,0.114072,0.528100,-5.552422,0.000807
751,6.258333,-0.000135,0.990056,-0.001211,-0.140667,0.110803,0.528067,-5.551195,0.000937
752,6.266667,0.000068,0.990140,-0.001162,-0.140075,0.107363,0.527996,-5.549877,0.000794
753,6.275000,-0.000006,0.990198,-0.001196,-0.139663,0.104110,0.527968,-5.548679,0.000871
754,6.283333,0.000248,0.990273,-0.001181,-0.139135,0.100627,0.527892,-5.547368,0.000810
755,6.291667,0.000317,0.990344,-0.001106,-0.138625,0.097284,0.527827,-5.546119,0.000813
756,6.300000,0.000419,0.990411,-0.001164,-0.138146,0.093973,0.527772,-5.544862,0.000809
757,6.308333,0.000525,0.990479,-0.001042,-0.137657,0.090578,0.527760,-5.543624,0.000780
758,6.316667,0.000385,0.990537,-0.001103,-0.137241,0.087382,0.527727,-5.542443,0.000929
759,6.325000,0.000691,0.990614,-0.001033,-0.136683,0.083881,0.527671,-5.541176,0.000788
760,6.333333,0.000535,0.990672,-0.001050,-0.136260,0.080643,0.527661,-5.539976,0.000913
761,6.341667,0.000867,0.990747,-0.001039,-0.135712,0.077168,0.527612,-5.538689,0.000807
762,6.350000,0.000570,0.990769,-0.001030,-0.135557,0.074091,0.527610,-5.537571,0.000839
763,6.358333,0.000848,0.990858,-0.001034,-0.134899,0.070545,0.527543,-5.536317,0.000763
764,6.366667,0.000905,0.990929,-0.001028,-0.134380,0.067112,0.527535,-5.535110,0.000739
765,6.375000,0.000890,0.990982,-0.001079,-0.133985,0.063903,0.527569,-5.533964,0.000843
766,6.383333,0.001173,0.991074,-0.001002,-0.133301,0.060342,0.527434,-5.532650,0.000757
767,6.391667,0.001403,0.991142,-0.000967,-0.132798,0.056935,0.527427,-5.531484,0.000788
768,6.400000,0.001333,0.991184,-0.001055,-0.132485,0.053601,0.527398,-5.530297,0.000777
769,6.408333,0.001542,0.991268,-0.001012,-0.131850,0.050146,0.527351,-5.529078,0.000800
770,6.416667,0.001543,0.991315,-0.000983,-0.131493,0.046734,0.527370,-5.527968,0.000741
771,6.425000,0.001609,0.991381,-0.001020,-0.130998,0.043348,0.527326,-5.526722,0.000799
772,6.433333,0.001353,0.991384,-0.001072,-0.130976,0.040560,0.527542,-5.525911,0.001216
773,6.441667,0.001690,0.991517,-0.000959,-0.129962,0.036519,0.527322,-5.524427,0.000885
774,6.450000,0.001533,0.991526,-0.001077,-0.129896,0.032821,0.527441,-5.523489,0.000653
775,6.458333,0.001532,0.991584,-0.001032,-0.129455,0.029368,0.527397,-5.522298,0.000692
776,6.466667,0.001320,0.991668,-0.000876,-0.128812,0.026148,0.527430,-5.521235,0.000517
777,6.475000,0.001302,0.991724,-0.000858,-0.128382,0.022665,0.527392,-5.520100,0.000513
778,6.483333,0.001325,0.991769,-0.000992,-0.128026,0.019345,0.527294,-5.518669,0.000936
779,6.491667,0.001370,0.991842,-0.001001,-0.127459,0.015811,0.527264,-5.517549,0.000956
780,6.500000,0.001406,0.991896,-0.000902,-0.127045,0.012284,0.527371,-5.516620,0.000523
781,6.508333,0.001812,0.991987,-0.001295,-0.126325,0.008535,0.527285,-5.515267,0.000596
782,6.516667,0.001619,0.992033,-0.001409,-0.125962,0.005258,0.527222,-5.513927,0.001038
783,6.525000,0.001594,0.992094,-0.001399,-0.125483,0.001775,0.527218,-5.512775,0.001055
784,6.533333,0.001534,0.992140,-0.001469,-0.125114,-0.001559,0.527250,-5.511765,0.000802
785,6.541667,0.001549,0.992203,-0.001483,-0.124612,-0.005053,0.527248,-5.510616,0.000805
786,6.550000,0.001462,0.992252,-0.001561,-0.124225,-0.008569,0.527224,-5.509468,0.000833
787,6.558333,0.001403,0.992313,-0.001599,-0.123735,-0.012083,0.527241,-5.508311,0.000828
788,6.566667,0.001395,0.992375,-0.001623,-0.123236,-0.015671,0.527231,-5.507264,0.000824
789,6.575000,0.001397,0.992448,-0.001763,-0.122648,-0.019245,0.527184,-5.506090,0.000870
790,6.583333,0.001302,0.992480,-0.001780,-0.122388,-0.022725,0.527204,-5.504994,0.000830
791,6.591667,0.001184,0.992548,-0.001814,-0.121836,-0.026311,0.527180,-5.503926,0.000814
792,6.600000,0.001171,0.992601,-0.001854,-0.121402,-0.029819,0.527185,-5.502784,0.000846
793,6.608333,0.001120,0.992655,-0.001974,-0.120955,-0.033395,0.527195,-5.501701,0.000845
794,6.616667,0.000972,0.992718,-0.001991,-0.120444,-0.036995,0.527177,-5.500659,0.000823
795,6.625000,0.000905,0.992772,-0.002099,-0.119999,-0.040519,0.527198,-5.499527,0.000835
796,6.633333,0.000779,0.992820,-0.002086,-0.119596,-0.044116,0.527208,-5.498468,0.000851
797,6.641667,0.000800,0.992885,-0.002174,-0.119057,-0.047627,0.527177,-5.497350,0.000818
798,6.650000,0.000672,0.992941,-0.002234,-0.118585,-0.051205,0.527168,-5.496262,0.000810
799,6.658333,0.000524,0.992991,-0.002296,-0.118164,-0.054812,0.527129,-5.495182,0.000836
800,6.666667,0.000379,0.993047,-0.002212,-0.117697,-0.058387,0.527139,-5.494093,0.000869
801,6.675000,0.000363,0.993103,-0.002317,-0.117221,-0.062197,0.527113,-5.492980,0.001052
802,6.683333,0.000216,0.993158,-0.002378,-0.116755,-0.065555,0.527115,-5.491934,0.000870
803,6.691667,0.000110,0.993213,-0.002326,-0.116287,-0.069191,0.527109,-5.490826,0.000850
804,6.700000,0.000025,0.993274,-0.002323,-0.115766,-0.073003,0.527098,-5.489813,0.001138
805,6.708333,-0.000324,0.993334,-0.002119,-0.115251,-0.076431,0.527099,-5.488679,0.001057
806,6.716667,-0.000217,0.993374,-0.002416,-0.114902,-0.080157,0.527080,-5.487561,0.001170
807,6.725000,-0.000499,0.993446,-0.002130,-0.114284,-0.083484,0.527079,-5.486631,0.000786
808,6.733333,-0.000445,0.993488,-0.002463,-0.113910,-0.087294,0.526998,-5.485390,0.001181
809,6.741667,-0.000820,0.993548,-0.002136,-0.113389,-0.090750,0.527071,-5.484467,0.000828
810,6.750000,-0.000875,0.993611,-0.002001,-0.112835,-0.094537,0.527129,-5.483604,0.000742
811,6.758333,-0.000252,0.993707,-0.002234,-0.111987,-0.097854,0.526811,-5.481897,0.001115
812,6.766667,-0.000489,0.993755,-0.002161,-0.111558,-0.101529,0.526866,-5.481045,0.000804
813,6.775000,-0.000853,0.993818,-0.001798,-0.111008,-0.105099,0.526898,-5.480121,0.000706
814,6.783333,-0.000726,0.993856,-0.002027,-0.110656,-0.108814,0.526806,-5.478938,0.000801
815,6.791667,-0.000817,0.993914,-0.002018,-0.110140,-0.112357,0.526788,-5.477829,0.000819
816,6.800000,-0.000841,0.993980,-0.002075,-0.109543,-0.115934,0.526628,-5.476432,0.001138
817,6.808333,-0.001256,0.994023,-0.001654,-0.109152,-0.119520,0.526762,-5.475780,0.000685
818,6.816667,-0.001310,0.994083,-0.001661,-0.108607,-0.123148,0.526713,-5.474640,0.000700
819,6.825000,-0.001447,0.994124,-0.001557,-0.108228,-0.126792,0.526688,-5.473529,0.000723
820,6.833333,-0.001529,0.994181,-0.001519,-0.107706,-0.130426,0.526652,-5.472473,0.000707
821,6.841667,-0.001625,0.994231,-0.001423,-0.107240,-0.134058,0.526614,-5.471425,0.000718
822,6.850000,-0.001720,0.994284,-0.001435,-0.106744,-0.137705,0.526593,-5.470351,0.000707
823,6.858333,-0.001851,0.994336,-0.001225,-0.106259,-0.141332,0.526547,-5.469275,0.000710
824,6.866667,-0.001911,0.994374,-0.001221,-0.105898,-0.144961,0.526520,-5.468182,0.000686
825,6.875000,-0.001921,0.994433,-0.001103,-0.105346,-0.148616,0.526495,-5.467141,0.000681
826,6.883333,-0.002350,0.994447,-0.001074,-0.105205,-0.152358,0.526607,-5.466435,0.000343
827,6.891667,-0.002055,0.994534,-0.000910,-0.104393,-0.155854,0.526461,-5.465055,0.000706
828,6.900000,-0.002466,0.994547,-0.000987,-0.104258,-0.159595,0.526559,-5.464288,0.000409
829,6.908333,-0.002458,0.994596,-0.000888,-0.103789,-0.163241,0.526513,-5.463186,0.000338
830,6.916667,-0.002511,0.994646,-0.000694,-0.103312,-0.166883,0.526527,-5.462211,0.000323
831,6.925000,-0.002583,0.994694,-0.000708,-0.102847,-0.170529,0.526477,-5.461143,0.000391
832,6.933333,-0.002595,0.994744,-0.000653,-0.102360,-0.174167,0.526489,-5.460096,0.000331
833,6.941667,-0.002586,0.994797,-0.000541,-0.101845,-0.177805,0.526471,-5.459037,0.000365
834,6.950000,-0.002637,0.994834,-0.000502,-0.101484,-0.181402,0.526449,-5.458001,0.000320
835,6.958333,-0.002632,0.994891,-0.000475,-0.100918,-0.185078,0.526453,-5.456995,0.000303
836,6.966667,-0.002691,0.994935,-0.000348,-0.100483,-0.188693,0.526416,-5.455982,0.000333
837,6.975000,-0.002576,0.994982,-0.000386,-0.100022,-0.192313,0.526423,-5.454947,0.000280
838,6.983333,-0.002614,0.995027,-0.000318,-0.099566,-0.195944,0.526418,-5.453943,0.000353
839,6.991667,-0.002591,0.995079,-0.000284,-0.099049,-0.199562,0.526411,-5.452897,0.000331
840,7.000000,-0.002542,0.995125,-0.000144,-0.098594,-0.203254,0.526460,-5.451957,0.000251
841,7.008333,-0.002817,0.995135,-0.000481,-0.098475,-0.206776,0.526277,-5.450657,0.000563
842,7.016667,-0.002766,0.995180,-0.000450,-0.098021,-0.210387,0.526324,-5.449627,0.000574
843,7.025000,-0.002778,0.995227,-0.000286,-0.097549,-0.214096,0.526329,-5.448749,0.000547
844,7.033333,-0.002704,0.995279,-0.000422,-0.097012,-0.217645,0.526333,-5.447656,0.000618
845,7.041667,-0.002561,0.995321,-0.000312,-0.096593,-0.221325,0.526381,-5.446768,0.000577
846,7.050000,-0.002518,0.995367,-0.000279,-0.096119,-0.224912,0.526423,-5.445776,0.000559
847,7.058333,-0.002379,0.995408,-0.000333,-0.095693,-0.228534,0.526428,-5.444768,0.000580
848,7.066667,-0.002339,0.995460,-0.000244,-0.095155,-0.232144,0.526477,-5.443828,0.000538
849,7.075000,-0.002170,0.995506,-0.000284,-0.094678,-0.235824,0.526536,-5.442962,0.000584
850,7.083333,-0.002095,0.995547,-0.000277,-0.094244,-0.239418,0.526561,-5.441920,0.000570
851,7.091667,-0.001984,0.995592,-0.000249,-0.093774,-0.243054,0.526614,-5.441033,0.000566
852,7.100000,-0.001851,0.995633,-0.000246,-0.093334,-0.246712,0.526681,-5.440162,0.000572
853,7.108333,-0.001852,0.995666,-0.000527,-0.092981,-0.250230,0.526683,-5.438916,0.000882
854,7.116667,-0.001698,0.995709,-0.000526,-0.092518,-0.253894,0.526698,-5.438002,0.000862
855,7.125000,-0.001540,0.995757,-0.000559,-0.092011,-0.257450,0.526783,-5.437099,0.000902
856,7.133333,-0.001420,0.995798,-0.000612,-0.091560,-0.261103,0.526844,-5.436173,0.000862
857,7.141667,-0.001180,0.995842,-0.000668,-0.091087,-0.264693,0.526927,-5.435282,0.000895
858,7.150000,-0.001101,0.995887,-0.000648,-0.090595,-0.268364,0.526983,-5.434403,0.000884
859,7.158333,-0.000911,0.995929,-0.000659,-0.090140,-0.271981,0.527063,-5.433515,0.000900
860,7.166667,-0.000761,0.995976,-0.000716,-0.089611,-0.275600,0.527141,-5.432637,0.000891
861,7.175000,-0.000601,0.996013,-0.000692,-0.089205,-0.279266,0.527208,-5.431730,0.000890
862,7.183333,-0.000429,0.996051,-0.000705,-0.088781,-0.282857,0.527281,-5.430838,0.000857
863,7.191667,-0.000282,0.996100,-0.000750,-0.088225,-0.286516,0.527383,-5.429988,0.000886
864,7.200000,0.000024,0.996150,-0.000554,-0.087667,-0.290259,0.527583,-5.429438,0.000527
865,7.208333,0.000156,0.996196,-0.000680,-0.087139,-0.293838,0.527619,-5.428517,0.000565
866,7.216667,0.000357,0.996228,-0.000824,-0.086768,-0.297474,0.527717,-5.427467,0.000703
867,7.225000,0.000508,0.996268,-0.000796,-0.086308,-0.301114,0.527836,-5.426638,0.000693
868,7.233333,0.000707,0.996310,-0.001037,-0.085818,-0.304723,0.527890,-5.425725,0.000723
869,7.241667,0.000801,0.996350,-0.000978,-0.085351,-0.308381,0.527991,-5.424882,0.000743
870,7.250000,0.000962,0.996390,-0.001043,-0.084887,-0.311971,0.527994,-5.423998,0.000793
871,7.258333,0.001065,0.996426,-0.001114,-0.084452,-0.315624,0.528109,-5.423150,0.000770
872,7.266667,0.001274,0.996466,-0.001076,-0.083987,-0.319299,0.528233,-5.422295,0.000765
873,7.275000,0.001380,0.996506,-0.001149,-0.083503,-0.322881,0.528259,-5.421427,0.000812
874,7.283333,0.001559,0.996541,-0.001182,-0.083075,-0.326563,0.528384,-5.420586,0.000787
875,7.291667,0.001691,0.996586,-0.001219,-0.082539,-0.330225,0.528486,-5.419737,0.000803
876,7.300000,0.001812,0.996622,-0.001243,-0.082094,-0.333870,0.528505,-5.418881,0.000841
877,7.308333,0.001976,0.996662,-0.001256,-0.081610,-0.337520,0.528613,-5.418089,0.000834
878,7.316667,0.002052,0.996699,-0.001325,-0.081146,-0.341182,0.528709,-5.417202,0.000879
879,7.325000,0.002146,0.996764,-0.001296,-0.080349,-0.345043,0.528812,-5.416404,0.001010
880,7.333333,0.002338,0.996776,-0.001350,-0.080188,-0.348507,0.528828,-5.415628,0.000862
881,7.341667,0.002346,0.996818,-0.001351,-0.079670,-0.352189,0.528908,-5.414773,0.000878
882,7.350000,0.002489,0.996854,-0.001362,-0.079212,-0.355857,0.529023,-5.413967,0.000887
883,7.358333,0.002516,0.996915,-0.001531,-0.078434,-0.359745,0.529072,-5.413105,0.001026
884,7.366667,0.002611,0.996926,-0.001481,-0.078295,-0.363211,0.529136,-5.412308,0.000847
885,7.375000,0.002697,0.996959,-0.001585,-0.077861,-0.366851,0.529209,-5.411507,0.000857
886,7.383333,0.002791,0.997004,-0.001619,-0.077289,-0.370515,0.529267,-5.410724,0.000857
887,7.391667,0.002796,0.997035,-0.001641,-0.076880,-0.374242,0.529339,-5.409929,0.000856
888,7.400000,0.002888,0.997070,-0.001780,-0.076415,-0.377868,0.529409,-5.409101,0.000887
889,7.408333,0.002895,0.997106,-0.001746,-0.075950,-0.381595,0.529459,-5.408346,0.000871
890,7.416667,0.002943,0.997141,-0.001835,-0.075481,-0.385276,0.529559,-5.407563,0.000856
891,7.425000,0.002930,0.997177,-0.001868,-0.075000,-0.388981,0.529578,-5.406773,0.000859
892,7.433333,0.002936,0.997212,-0.001893,-0.074535,-0.392670,0.529638,-5.405969,0.000892
893,7.441667,0.002895,0.997274,-0.001986,-0.073697,-0.396578,0.529694,-5.405179,0.001002
894,7.450000,0.002966,0.997287,-0.002036,-0.073529,-0.400051,0.529765,-5.404453,0.000862
895,7.458333,0.002890,0.997316,-0.002007,-0.073139,-0.403747,0.529773,-5.403690,0.000855
896,7.466667,0.002887,0.997353,-0.002111,-0.072630,-0.407457,0.529839,-5.402905,0.000904
897,7.475000,0.002892,0.997388,-0.002234,-0.072141,-0.411169,0.529910,-5.402141,0.000855
898,7.483333,0.002794,0.997423,-0.002220,-0.071660,-0.414901,0.529922,-5.401446,0.000859
899,7.491667,0.002727,0.997452,-0.002250,-0.071254,-0.418580,0.529930,-5.400649,0.000866
900,7.500000,0.002724,0.997488,-0.002355,-0.070752,-0.422284,0.529941,-5.399876,0.000834
901,7.508333,0.002558,0.997544,-0.002273,-0.069956,-0.426268,0.530007,-5.399118,0.001031
902,7.516667,0.002515,0.997551,-0.002310,-0.069864,-0.429774,0.529987,-5.398391,0.000874
903,7.525000,0.002513,0.997590,-0.002527,-0.069296,-0.433529,0.530010,-5.397664,0.000863
904,7.533333,0.002329,0.997640,-0.002429,-0.068575,-0.437454,0.530054,-5.396928,0.001029
905,7.541667,0.002242,0.997651,-0.002499,-0.068414,-0.440949,0.530022,-5.396210,0.000887
906,7.550000,0.002157,0.997688,-0.002583,-0.067886,-0.444694,0.530028,-5.395462,0.000919
907,7.558333,0.002037,0.997719,-0.002593,-0.067424,-0.448468,0.530034,-5.394825,0.000860
908,7.566667,0.001955,0.997749,-0.002656,-0.066974,-0.452220,0.530042,-5.394092,0.000853
909,7.575000,0.002114,0.997777,-0.003121,-0.066538,-0.456082,0.530187,-5.393107,0.001170
910,7.583333,0.001998,0.997804,-0.003146,-0.066130,-0.459822,0.530175,-5.392375,0.001196
911,7.591667,0.001435,0.997861,-0.002718,-0.065297,-0.463715,0.530011,-5.391891,0.001020
912,7.600000,0.001418,0.997878,-0.002718,-0.065037,-0.467270,0.530020,-5.391239,0.000896
913,7.608333,0.001252,0.997906,-0.002735,-0.064608,-0.471024,0.529986,-5.390526,0.000868
914,7.616667,0.001142,0.997938,-0.002676,-0.064112,-0.474789,0.529997,-5.389875,0.000862
915,7.625000,0.000978,0.997969,-0.002716,-0.063630,-0.478560,0.529904,-5.389123,0.000911
916,7.633333,0.000778,0.997996,-0.002808,-0.063206,-0.482368,0.529932,-5.388443,0.000903
917,7.641667,0.000582,0.998052,-0.002746,-0.062329,-0.486368,0.529901,-5.387711,0.001034
918,7.650000,0.000863,0.998055,-0.003129,-0.062254,-0.490068,0.529986,-5.386897,0.001101
919,7.658333,0.000654,0.998090,-0.002926,-0.061706,-0.493914,0.530061,-5.386454,0.000985
920,7.666667,0.000318,0.998130,-0.002428,-0.061072,-0.497604,0.529876,-5.386031,0.000639
921,7.675000,0.000209,0.998161,-0.002470,-0.060566,-0.501384,0.529808,-5.385324,0.000604
922,7.683333,0.000034,0.998188,-0.002436,-0.060131,-0.505171,0.529769,-5.384603,0.000668
923,7.691667,-0.000037,0.998221,-0.002339,-0.059580,-0.508962,0.529750,-5.383947,0.000650
924,7.700000,-0.000222,0.998264,-0.002192,-0.058860,-0.512700,0.529667,-5.383491,0.000532
925,7.708333,-0.000617,0.998265,-0.002742,-0.058818,-0.516551,0.529383,-5.382360,0.000988
926,7.716667,-0.000733,0.998297,-0.002782,-0.058270,-0.520328,0.529359,-5.381723,0.000966
927,7.725000,-0.000681,0.998329,-0.002272,-0.057738,-0.524166,0.529457,-5.381267,0.000642
928,7.733333,-0.000816,0.998360,-0.002268,-0.057190,-0.527961,0.529364,-5.380617,0.000624
929,7.741667,-0.000881,0.998393,-0.002143,-0.056617,-0.531775,0.529382,-5.379982,0.000692
930,7.750000,-0.001285,0.998404,-0.002543,-0.056404,-0.535514,0.529082,-5.379090,0.000971
931,7.758333,-0.001080,0.998464,-0.001886,-0.055366,-0.539330,0.529282,-5.378902,0.000574
932,7.766667,-0.001218,0.998470,-0.001972,-0.055251,-0.543228,0.529167,-5.378033,0.000623
933,7.775000,-0.001326,0.998501,-0.001891,-0.054681,-0.546946,0.529112,-5.377381,0.000700
934,7.783333,-0.001395,0.998526,-0.001792,-0.054227,-0.550818,0.529086,-5.376801,0.000625
935,7.791667,-0.001736,0.998543,-0.002175,-0.053897,-0.554548,0.528765,-5.375883,0.000971
936,7.800000,-0.001603,0.998578,-0.001687,-0.053251,-0.558443,0.528903,-5.375539,0.000606
937,7.808333,-0.001696,0.998635,-0.001428,-0.052187,-0.562498,0.528865,-5.375121,0.000708
938,7.816667,-0.001700,0.998631,-0.001503,-0.052257,-0.566007,0.528771,-5.374314,0.000581
939,7.825000,-0.001684,0.998671,-0.001180,-0.051490,-0.569739,0.528755,-5.373889,0.000465
940,7.833333,-0.001764,0.998686,-0.001391,-0.051207,-0.573614,0.528627,-5.373087,0.000570
941,7.841667,-0.001831,0.998705,-0.001182,-0.050829,-0.577436,0.528589,-5.372458,0.000567
942,7.850000,-0.001849,0.998732,-0.001275,-0.050295,-0.581181,0.528503,-5.371911,0.000522
943,7.858333,-0.001855,0.998758,-0.001091,-0.049773,-0.584963,0.528444,-5.371233,0.000580
944,7.866667,-0.001817,0.998784,-0.001001,-0.049263,-0.588760,0.528382,-5.370668,0.000614
945,7.875000,-0.001943,0.998822,-0.000918,-0.048477,-0.592795,0.528293,-5.370056,0.000748
946,7.883333,-0.001839,0.998832,-0.000908,-0.048283,-0.596367,0.528243,-5.369558,0.000552
947,7.891667,-0.001762,0.998860,-0.000809,-0.047701,-0.600074,0.528228,-5.368920,0.000572
948,7.900000,-0.001695,0.998880,-0.000706,-0.047283,-0.603867,0.528133,-5.368350,0.000544
949,7.908333,-0.001833,0.998899,-0.000852,-0.046878,-0.607557,0.527942,-5.367481,0.000906
950,7.916667,-0.001806,0.998921,-0.000784,-0.046399,-0.611340,0.527878,-5.366947,0.000888
951,7.925000,-0.001726,0.998945,-0.000807,-0.045892,-0.615104,0.527832,-5.366333,0.000907
952,7.933333,-0.001525,0.998987,-0.000419,-0.044964,-0.618855,0.527852,-5.366038,0.000816
953,7.941667,-0.001381,0.999000,-0.001192,-0.044669,-0.623018,0.527921,-5.364963,0.001342
954,7.950000,-0.001663,0.999002,-0.000644,-0.044624,-0.626609,0.527630,-5.364636,0.001064
955,7.958333,-0.001401,0.999038,-0.000564,-0.043826,-0.630186,0.527627,-5.364139,0.000897
956,7.966667,-0.001342,0.999060,-0.000478,-0.043322,-0.633881,0.527587,-5.363609,0.000911
957,7.975000,-0.001234,0.999082,-0.000413,-0.042813,-0.637695,0.527524,-5.363085,0.000856
958,7.983333,-0.000947,0.999121,-0.000218,-0.041913,-0.641383,0.527558,-5.362785,0.000833
959,7.991667,-0.001007,0.999126,-0.000411,-0.041775,-0.645176,0.527451,-5.362039,0.000870
960,8.000000,-0.000798,0.999164,-0.000153,-0.040864,-0.648917,0.527476,-5.361767,0.000862
961,8.008333,-0.000752,0.999167,-0.000323,-0.040801,-0.652683,0.527351,-5.361027,0.000841
962,8.016667,-0.000627,0.999189,-0.000402,-0.040267,-0.656467,0.527330,-5.360522,0.000857
963,8.025000,-0.000672,0.999198,-0.000564,-0.040031,-0.660375,0.527260,-5.359940,0.001011
964,8.033333,-0.000376,0.999230,-0.000407,-0.039231,-0.663946,0.527234,-5.359481,0.000919
965,8.041667,0.000015,0.999248,-0.000808,-0.038776,-0.667812,0.527388,-5.358783,0.001196
966,8.050000,0.000275,0.999280,-0.000615,-0.037937,-0.671474,0.527384,-5.358544,0.001193
967,8.058333,0.000024,0.999288,-0.000414,-0.037726,-0.675182,0.527163,-5.358078,0.000838
968,8.066667,0.000503,0.999322,-0.000642,-0.036812,-0.678986,0.527323,-5.357657,0.001159
969,8.075000,0.000601,0.999326,-0.000950,-0.036700,-0.682840,0.527258,-5.356923,0.001172
970,8.083333,0.000568,0.999362,-0.000363,-0.035726,-0.686356,0.527117,-5.356962,0.000805
971,8.091667,0.000608,0.999363,-0.000621,-0.035665,-0.690171,0.527042,-5.356277,0.000888
972,8.100000,0.001000,0.999381,-0.001175,-0.035159,-0.694067,0.527148,-5.355602,0.001163
973,8.108333,0.001141,0.999398,-0.001130,-0.034663,-0.697852,0.527130,-5.355222,0.001196
974,8.116667,0.001240,0.999416,-0.001256,-0.034118,-0.701532,0.527121,-5.354785,0.001180
975,8.125000,0.001371,0.999424,-0.001370,-0.033896,-0.705520,0.527100,-5.354232,0.001241
976,8.133333,0.001560,0.999452,-0.001395,-0.033030,-0.709022,0.527060,-5.353911,0.001200
977,8.141667,0.001660,0.999469,-0.001396,-0.032510,-0.712787,0.527043,-5.353492,0.001210
978,8.150000,0.001829,0.999485,-0.001502,-0.032015,-0.716552,0.527014,-5.353102,0.001177
979,8.158333,0.001870,0.999490,-0.001701,-0.031823,-0.720525,0.526984,-5.352660,0.001265
980,8.166667,0.001895,0.999532,-0.000963,-0.030501,-0.723918,0.526892,-5.352812,0.000793
981,8.175000,0.001731,0.999527,-0.001328,-0.030691,-0.727872,0.526775,-5.352084,0.000977
982,8.183333,0.002217,0.999540,-0.001954,-0.030197,-0.731840,0.526935,-5.351495,0.001288
983,8.191667,0.002322,0.999557,-0.001979,-0.029617,-0.735562,0.526891,-5.351095,0.001263
984,8.200000,0.002477,0.999578,-0.001872,-0.028887,-0.739155,0.526879,-5.350852,0.001190
985,8.208333,0.002144,0.999588,-0.001614,-0.028573,-0.742962,0.526646,-5.350602,0.001012
986,8.216667,0.002651,0.999607,-0.002031,-0.027821,-0.746691,0.526827,-5.350117,0.001169
987,8.225000,0.002752,0.999627,-0.001880,-0.027121,-0.750606,0.526827,-5.349913,0.001280
988,8.233333,0.002738,0.999629,-0.002299,-0.027004,-0.754457,0.526730,-5.349276,0.001257
989,8.241667,0.002383,0.999646,-0.001851,-0.026448,-0.758079,0.526495,-5.349085,0.001011
990,8.250000,0.002897,0.999663,-0.002305,-0.025677,-0.761813,0.526685,-5.348632,0.001180
991,8.258333,0.002929,0.999670,-0.002435,-0.025403,-0.765844,0.526655,-5.348185,0.001289
992,8.266667,0.002686,0.999694,-0.001866,-0.024527,-0.769275,0.526437,-5.348074,0.000862
993,8.275000,0.002974,0.999696,-0.002410,-0.024377,-0.773426,0.526567,-5.347432,0.001257
994,8.283333,0.002966,0.999709,-0.002534,-0.023793,-0.777247,0.526536,-5.347074,0.001252
995,8.291667,0.003016,0.999720,-0.002558,-0.023342,-0.781037,0.526501,-5.346722,0.001244
996,8.300000,0.002590,0.999739,-0.002390,-0.022552,-0.784400,0.526053,-5.346318,0.001080
997,8.308333,0.003024,0.999749,-0.002947,-0.022019,-0.788421,0.526181,-5.345712,0.001272
998,8.316667,0.003001,0.999762,-0.002898,-0.021400,-0.792191,0.526129,-5.345313,0.001282
999,8.325000,0.002952,0.999773,-0.002892,-0.020917,-0.796045,0.526079,-5.344917,0.001278
1000,8.333333,0.003021,0.999794,-0.002468,-0.019900,-0.799807,0.526070,-5.344871,0.001316
1001,8.341667,0.002881,0.999795,-0.002817,-0.019850,-0.803759,0.525981,-5.344239,0.001287
1002,8.350000,0.002777,0.999806,-0.002773,-0.019291,-0.807598,0.525912,-5.343857,0.001298
1003,8.358333,0.002260,0.999818,-0.002156,-0.018828,-0.811274,0.525608,-5.343708,0.001094
1004,8.366667,0.002661,0.999826,-0.002687,-0.018265,-0.815300,0.525725,-5.343107,0.001306
1005,8.375000,0.002585,0.999837,-0.002623,-0.017689,-0.819160,0.525685,-5.342736,0.001274
1006,8.383333,0.002565,0.999846,-0.002586,-0.017165,-0.823044,0.525598,-5.342360,0.001290
1007,8.391667,0.002020,0.999858,-0.001868,-0.016640,-0.826649,0.525304,-5.342207,0.001056
1008,8.400000,0.002357,0.999866,-0.002326,-0.016044,-0.830722,0.525404,-5.341591,0.001281
1009,8.408333,0.001811,0.999876,-0.001687,-0.015527,-0.834405,0.525113,-5.341424,0.001091
1010,8.416667,0.002156,0.999884,-0.002100,-0.014957,-0.838429,0.525217,-5.340782,0.001297
1011,8.425000,0.002043,0.999892,-0.001955,-0.014431,-0.842342,0.525148,-5.340400,0.001306
1012,8.433333,0.001964,0.999901,-0.001811,-0.013830,-0.846191,0.525052,-5.340038,0.001278
1013,8.441667,0.001913,0.999908,-0.001766,-0.013288,-0.850065,0.524952,-5.339636,0.001278
1014,8.450000,0.001239,0.999917,-0.001056,-0.012786,-0.853775,0.524662,-5.339476,0.001103
1015,8.458333,0.001589,0.999923,-0.001544,-0.012225,-0.857795,0.524765,-5.338829,0.001300
1016,8.466667,0.001510,0.999930,-0.001474,-0.011680,-0.861686,0.524658,-5.338450,0.001298
1017,8.475000,0.001433,0.999936,-0.001319,-0.011117,-0.865588,0.524554,-5.338099,0.001298
1018,8.483333,0.000814,0.999943,-0.000556,-0.010621,-0.869256,0.524244,-5.337935,0.001093
1019,8.491667,0.000715,0.999949,-0.000380,-0.010087,-0.873152,0.524150,-5.337595,0.001094
1020,8.500000,0.001073,0.999954,-0.000864,-0.009472,-0.877228,0.524257,-5.336968,0.001276
1021,8.508333,0.000517,0.999960,-0.000190,-0.008927,-0.880899,0.523932,-5.336785,0.001064
1022,8.516667,0.000844,0.999964,-0.000626,-0.008429,-0.884982,0.524051,-5.336209,0.001308
1023,8.525000,0.000303,0.999969,0.000123,-0.007877,-0.888642,0.523742,-5.336051,0.001079
1024,8.533333,0.000694,0.999973,-0.000308,-0.007359,-0.892742,0.523902,-5.335502,0.001262
1025,8.541667,0.000230,0.999980,0.000667,-0.006306,-0.896385,0.523667,-5.335658,0.001033
1026,8.550000,0.000004,0.999980,0.000413,-0.006310,-0.900270,0.523492,-5.334979,0.001058
1027,8.558333,0.000367,0.999984,-0.000096,-0.005679,-0.904325,0.523587,-5.334415,0.001251
1028,8.566667,0.000061,0.999986,0.000065,-0.005297,-0.908089,0.523376,-5.333917,0.001226
1029,8.575000,-0.000764,0.999987,0.001003,-0.005006,-0.911710,0.523030,-5.333792,0.001071
1030,8.583333,-0.000189,0.999991,0.000309,-0.004284,-0.915820,0.523245,-5.333284,0.001228
1031,8.591667,-0.001114,0.999990,0.001301,-0.004024,-0.919536,0.522814,-5.333099,0.001152
1032,8.600000,-0.001487,0.999989,0.001660,-0.004031,-0.923166,0.522630,-5.332404,0.001320
1033,8.608333,-0.000700,0.999995,0.000768,-0.003107,-0.927326,0.522907,-5.331977,0.001468
1034,8.616667,-0.001437,0.999996,0.001340,-0.002259,-0.931054,0.522597,-5.332230,0.001081
1035,8.625000,-0.001699,0.999994,0.001683,-0.002436,-0.934744,0.522412,-5.331518,0.001309
1036,8.633333,-0.001258,0.999996,0.002269,-0.000960,-0.938642,0.522582,-5.331870,0.001216
1037,8.641667,-0.001902,0.999996,0.001879,-0.001270,-0.942412,0.522302,-5.331121,0.001244
1038,8.650000,-0.001874,0.999996,0.001829,-0.000429,-0.946482,0.522339,-5.331163,0.001254
1039,8.658333,-0.001710,0.999997,0.001393,0.000470,-0.950290,0.522376,-5.330952,0.001039
1040,8.666667,-0.001764,0.999997,0.001316,0.001073,-0.954131,0.522334,-5.330679,0.001061
1041,8.675000,-0.001215,0.999995,0.001865,0.002251,-0.958084,0.522507,-5.330935,0.000954
1042,8.683333,-0.001394,0.999994,0.001924,0.002361,-0.961815,0.522387,-5.330331,0.001328
1043,8.691667,-0.001568,0.999993,0.002042,0.002847,-0.965608,0.522360,-5.330215,0.001205
1044,8.700000,-0.001151,0.999990,0.001535,0.004049,-0.969576,0.522575,-5.330489,0.000975
1045,8.708333,-0.001597,0.999990,0.001747,0.003919,-0.973350,0.522350,-5.329733,0.001308
1046,8.716667,-0.001130,0.999986,0.001199,0.005141,-0.977291,0.522612,-5.330038,0.001079
1047,8.725000,-0.001682,0.999985,0.001501,0.005021,-0.980981,0.522385,-5.329363,0.001348
1048,8.733333,-0.001657,0.999982,0.001345,0.005567,-0.984831,0.522366,-5.329138,0.001364
1049,8.741667,-0.001705,0.999978,0.001197,0.006218,-0.988737,0.522493,-5.329330,0.001096
1050,8.750000,-0.001788,0.999976,0.001070,0.006679,-0.992605,0.522514,-5.329154,0.001092
1051,8.758333,-0.001719,0.999972,0.000873,0.007301,-0.996420,0.522544,-5.329019,0.001118
1052,8.766667,-0.001762,0.999969,0.000694,0.007694,-1.000207,0.522466,-5.328519,0.001348
1053,8.775000,-0.001722,0.999964,0.000559,0.008294,-1.003996,0.522488,-5.328390,0.001377
1054,8.783333,-0.001802,0.999960,0.000444,0.008803,-1.007872,0.522528,-5.328246,0.001400
1055,8.791667,-0.001790,0.999955,0.000289,0.009348,-1.011711,0.522559,-5.328075,0.001358
1056,8.800000,-0.001851,0.999950,0.000174,0.009880,-1.015460,0.522572,-5.328033,0.001289
1057,8.808333,-0.001859,0.999944,-0.000077,0.010452,-1.019329,0.522641,-5.327901,0.001256
1058,8.816667,-0.001395,0.999931,-0.000556,0.011617,-1.023266,0.522891,-5.328248,0.001057
1059,8.825000,-0.001726,0.999932,-0.000437,0.011559,-1.027052,0.522738,-5.327545,0.001412
1060,8.833333,-0.001743,0.999920,-0.000811,0.012532,-1.031070,0.523017,-5.328099,0.000867
1061,8.841667,-0.001556,0.999916,-0.000707,0.012879,-1.034769,0.523070,-5.327746,0.001281
1062,8.850000,-0.001561,0.999908,-0.000897,0.013426,-1.038648,0.523148,-5.327619,0.001236
1063,8.858333,-0.000623,0.999897,-0.001706,0.014241,-1.042749,0.523608,-5.327611,0.001706
1064,8.866667,-0.001494,0.999893,-0.001263,0.014487,-1.046254,0.523264,-5.327404,0.001295
1065,8.875000,-0.001421,0.999885,-0.001448,0.015035,-1.050081,0.523349,-5.327284,0.001316
1066,8.883333,-0.001310,0.999876,-0.001548,0.015596,-1.053906,0.523421,-5.327198,0.001279
1067,8.891667,-0.000776,0.999855,-0.002062,0.016874,-1.057889,0.523819,-5.327550,0.000727
1068,8.900000,-0.000477,0.999841,-0.002173,0.017689,-1.061651,0.523776,-5.327065,0.001076
1069,8.908333,-0.000259,0.999832,-0.002482,0.018184,-1.065518,0.523931,-5.326836,0.001397
1070,8.916667,-0.000385,0.999822,-0.002399,0.018707,-1.069218,0.523899,-5.326886,0.000927
1071,8.925000,-0.000959,0.999827,-0.002092,0.018470,-1.072807,0.523606,-5.326138,0.001189
1072,8.933333,-0.000977,0.999816,-0.002158,0.019049,-1.076604,0.523695,-5.326072,0.001259
1073,8.941667,-0.000461,0.999804,-0.002651,0.019625,-1.080543,0.523991,-5.325787,0.001599
1074,8.950000,0.000133,0.999776,-0.002947,0.020940,-1.084474,0.524348,-5.326270,0.001389
1075,8.958333,0.000159,0.999769,-0.003207,0.021247,-1.088373,0.524592,-5.326390,0.001158
1076,8.966667,0.000338,0.999752,-0.003102,0.022047,-1.092040,0.524506,-5.325985,0.001378
1077,8.975000,0.000502,0.999738,-0.003111,0.022672,-1.095860,0.524572,-5.325859,0.001365
1078,8.983333,0.000546,0.999724,-0.003145,0.023258,-1.099600,0.524648,-5.325728,0.001363
1079,8.991667,0.000726,0.999711,-0.003165,0.023811,-1.103404,0.524702,-5.325601,0.001346
1080,9.000000,0.000880,0.999696,-0.003241,0.024405,-1.107192,0.524784,-5.325466,0.001344
1081,9.008333,0.001030,0.999684,-0.003134,0.024922,-1.110938,0.524876,-5.325371,0.001317
1082,9.016667,0.001209,0.999668,-0.003299,0.025532,-1.114799,0.524980,-5.325095,0.001426
1083,9.025000,0.001191,0.999655,-0.003118,0.026050,-1.118482,0.525038,-5.325125,0.001384
1084,9.033333,0.001095,0.999647,-0.003072,0.026371,-1.122322,0.525242,-5.325312,0.001071
1085,9.041667,0.001445,0.999624,-0.002976,0.027210,-1.126049,0.525145,-5.324866,0.001387
1086,9.050000,0.001635,0.999609,-0.003023,0.027755,-1.129882,0.525199,-5.324620,0.001433
1087,9.058333,0.001707,0.999592,-0.002826,0.028364,-1.133598,0.525260,-5.324619,0.001333
1088,9.066667,0.001800,0.999576,-0.002717,0.028927,-1.137370,0.525281,-5.324461,0.001343
1089,9.075000,0.002005,0.999559,-0.002692,0.029523,-1.141146,0.525372,-5.324303,0.001346
1090,9.083333,0.002105,0.999542,-0.002616,0.030077,-1.144922,0.525410,-5.324150,0.001332
1091,9.091667,0.002096,0.999522,-0.002306,0.030752,-1.148685,0.525369,-5.324203,0.001072
1092,9.100000,0.002231,0.999503,-0.002177,0.031358,-1.152471,0.525369,-5.324062,0.001051
1093,9.108333,0.002074,0.999495,-0.002056,0.031644,-1.156325,0.525562,-5.324331,0.000727
1094,9.116667,0.002292,0.999469,-0.001913,0.032454,-1.160009,0.525423,-5.323912,0.000975
1095,9.125000,0.002358,0.999451,-0.001676,0.033006,-1.163836,0.525419,-5.323833,0.000990
1096,9.133333,0.002595,0.999438,-0.001784,0.033376,-1.167614,0.525535,-5.323403,0.001280
1097,9.141667,0.002525,0.999413,-0.001378,0.034133,-1.171406,0.525455,-5.323584,0.000977
1098,9.150000,0.002602,0.999394,-0.001250,0.034693,-1.175229,0.525458,-5.323432,0.000966
1099,9.158333,0.002604,0.999375,-0.001114,0.035233,-1.179000,0.525445,-5.323323,0.000982
1100,9.166667,0.002704,0.999355,-0.000966,0.035810,-1.182858,0.525452,-5.323230,0.000976
1101,9.175000,0.003040,0.999332,-0.001094,0.036403,-1.186851,0.525391,-5.322955,0.001207
