Format Version,1.23,Take Name,Take 2021-07-09 18.50.59 AM_013,Take Notes,,Capture Frame Rate,120,Export Frame Rate,120,Capture Start Time,2021-07-11 03.41.07.084 下午,Total Frames in Take,853,Total Exported Frames,853,Rotation Type,Quaternion,Length Units,Meters,Coordinate Space,Local
,,,,,,,,,,,,,,,,,,,,,
,Type,Rigid Body,Rigid Body,Rigid Body,Rigid Body,Rigid Body,Rigid Body,Rigid Body,Rigid Body,,,,,,,,,,,,
,Name,OASES_USV,OASES_USV,OASES_USV,OASES_USV,OASES_USV,OASES_USV,OASES_USV,OASES_USV,,,,,,,,,,,,
,ID,3BFF0C49E20A11EB1371DA7D1A00D188,3BFF0C49E20A11EB1371DA7D1A00D188,3BFF0C49E20A11EB1371DA7D1A00D188,3BFF0C49E20A11EB1371DA7D1A00D188,3BFF0C49E20A11EB1371DA7D1A00D188,3BFF0C49E20A11EB1371DA7D1A00D188,3BFF0C49E20A11EB1371DA7D1A00D188,3BFF0C49E20A11EB1371DA7D1A00D188,,,,,,,,,,,,
,,Rotation,Rotation,Rotation,Rotation,Position,Position,Position,Mean Marker Error,,,,,,,,,,,,
Frame,Time (Seconds),X,Y,Z,W,X,Y,Z,,,,,,,,,,,,,
0,0,0.002912,-0.409494,0.005552,-0.912291,1.705083,0.533019,-6.742035,0.000865,,,,,,,,,,,,
1,0.008333,0.002793,-0.409574,0.005459,-0.912256,1.704072,0.533067,-6.740814,0.000865,,,,,,,,,,,,
2,0.016667,0.002709,-0.409705,0.005417,-0.912198,1.703024,0.533039,-6.739603,0.00089,,,,,,,,,,,,
3,0.025,0.002648,-0.409813,0.005315,-0.91215,1.702033,0.533064,-6.738372,0.00088,,,,,,,,,,,,
4,0.033333,0.00255,-0.409947,0.005259,-0.91209,1.700996,0.533079,-6.737092,0.00088,,,,,,,,,,,,
5,0.041667,0.002461,-0.410033,0.005233,-0.912053,1.699925,0.533047,-6.735841,0.000902,,,,,,,,,,,,
6,0.05,0.002294,-0.410161,0.005146,-0.911996,1.698834,0.53316,-6.734598,0.000907,,,,,,,,,,,,
7,0.058333,0.002259,-0.410275,0.005118,-0.911945,1.697794,0.533128,-6.733299,0.000893,,,,,,,,,,,,
8,0.066667,0.002176,-0.410383,0.00508,-0.911896,1.696697,0.533128,-6.732032,0.000906,,,,,,,,,,,,
9,0.075,0.002178,-0.410539,0.005003,-0.911827,1.695619,0.533105,-6.730742,0.000892,,,,,,,,,,,,
10,0.083333,0.002098,-0.410613,0.00493,-0.911794,1.694548,0.533088,-6.729447,0.000902,,,,,,,,,,,,
11,0.091667,0.001985,-0.410736,0.004916,-0.911739,1.69342,0.533051,-6.728134,0.000919,,,,,,,,,,,,
12,0.1,0.002008,-0.410844,0.004846,-0.911691,1.692334,0.533013,-6.726806,0.000935,,,,,,,,,,,,
13,0.108333,0.001857,-0.410868,0.004573,-0.911681,1.691161,0.532933,-6.725492,0.00093,,,,,,,,,,,,
14,0.116667,0.001829,-0.411001,0.004635,-0.911621,1.690067,0.532882,-6.724136,0.000943,,,,,,,,,,,,
15,0.125,0.001933,-0.41125,0.004743,-0.911508,1.688987,0.532918,-6.722744,0.000961,,,,,,,,,,,,
16,0.133333,0.001939,-0.411411,0.004774,-0.911435,1.687857,0.532868,-6.721382,0.000979,,,,,,,,,,,,
17,0.141667,0.001901,-0.41152,0.004855,-0.911386,1.686732,0.532803,-6.720015,0.000945,,,,,,,,,,,,
18,0.15,0.001964,-0.41165,0.004772,-0.911327,1.685629,0.532783,-6.718613,0.000963,,,,,,,,,,,,
19,0.158333,0.001893,-0.411772,0.00475,-0.911273,1.684492,0.532721,-6.717252,0.000975,,,,,,,,,,,,
20,0.166667,0.002004,-0.411918,0.004838,-0.911206,1.683332,0.53265,-6.715833,0.00097,,,,,,,,,,,,
21,0.175,0.001946,-0.412068,0.004805,-0.911138,1.682157,0.532599,-6.714434,0.000973,,,,,,,,,,,,
22,0.183333,,,,,,,,,,,,,,,,,,,,
23,0.191667,0.00203,-0.412349,0.004893,-0.911011,1.679837,0.532467,-6.711605,0.00098,,,,,,,,,,,,
24,0.2,0.002022,-0.412499,0.00485,-0.910943,1.678697,0.532394,-6.710183,0.000991,,,,,,,,,,,,
25,0.208333,0.002165,-0.41264,0.004934,-0.910878,1.677519,0.532323,-6.708732,0.001015,,,,,,,,,,,,
26,0.216667,0.002395,-0.412736,0.00501,-0.910834,1.676294,0.53233,-6.7073,0.001081,,,,,,,,,,,,
27,0.225,0.002526,-0.412902,0.005087,-0.910758,1.675104,0.532209,-6.705857,0.001084,,,,,,,,,,,,
28,0.233333,0.002564,-0.412951,0.004937,-0.910736,1.673805,0.532036,-6.704423,0.001069,,,,,,,,,,,,
29,0.241667,0.003387,-0.414216,0.005957,-0.910153,1.673378,0.532551,-6.70247,0.001014,,,,,,,,,,,,
30,0.25,0.003435,-0.41435,0.006026,-0.910091,1.672181,0.532446,-6.701013,0.001032,,,,,,,,,,,,
31,0.258333,0.002699,-0.413457,0.005263,-0.910504,1.670354,0.532,-6.699984,0.001029,,,,,,,,,,,,
32,0.266667,0.003554,-0.414693,0.006117,-0.909934,1.669774,0.532321,-6.698022,0.001034,,,,,,,,,,,,
33,0.275,0.003747,-0.414852,0.006225,-0.90986,1.668499,0.532221,-6.696527,0.001037,,,,,,,,,,,,
34,0.283333,0.003017,-0.413965,0.005409,-0.910272,1.666686,0.531751,-6.695466,0.001026,,,,,,,,,,,,
35,0.291667,0.003942,-0.415206,0.006335,-0.909697,1.66605,0.532089,-6.69349,0.001018,,,,,,,,,,,,
36,0.3,0.002963,-0.414983,0.006071,-0.909804,1.664581,0.531811,-6.692136,0.00106,,,,,,,,,,,,
37,0.308333,0.003161,-0.415126,0.006066,-0.909738,1.663352,0.531753,-6.69058,0.001079,,,,,,,,,,,,
38,0.316667,0.003187,-0.415298,0.00621,-0.909659,1.662112,0.531675,-6.689043,0.001076,,,,,,,,,,,,
39,0.325,0.003191,-0.415145,0.005817,-0.909731,1.660541,0.531339,-6.687679,0.00117,,,,,,,,,,,,
40,0.333333,0.003456,-0.415657,0.006329,-0.909493,1.659596,0.531577,-6.685939,0.00106,,,,,,,,,,,,
41,0.341667,0.00356,-0.415835,0.00645,-0.90941,1.658308,0.531497,-6.68437,0.001075,,,,,,,,,,,,
42,0.35,0.00368,-0.415995,0.006438,-0.909337,1.657054,0.531478,-6.682775,0.001058,,,,,,,,,,,,
43,0.358333,0.003783,-0.416156,0.006564,-0.909262,1.655759,0.53141,-6.68121,0.001053,,,,,,,,,,,,
44,0.366667,0.00393,-0.416329,0.006542,-0.909182,1.654484,0.531383,-6.679596,0.001054,,,,,,,,,,,,
45,0.375,0.004106,-0.416551,0.006651,-0.909079,1.65318,0.531336,-6.677989,0.001036,,,,,,,,,,,,
46,0.383333,0.004188,-0.416591,0.006475,-0.909061,1.65172,0.531151,-6.676415,0.001109,,,,,,,,,,,,
47,0.391667,0.004274,-0.41671,0.006584,-0.909006,1.650228,0.530981,-6.674856,0.001153,,,,,,,,,,,,
48,0.4,0.004532,-0.417098,0.006874,-0.908824,1.649189,0.531171,-6.673054,0.001055,,,,,,,,,,,,
49,0.408333,0.004645,-0.41711,0.006543,-0.908821,1.647803,0.531038,-6.671456,0.001081,,,,,,,,,,,,
50,0.416667,0.004764,-0.417457,0.006976,-0.908658,1.646519,0.531126,-6.669745,0.001039,,,,,,,,,,,,
51,0.425,0.004832,-0.417507,0.006679,-0.908636,1.645074,0.530984,-6.668138,0.001115,,,,,,,,,,,,
52,0.433333,0.00502,-0.417861,0.007015,-0.90847,1.643819,0.531102,-6.666383,0.001058,,,,,,,,,,,,
53,0.441667,0.004941,-0.417838,0.006916,-0.908482,1.642168,0.530837,-6.664835,0.00119,,,,,,,,,,,,
54,0.45,0.005241,-0.418208,0.007064,-0.908309,1.641095,0.531045,-6.662982,0.001055,,,,,,,,,,,,
55,0.458333,0.005313,-0.418425,0.007163,-0.908208,1.639706,0.531006,-6.66125,0.001051,,,,,,,,,,,,
56,0.466667,0.005502,-0.418599,0.007096,-0.908127,1.638304,0.531008,-6.659531,0.001075,,,,,,,,,,,,
57,0.475,0.005582,-0.41884,0.007219,-0.908014,1.636919,0.531024,-6.657776,0.001061,,,,,,,,,,,,
58,0.483333,0.005527,-0.418771,0.007029,-0.908048,1.635238,0.530804,-6.656169,0.001186,,,,,,,,,,,,
59,0.491667,0.00557,-0.419,0.007132,-0.907941,1.633852,0.530811,-6.654422,0.001182,,,,,,,,,,,,
60,0.5,0.005899,-0.418957,0.006548,-0.907963,1.63239,0.530724,-6.652727,0.000905,,,,,,,,,,,,
61,0.508333,0.005875,-0.41911,0.006642,-0.907892,1.630643,0.530515,-6.651067,0.000843,,,,,,,,,,,,
62,0.516667,0.006079,-0.419273,0.006337,-0.907818,1.629423,0.530643,-6.649185,0.000862,,,,,,,,,,,,
63,0.525,0.006212,-0.419595,0.006636,-0.907666,1.628083,0.530756,-6.647329,0.000896,,,,,,,,,,,,
64,0.533333,0.006077,-0.419584,0.006315,-0.907674,1.626341,0.530525,-6.645663,0.000756,,,,,,,,,,,,
65,0.541667,0.006373,-0.41995,0.006606,-0.907501,1.625195,0.530785,-6.64369,0.000895,,,,,,,,,,,,
66,0.55,0.006477,-0.420534,0.00722,-0.907225,1.624044,0.531166,-6.641589,0.001076,,,,,,,,,,,,
67,0.558333,0.006527,-0.420746,0.00726,-0.907126,1.622551,0.531153,-6.639752,0.001067,,,,,,,,,,,,
68,0.566667,0.006682,-0.420547,0.00654,-0.907223,1.620782,0.530913,-6.638118,0.000887,,,,,,,,,,,,
69,0.575,0.006652,-0.42114,0.007297,-0.906942,1.619612,0.531235,-6.636041,0.001074,,,,,,,,,,,,
70,0.583333,0.006742,-0.420956,0.006517,-0.907032,1.617849,0.531014,-6.634359,0.000912,,,,,,,,,,,,
71,0.591667,0.006838,-0.421138,0.006539,-0.906947,1.616305,0.530975,-6.632443,0.000901,,,,,,,,,,,,
72,0.6,0.006859,-0.421314,0.006539,-0.906865,1.614792,0.531047,-6.630539,0.000912,,,,,,,,,,,,
73,0.608333,0.006914,-0.421535,0.006448,-0.906763,1.61327,0.531075,-6.628631,0.000925,,,,,,,,,,,,
74,0.616667,0.006921,-0.421588,0.006189,-0.90674,1.611668,0.531023,-6.626752,0.000917,,,,,,,,,,,,
75,0.625,0.007518,-0.421998,0.006495,-0.906542,1.610051,0.531041,-6.624824,0.001025,,,,,,,,,,,,
76,0.633333,0.007834,-0.422247,0.00632,-0.906425,1.608719,0.531202,-6.622754,0.000995,,,,,,,,,,,,
77,0.641667,0.008202,-0.423082,0.007338,-0.906025,1.607676,0.531783,-6.620498,0.001074,,,,,,,,,,,,
78,0.65,0.007904,-0.422588,0.006228,-0.906266,1.605587,0.531254,-6.61887,0.000978,,,,,,,,,,,,
79,0.658333,0.008215,-0.422961,0.006454,-0.906088,1.604167,0.531484,-6.616843,0.000984,,,,,,,,,,,,
80,0.666667,0.00799,-0.422944,0.006136,-0.9061,1.602505,0.531355,-6.614907,0.000998,,,,,,,,,,,,
81,0.675,0.007957,-0.423121,0.006032,-0.906018,1.600908,0.531404,-6.612918,0.001012,,,,,,,,,,,,
82,0.683333,0.008112,-0.423345,0.006028,-0.905912,1.599307,0.531421,-6.61093,0.000992,,,,,,,,,,,,
83,0.691667,0.00788,-0.423453,0.006159,-0.905863,1.597502,0.531311,-6.609054,0.001004,,,,,,,,,,,,
84,0.7,0.008445,-0.423905,0.006182,-0.905646,1.596303,0.531671,-6.606869,0.001025,,,,,,,,,,,,
85,0.708333,0.008045,-0.423814,0.006141,-0.905693,1.594316,0.531383,-6.604996,0.001018,,,,,,,,,,,,
86,0.716667,0.008197,-0.424084,0.005755,-0.905567,1.592937,0.531612,-6.602863,0.001026,,,,,,,,,,,,
87,0.725,0.008721,-0.424534,0.006164,-0.905349,1.591433,0.531715,-6.600787,0.001005,,,,,,,,,,,,
88,0.733333,0.008741,-0.424684,0.006066,-0.905279,1.589799,0.531776,-6.598776,0.001033,,,,,,,,,,,,
89,0.741667,0.008673,-0.424805,0.005993,-0.905223,1.58818,0.531794,-6.59673,0.001024,,,,,,,,,,,,
90,0.75,0.008745,-0.42505,0.00593,-0.905108,1.586526,0.531813,-6.594679,0.001052,,,,,,,,,,,,
91,0.758333,0.00844,-0.425012,0.00544,-0.905132,1.584718,0.531686,-6.592662,0.001023,,,,,,,,,,,,
92,0.766667,0.00861,-0.425206,0.0055,-0.905039,1.583045,0.531696,-6.590602,0.00106,,,,,,,,,,,,
93,0.775,0.008459,-0.425383,0.005327,-0.904958,1.581452,0.531735,-6.588566,0.001023,,,,,,,,,,,,
94,0.783333,0.008597,-0.425589,0.005338,-0.90486,1.579729,0.53171,-6.586487,0.001023,,,,,,,,,,,,
95,0.791667,0.008525,-0.425762,0.005292,-0.904779,1.578072,0.531727,-6.584423,0.001049,,,,,,,,,,,,
96,0.8,0.00851,-0.425893,0.005433,-0.904717,1.576214,0.53158,-6.582426,0.00105,,,,,,,,,,,,
97,0.808333,0.008691,-0.426209,0.005152,-0.904568,1.574733,0.53171,-6.58021,0.00105,,,,,,,,,,,,
98,0.816667,0.009242,-0.426544,0.005471,-0.904403,1.573211,0.531875,-6.578074,0.00108,,,,,,,,,,,,
99,0.825,0.00863,-0.426512,0.005295,-0.904425,1.571144,0.531553,-6.57613,0.001118,,,,,,,,,,,,
100,0.833333,0.01001,-0.427245,0.005573,-0.904063,1.569951,0.531981,-6.573759,0.001019,,,,,,,,,,,,
101,0.841667,0.008195,-0.426723,0.004824,-0.904332,1.567802,0.531581,-6.571939,0.000965,,,,,,,,,,,,
102,0.85,0.008323,-0.427054,0.005031,-0.904174,1.566226,0.531711,-6.569791,0.000995,,,,,,,,,,,,
103,0.858333,0.008667,-0.42717,0.004592,-0.904118,1.564354,0.531018,-6.567715,0.000842,,,,,,,,,,,,
104,0.866667,0.008642,-0.42732,0.004597,-0.904047,1.562652,0.530989,-6.565594,0.000788,,,,,,,,,,,,
105,0.875,0.008554,-0.427489,0.004787,-0.903967,1.560697,0.530898,-6.563539,0.000668,,,,,,,,,,,,
106,0.883333,0.00874,-0.427747,0.004501,-0.903845,1.559148,0.530916,-6.561354,0.000806,,,,,,,,,,,,
107,0.891667,0.008764,-0.427916,0.004424,-0.903765,1.557458,0.530905,-6.559213,0.00081,,,,,,,,,,,,
108,0.9,0.008639,-0.428131,0.004728,-0.903663,1.555695,0.531039,-6.557016,0.000844,,,,,,,,,,,,
109,0.908333,0.008953,-0.428357,0.004379,-0.903555,1.554005,0.530839,-6.554924,0.000824,,,,,,,,,,,,
110,0.916667,0.008958,-0.428592,0.004434,-0.903443,1.552264,0.530827,-6.552783,0.000782,,,,,,,,,,,,
111,0.925,0.008793,-0.42874,0.00448,-0.903374,1.550236,0.530611,-6.55074,0.000542,,,,,,,,,,,,
112,0.933333,0.00903,-0.429023,0.004348,-0.903238,1.548802,0.530754,-6.548505,0.000834,,,,,,,,,,,,
113,0.941667,0.009258,-0.429324,0.004693,-0.903091,1.547201,0.530826,-6.546325,0.000871,,,,,,,,,,,,
114,0.95,0.009186,-0.429491,0.004692,-0.903012,1.545434,0.530793,-6.544173,0.000862,,,,,,,,,,,,
115,0.958333,0.009259,-0.429783,0.004642,-0.902873,1.543684,0.530766,-6.542023,0.000829,,,,,,,,,,,,
116,0.966667,0.009191,-0.429793,0.004339,-0.90287,1.541824,0.530625,-6.539935,0.000812,,,,,,,,,,,,
117,0.975,0.009015,-0.430015,0.004684,-0.902765,1.539935,0.530562,-6.537822,0.000668,,,,,,,,,,,,
118,0.983333,0.009306,-0.430242,0.004446,-0.902655,1.538363,0.530531,-6.535575,0.000838,,,,,,,,,,,,
119,0.991667,0.009198,-0.430417,0.004481,-0.902572,1.536685,0.530604,-6.533448,0.000811,,,,,,,,,,,,
120,1,0.009484,-0.430986,0.005002,-0.902295,1.534286,0.530181,-6.531503,0.000548,,,,,,,,,,,,
121,1.008333,0.009262,-0.430969,0.004714,-0.902307,1.532981,0.530475,-6.529129,0.000875,,,,,,,,,,,,
122,1.016667,0.009828,-0.431603,0.005363,-0.901994,1.531145,0.530344,-6.527094,0.000898,,,,,,,,,,,,
123,1.025,0.009393,-0.431445,0.005195,-0.902076,1.52964,0.530517,-6.52479,0.000924,,,,,,,,,,,,
124,1.033333,0.00916,-0.431571,0.005153,-0.902018,1.527622,0.530398,-6.522731,0.000694,,,,,,,,,,,,
125,1.041667,0.009438,-0.431906,0.005375,-0.901853,1.526165,0.530488,-6.520484,0.0009,,,,,,,,,,,,
126,1.05,0.009215,-0.432039,0.005439,-0.901792,1.524147,0.53035,-6.518368,0.000696,,,,,,,,,,,,
127,1.058333,0.009421,-0.432209,0.005258,-0.901709,1.522583,0.530371,-6.516158,0.000919,,,,,,,,,,,,
128,1.066667,0.009226,-0.432415,0.005425,-0.901611,1.52066,0.530256,-6.514039,0.000614,,,,,,,,,,,,
129,1.075,0.009589,-0.432845,0.005906,-0.901398,1.519244,0.530454,-6.511789,0.000947,,,,,,,,,,,,
130,1.083333,0.009615,-0.433033,0.005919,-0.901307,1.517549,0.530494,-6.509635,0.000936,,,,,,,,,,,,
131,1.091667,0.009283,-0.433103,0.0059,-0.901277,1.515465,0.530246,-6.507511,0.000597,,,,,,,,,,,,
132,1.1,0.009437,-0.433377,0.006247,-0.901142,1.513826,0.530384,-6.505305,0.000702,,,,,,,,,,,,
133,1.108333,0.009297,-0.433554,0.006133,-0.901059,1.512049,0.530305,-6.503154,0.000564,,,,,,,,,,,,
134,1.116667,0.009353,-0.433758,0.006208,-0.900959,1.510592,0.530468,-6.500876,0.000852,,,,,,,,,,,,
135,1.125,0.009461,-0.434079,0.006674,-0.9008,1.508933,0.530595,-6.498675,0.000926,,,,,,,,,,,,
136,1.133333,0.009336,-0.43423,0.006527,-0.90073,1.507142,0.530509,-6.496471,0.000865,,,,,,,,,,,,
137,1.141667,0.00932,-0.43444,0.006698,-0.900628,1.505402,0.530565,-6.494284,0.000905,,,,,,,,,,,,
138,1.15,0.00931,-0.434692,0.006844,-0.900505,1.503697,0.530592,-6.492065,0.0009,,,,,,,,,,,,
139,1.158333,0.009126,-0.434975,0.007282,-0.900367,1.501823,0.530601,-6.489889,0.000688,,,,,,,,,,,,
140,1.166667,0.009097,-0.435146,0.007234,-0.900285,1.49997,0.530533,-6.487695,0.000599,,,,,,,,,,,,
141,1.175,0.009241,-0.435508,0.007568,-0.900105,1.498609,0.530855,-6.485372,0.000939,,,,,,,,,,,,
142,1.183333,0.009159,-0.435704,0.007752,-0.90001,1.496926,0.530939,-6.483145,0.000939,,,,,,,,,,,,
143,1.191667,0.009152,-0.43594,0.007893,-0.899895,1.495182,0.530984,-6.480905,0.000952,,,,,,,,,,,,
144,1.2,0.008804,-0.436036,0.007699,-0.899853,1.493305,0.530934,-6.47863,0.000896,,,,,,,,,,,,
145,1.208333,0.008827,-0.436013,0.007613,-0.899865,1.49137,0.530913,-6.476453,0.000969,,,,,,,,,,,,
146,1.216667,0.008839,-0.436608,0.008283,-0.89957,1.489937,0.531155,-6.474115,0.000949,,,,,,,,,,,,
147,1.225,0.008596,-0.436484,0.007933,-0.899636,1.487857,0.531057,-6.47188,0.000978,,,,,,,,,,,,
148,1.233333,0.008539,-0.436703,0.007965,-0.89953,1.486189,0.531129,-6.469627,0.000963,,,,,,,,,,,,
149,1.241667,0.00843,-0.436952,0.008104,-0.899409,1.4844,0.531209,-6.467294,0.000985,,,,,,,,,,,,
150,1.25,0.008313,-0.437162,0.008198,-0.899307,1.48262,0.531304,-6.465019,0.000998,,,,,,,,,,,,
151,1.258333,0.008193,-0.437617,0.00851,-0.899084,1.481119,0.531428,-6.462645,0.00088,,,,,,,,,,,,
152,1.266667,0.008164,-0.437899,0.008556,-0.898946,1.479345,0.531529,-6.460321,0.000925,,,,,,,,,,,,
153,1.275,0.007921,-0.438114,0.008686,-0.898843,1.477528,0.531528,-6.458003,0.000922,,,,,,,,,,,,
154,1.283333,0.007913,-0.438471,0.009166,-0.898664,1.476061,0.531794,-6.455648,0.000852,,,,,,,,,,,,
155,1.291667,0.00766,-0.438489,0.008685,-0.898662,1.474179,0.531696,-6.453367,0.000875,,,,,,,,,,,,
156,1.3,0.007622,-0.438913,0.009242,-0.89845,1.472482,0.531932,-6.450957,0.000856,,,,,,,,,,,,
157,1.308333,0.007492,-0.438642,0.008436,-0.898591,1.470312,0.53175,-6.448731,0.000966,,,,,,,,,,,,
158,1.316667,0.007406,-0.439423,0.009322,-0.898201,1.468894,0.532081,-6.446214,0.000788,,,,,,,,,,,,
159,1.325,0.00705,-0.439525,0.009293,-0.898155,1.46672,0.531968,-6.443911,0.000625,,,,,,,,,,,,
160,1.333333,0.00702,-0.439686,0.008811,-0.898081,1.465129,0.532041,-6.441472,0.000826,,,,,,,,,,,,
161,1.341667,0.007058,-0.440155,0.009285,-0.897846,1.463396,0.532222,-6.439021,0.000843,,,,,,,,,,,,
162,1.35,0.006769,-0.439789,0.008425,-0.898036,1.461198,0.532002,-6.436759,0.001024,,,,,,,,,,,,
163,1.358333,0.006539,-0.440088,0.008328,-0.897892,1.459319,0.532022,-6.434328,0.001,,,,,,,,,,,,
164,1.366667,0.006472,-0.440279,0.008282,-0.8978,1.457511,0.532082,-6.431875,0.000965,,,,,,,,,,,,
165,1.375,0.006286,-0.440531,0.008196,-0.897678,1.455686,0.532074,-6.429481,0.000993,,,,,,,,,,,,
166,1.383333,0.006182,-0.440801,0.008212,-0.897546,1.453827,0.532158,-6.426983,0.001004,,,,,,,,,,,,
167,1.391667,0.006097,-0.441062,0.008103,-0.897419,1.452054,0.532166,-6.42455,0.000941,,,,,,,,,,,,
168,1.4,0.005899,-0.441295,0.008086,-0.897306,1.450148,0.532193,-6.422081,0.000978,,,,,,,,,,,,
169,1.408333,0.005704,-0.441884,0.008282,-0.897016,1.448524,0.532332,-6.419493,0.000918,,,,,,,,,,,,
170,1.416667,0.005581,-0.441763,0.007874,-0.89708,1.446433,0.532225,-6.41712,0.000958,,,,,,,,,,,,
171,1.425,0.00526,-0.44199,0.007893,-0.89697,1.444248,0.532073,-6.414733,0.000596,,,,,,,,,,,,
172,1.433333,0.005279,-0.442264,0.007627,-0.896837,1.442725,0.532275,-6.412145,0.001009,,,,,,,,,,,,
173,1.441667,0.005264,-0.442541,0.007595,-0.8967,1.440852,0.532212,-6.409603,0.001007,,,,,,,,,,,,
174,1.45,0.005077,-0.442823,0.007459,-0.896564,1.439004,0.532234,-6.40711,0.000964,,,,,,,,,,,,
175,1.458333,0.004897,-0.443108,0.007422,-0.896424,1.437083,0.532241,-6.40457,0.00097,,,,,,,,,,,,
176,1.466667,0.004799,-0.4433,0.0072,-0.896332,1.435251,0.532162,-6.402101,0.000949,,,,,,,,,,,,
177,1.475,0.004482,-0.443531,0.007157,-0.896219,1.433038,0.53201,-6.399619,0.000658,,,,,,,,,,,,
178,1.483333,0.004453,-0.443761,0.007016,-0.896107,1.431492,0.532155,-6.397042,0.000976,,,,,,,,,,,,
179,1.491667,0.004492,-0.444115,0.006844,-0.895932,1.429616,0.532088,-6.394454,0.000965,,,,,,,,,,,,
180,1.5,0.004296,-0.44494,0.007868,-0.895515,1.428212,0.53262,-6.391652,0.001355,,,,,,,,,,,,
181,1.508333,0.004228,-0.445262,0.007716,-0.895357,1.426365,0.532584,-6.389097,0.001361,,,,,,,,,,,,
182,1.516667,0.00411,-0.445422,0.007595,-0.895279,1.424459,0.532503,-6.386557,0.00134,,,,,,,,,,,,
183,1.525,0.003919,-0.44572,0.007408,-0.895133,1.422579,0.532467,-6.384002,0.001363,,,,,,,,,,,,
184,1.533333,0.003748,-0.445343,0.006283,-0.89533,1.420003,0.531712,-6.381799,0.000561,,,,,,,,,,,,
185,1.541667,0.003867,-0.446254,0.007197,-0.894869,1.418864,0.532358,-6.378886,0.001342,,,,,,,,,,,,
186,1.55,0.00376,-0.446519,0.00712,-0.894738,1.417032,0.532303,-6.376322,0.001324,,,,,,,,,,,,
187,1.558333,0.003685,-0.446809,0.006918,-0.894595,1.415173,0.532229,-6.373748,0.001275,,,,,,,,,,,,
188,1.566667,0.003597,-0.447034,0.006861,-0.894484,1.413277,0.532153,-6.371191,0.001311,,,,,,,,,,,,
189,1.575,0.003522,-0.447277,0.006688,-0.894364,1.411428,0.532095,-6.368612,0.001374,,,,,,,,,,,,
190,1.583333,0.003559,-0.447739,0.006787,-0.894131,1.409687,0.532022,-6.366023,0.001226,,,,,,,,,,,,
191,1.591667,0.00339,-0.447752,0.006451,-0.894128,1.407669,0.53196,-6.36346,0.001374,,,,,,,,,,,,
192,1.6,0.003473,-0.448295,0.006564,-0.893855,1.405926,0.531853,-6.360868,0.001213,,,,,,,,,,,,
193,1.608333,0.003339,-0.448285,0.00626,-0.893863,1.403957,0.5318,-6.358307,0.00134,,,,,,,,,,,,
194,1.616667,0.003632,-0.448909,0.006358,-0.893548,1.402588,0.532122,-6.355533,0.001062,,,,,,,,,,,,
195,1.625,0.003517,-0.449109,0.00629,-0.893448,1.40072,0.532009,-6.352947,0.001071,,,,,,,,,,,,
196,1.633333,0.003577,-0.449438,0.006219,-0.893283,1.398851,0.531951,-6.350372,0.00109,,,,,,,,,,,,
197,1.641667,0.00305,-0.450102,0.006894,-0.892945,1.396306,0.531781,-6.347878,0.001606,,,,,,,,,,,,
198,1.65,0.003198,-0.449391,0.005474,-0.893313,1.394576,0.531321,-6.345427,0.000887,,,,,,,,,,,,
199,1.658333,0.003605,-0.450117,0.006095,-0.892941,1.393201,0.531798,-6.342544,0.001088,,,,,,,,,,,,
200,1.666667,0.003603,-0.450473,0.005889,-0.892764,1.391383,0.531624,-6.339957,0.001055,,,,,,,,,,,,
201,1.675,0.00368,-0.450711,0.006049,-0.892642,1.389466,0.531634,-6.337366,0.0011,,,,,,,,,,,,
202,1.683333,0.003592,-0.451001,0.005735,-0.892498,1.38767,0.531488,-6.334796,0.001071,,,,,,,,,,,,
203,1.691667,0.003745,-0.451209,0.005876,-0.892391,1.385756,0.531465,-6.33213,0.001114,,,,,,,,,,,,
204,1.7,0.003668,-0.451527,0.005628,-0.892232,1.383965,0.531295,-6.329577,0.001072,,,,,,,,,,,,
205,1.708333,0.003907,-0.451757,0.005798,-0.892114,1.382003,0.531287,-6.326905,0.00113,,,,,,,,,,,,
206,1.716667,0.003438,-0.451534,0.004971,-0.892233,1.379636,0.530621,-6.324604,0.00085,,,,,,,,,,,,
207,1.725,0.003931,-0.452318,0.00574,-0.89183,1.378277,0.531134,-6.321705,0.001102,,,,,,,,,,,,
208,1.733333,0.003988,-0.452594,0.005483,-0.891691,1.376501,0.530942,-6.319118,0.001061,,,,,,,,,,,,
209,1.741667,0.004056,-0.452895,0.005482,-0.891538,1.374655,0.530876,-6.316469,0.001066,,,,,,,,,,,,
210,1.75,0.004134,-0.453144,0.005416,-0.891412,1.372787,0.530811,-6.313866,0.00109,,,,,,,,,,,,
211,1.758333,0.004255,-0.453447,0.005392,-0.891257,1.370907,0.530712,-6.311234,0.001093,,,,,,,,,,,,
212,1.766667,0.004288,-0.453657,0.005428,-0.89115,1.36905,0.530651,-6.308626,0.001085,,,,,,,,,,,,
213,1.775,0.004457,-0.453965,0.005364,-0.890992,1.367152,0.530497,-6.305943,0.001082,,,,,,,,,,,,
214,1.783333,0.004447,-0.454204,0.005324,-0.890871,1.365367,0.530505,-6.303336,0.00105,,,,,,,,,,,,
215,1.791667,0.004607,-0.454508,0.005322,-0.890715,1.363452,0.53037,-6.300644,0.001102,,,,,,,,,,,,
216,1.8,0.004747,-0.45477,0.00502,-0.890582,1.361703,0.530188,-6.298074,0.001,,,,,,,,,,,,
217,1.808333,0.004775,-0.454953,0.005066,-0.890488,1.359402,0.529686,-6.295485,0.00118,,,,,,,,,,,,
218,1.816667,0.004846,-0.455285,0.005067,-0.890318,1.357616,0.529636,-6.292836,0.001173,,,,,,,,,,,,
219,1.825,0.004809,-0.455261,0.004754,-0.890333,1.355584,0.529482,-6.290133,0.001297,,,,,,,,,,,,
220,1.833333,0.005071,-0.455856,0.00504,-0.890025,1.353903,0.52949,-6.287441,0.001158,,,,,,,,,,,,
221,1.841667,0.005008,-0.45605,0.005098,-0.889926,1.352016,0.529388,-6.28475,0.001079,,,,,,,,,,,,
222,1.85,0.005111,-0.456202,0.004891,-0.889848,1.349748,0.529161,-6.282071,0.001072,,,,,,,,,,,,
223,1.858333,0.004909,-0.456824,0.005578,-0.889526,1.34763,0.528901,-6.279433,0.001002,,,,,,,,,,,,
224,1.866667,0.004877,-0.457552,0.005797,-0.889151,1.345444,0.528871,-6.276734,0.001235,,,,,,,,,,,,
225,1.875,0.004959,-0.457815,0.005733,-0.889015,1.343566,0.528753,-6.273984,0.001224,,,,,,,,,,,,
226,1.883333,0.005514,-0.457306,0.004949,-0.889278,1.342469,0.528884,-6.271131,0.001046,,,,,,,,,,,,
227,1.891667,0.005507,-0.457616,0.005003,-0.889119,1.340619,0.528807,-6.268348,0.001064,,,,,,,,,,,,
228,1.9,0.005621,-0.457849,0.005066,-0.888998,1.338825,0.528752,-6.265589,0.001029,,,,,,,,,,,,
229,1.908333,0.005692,-0.458201,0.00509,-0.888816,1.336977,0.528698,-6.262783,0.001074,,,,,,,,,,,,
230,1.916667,0.005321,-0.459184,0.005987,-0.888305,1.334462,0.528484,-6.260159,0.001268,,,,,,,,,,,,
231,1.925,0.005869,-0.458745,0.005152,-0.888534,1.333366,0.528577,-6.257208,0.00106,,,,,,,,,,,,
232,1.933333,0.005686,-0.458536,0.004558,-0.888646,1.33103,0.528269,-6.254414,0.001117,,,,,,,,,,,,
233,1.941667,0.005947,-0.459247,0.00526,-0.888273,1.329653,0.528386,-6.251607,0.00106,,,,,,,,,,,,
234,1.95,0.005828,-0.459154,0.004668,-0.888325,1.327406,0.528165,-6.248748,0.001098,,,,,,,,,,,,
235,1.958333,0.006208,-0.45995,0.005463,-0.887906,1.3263,0.528361,-6.245876,0.000935,,,,,,,,,,,,
236,1.966667,0.006038,-0.45984,0.004849,-0.887968,1.32413,0.528115,-6.243037,0.001055,,,,,,,,,,,,
237,1.975,0.00638,-0.460556,0.005586,-0.88759,1.322704,0.528229,-6.240177,0.00095,,,,,,,,,,,,
238,1.983333,0.005916,-0.46154,0.006458,-0.887076,1.320218,0.527987,-6.237425,0.001219,,,,,,,,,,,,
239,1.991667,0.00589,-0.461737,0.00648,-0.886974,1.318069,0.527879,-6.234615,0.001256,,,,,,,,,,,,
240,2,0.006242,-0.461207,0.00576,-0.887252,1.31702,0.527989,-6.231607,0.001105,,,,,,,,,,,,
241,2.008333,0.006283,-0.461487,0.005843,-0.887106,1.315231,0.527936,-6.228746,0.001068,,,,,,,,,,,,
242,2.016667,0.006454,-0.461939,0.005919,-0.886868,1.313619,0.52787,-6.225756,0.000974,,,,,,,,,,,,
243,2.025,0.005997,-0.462906,0.006859,-0.88636,1.311118,0.527672,-6.222986,0.001238,,,,,,,,,,,,
244,2.033333,0.006049,-0.463229,0.006917,-0.886191,1.309373,0.527612,-6.22008,0.001246,,,,,,,,,,,,
245,2.041667,0.006321,-0.462302,0.005585,-0.886683,1.307851,0.527536,-6.217032,0.001163,,,,,,,,,,,,
246,2.05,0.006046,-0.462937,0.006361,-0.886348,1.305749,0.527302,-6.214212,0.001099,,,,,,,,,,,,
247,2.058333,0.006921,-0.463326,0.006199,-0.886139,1.304556,0.52748,-6.211183,0.001068,,,,,,,,,,,,
248,2.066667,0.006173,-0.463772,0.007134,-0.885905,1.302302,0.527325,-6.208334,0.001114,,,,,,,,,,,,
249,2.075,0.006228,-0.464125,0.00717,-0.885719,1.300733,0.52736,-6.205352,0.001111,,,,,,,,,,,,
250,2.083333,0.006153,-0.463534,0.005925,-0.886038,1.298651,0.527254,-6.202347,0.001158,,,,,,,,,,,,
251,2.091667,0.006224,-0.464662,0.007425,-0.885435,1.297231,0.527261,-6.199455,0.001077,,,,,,,,,,,,
252,2.1,0.006553,-0.464637,0.006686,-0.885452,1.295709,0.52736,-6.196377,0.001033,,,,,,,,,,,,
253,2.108333,0.006498,-0.464936,0.006756,-0.885295,1.293961,0.527323,-6.193388,0.001013,,,,,,,,,,,,
254,2.116667,0.006155,-0.465373,0.007585,-0.885061,1.291566,0.527048,-6.190537,0.001128,,,,,,,,,,,,
255,2.125,0.006116,-0.465674,0.007669,-0.884902,1.28981,0.527005,-6.187528,0.001137,,,,,,,,,,,,
256,2.133333,0.006212,-0.465953,0.007747,-0.884754,1.288033,0.526953,-6.184529,0.001093,,,,,,,,,,,,
257,2.141667,0.006244,-0.46634,0.007789,-0.884549,1.286513,0.526982,-6.181491,0.001085,,,,,,,,,,,,
258,2.15,0.006544,-0.466263,0.0071,-0.884593,1.285104,0.527129,-6.178431,0.001004,,,,,,,,,,,,
259,2.158333,0.006175,-0.466797,0.007931,-0.884307,1.282727,0.526857,-6.175511,0.001125,,,,,,,,,,,,
260,2.166667,0.006476,-0.466818,0.007246,-0.8843,1.281604,0.527088,-6.172427,0.001044,,,,,,,,,,,,
261,2.175,0.00697,-0.467546,0.007621,-0.883908,1.279399,0.52679,-6.169465,0.001029,,,,,,,,,,,,
262,2.183333,0.006182,-0.467749,0.008174,-0.883802,1.277604,0.526815,-6.16643,0.001132,,,,,,,,,,,,
263,2.191667,0.005868,-0.467498,0.007671,-0.883941,1.275153,0.526524,-6.163489,0.001063,,,,,,,,,,,,
264,2.2,0.006068,-0.468173,0.00833,-0.883577,1.273824,0.526727,-6.160432,0.001126,,,,,,,,,,,,
265,2.208333,0.005938,-0.468129,0.007763,-0.883606,1.271593,0.526487,-6.15741,0.001112,,,,,,,,,,,,
266,2.216667,0.006105,-0.468714,0.008449,-0.883288,1.270352,0.52671,-6.154383,0.001106,,,,,,,,,,,,
267,2.225,0.006458,-0.468784,0.007762,-0.883255,1.269215,0.526939,-6.151231,0.001048,,,,,,,,,,,,
268,2.233333,0.00692,-0.469666,0.008511,-0.882776,1.266994,0.526518,-6.148286,0.000997,,,,,,,,,,,,
269,2.241667,0.006223,-0.469353,0.00843,-0.882948,1.265424,0.526757,-6.145228,0.001143,,,,,,,,,,,,
270,2.25,0.00667,-0.470086,0.008765,-0.882552,1.263223,0.526491,-6.142249,0.001121,,,,,,,,,,,,
271,2.258333,0.006716,-0.470379,0.008779,-0.882395,1.261511,0.526488,-6.139191,0.001087,,,,,,,,,,,,
272,2.266667,0.007041,-0.470647,0.008649,-0.882251,1.259583,0.526355,-6.136178,0.001131,,,,,,,,,,,,
273,2.275,0.00671,-0.470947,0.008848,-0.882092,1.258025,0.526481,-6.13309,0.001084,,,,,,,,,,,,
274,2.283333,0.006257,-0.470766,0.008701,-0.882193,1.256642,0.526727,-6.12998,0.001161,,,,,,,,,,,,
275,2.291667,0.006669,-0.471527,0.008934,-0.881781,1.254581,0.526525,-6.126953,0.001125,,,,,,,,,,,,
276,2.3,0.006195,-0.471369,0.008802,-0.88187,1.253281,0.526794,-6.123855,0.001149,,,,,,,,,,,,
277,2.308333,0.006246,-0.471679,0.008826,-0.881704,1.251553,0.526783,-6.120776,0.001128,,,,,,,,,,,,
278,2.316667,0.006747,-0.472421,0.009141,-0.8813,1.249433,0.526578,-6.117767,0.001133,,,,,,,,,,,,
279,2.325,0.006676,-0.472667,0.009187,-0.881168,1.247715,0.526612,-6.114726,0.001147,,,,,,,,,,,,
280,2.333333,0.006699,-0.473019,0.009224,-0.880979,1.245999,0.526653,-6.111632,0.001182,,,,,,,,,,,,
281,2.341667,0.006685,-0.473296,0.009205,-0.88083,1.244326,0.526682,-6.10856,0.00114,,,,,,,,,,,,
282,2.35,0.006138,-0.473107,0.009018,-0.880937,1.243051,0.526986,-6.105443,0.001174,,,,,,,,,,,,
283,2.358333,0.00622,-0.473405,0.009054,-0.880776,1.241289,0.526989,-6.102328,0.001178,,,,,,,,,,,,
284,2.366667,0.006112,-0.473736,0.008988,-0.8806,1.239571,0.527013,-6.099234,0.001188,,,,,,,,,,,,
285,2.375,0.006121,-0.473957,0.009105,-0.88048,1.237901,0.527116,-6.096182,0.001209,,,,,,,,,,,,
286,2.383333,0.005951,-0.474555,0.00929,-0.880157,1.235888,0.527053,-6.093081,0.001186,,,,,,,,,,,,
287,2.391667,0.005938,-0.474854,0.009346,-0.879995,1.234147,0.527141,-6.089976,0.001222,,,,,,,,,,,,
288,2.4,0.005955,-0.47599,0.009599,-0.879378,1.231502,0.526798,-6.087101,0.000991,,,,,,,,,,,,
289,2.408333,0.006461,-0.476288,0.009191,-0.879217,1.22944,0.526772,-6.084056,0.000914,,,,,,,,,,,,
290,2.416667,0.005845,-0.475763,0.009361,-0.879504,1.229105,0.527301,-6.080668,0.001236,,,,,,,,,,,,
291,2.425,0.006464,-0.476923,0.009184,-0.878874,1.226141,0.526887,-6.077846,0.000888,,,,,,,,,,,,
292,2.433333,0.005933,-0.477139,0.009549,-0.878756,1.224823,0.52708,-6.074637,0.000986,,,,,,,,,,,,
293,2.441667,0.005926,-0.477453,0.009469,-0.878586,1.223176,0.527145,-6.071514,0.000952,,,,,,,,,,,,
294,2.45,0.005914,-0.477739,0.009454,-0.878431,1.221461,0.527211,-6.06839,0.000991,,,,,,,,,,,,
295,2.458333,0.005774,-0.477437,0.01038,-0.878586,1.22102,0.528179,-6.065009,0.001087,,,,,,,,,,,,
296,2.466667,0.005892,-0.47837,0.009348,-0.878089,1.218119,0.527372,-6.062107,0.000983,,,,,,,,,,,,
297,2.475,0.005886,-0.478644,0.009317,-0.87794,1.21643,0.527451,-6.058941,0.000994,,,,,,,,,,,,
298,2.483333,0.005809,-0.478106,0.00902,-0.878237,1.215666,0.527839,-6.055626,0.001207,,,,,,,,,,,,
299,2.491667,0.005751,-0.478477,0.00903,-0.878035,1.214,0.527993,-6.052473,0.001228,,,,,,,,,,,,
300,2.5,0.005808,-0.47954,0.009129,-0.877453,1.211328,0.52765,-6.049486,0.001009,,,,,,,,,,,,
301,2.508333,0.005756,-0.479055,0.008851,-0.877721,1.210654,0.528072,-6.046152,0.001206,,,,,,,,,,,,
302,2.516667,0.006294,-0.480207,0.008565,-0.877091,1.207596,0.527703,-6.043265,0.000917,,,,,,,,,,,,
303,2.525,0.006276,-0.480692,0.008343,-0.876827,1.205819,0.527797,-6.040065,0.000911,,,,,,,,,,,,
304,2.533333,0.00573,-0.480741,0.00872,-0.8768,1.204537,0.52793,-6.036804,0.000963,,,,,,,,,,,,
305,2.541667,0.006201,-0.480428,0.008166,-0.876974,1.20346,0.528169,-6.033496,0.00131,,,,,,,,,,,,
306,2.55,0.005721,-0.481312,0.008464,-0.87649,1.201213,0.52813,-6.030421,0.00102,,,,,,,,,,,,
307,2.558333,0.005728,-0.481646,0.00828,-0.876308,1.19952,0.528197,-6.027198,0.000992,,,,,,,,,,,,
308,2.566667,0.005674,-0.481111,0.008031,-0.876604,1.198793,0.52866,-6.023843,0.001232,,,,,,,,,,,,
309,2.575,0.00561,-0.4814,0.007816,-0.876448,1.197089,0.528727,-6.020597,0.001218,,,,,,,,,,,,
310,2.583333,0.005593,-0.481743,0.007622,-0.876261,1.195376,0.528804,-6.017358,0.001264,,,,,,,,,,,,
311,2.591667,0.006228,-0.48293,0.007251,-0.875607,1.19235,0.528379,-6.014389,0.000934,,,,,,,,,,,,
312,2.6,0.0062,-0.483347,0.007051,-0.875379,1.190498,0.52847,-6.011146,0.000977,,,,,,,,,,,,
313,2.608333,0.005675,-0.483422,0.007362,-0.875338,1.189286,0.528597,-6.007806,0.001011,,,,,,,,,,,,
314,2.616667,0.0056,-0.483837,0.007187,-0.875111,1.18748,0.528651,-6.004552,0.001027,,,,,,,,,,,,
315,2.625,0.005688,-0.484068,0.007031,-0.874984,1.185808,0.528714,-6.001284,0.000977,,,,,,,,,,,,
316,2.633333,0.00552,-0.483538,0.006615,-0.875281,1.185135,0.529162,-5.997851,0.001267,,,,,,,,,,,,
317,2.641667,0.005505,-0.48379,0.006538,-0.875143,1.183428,0.529283,-5.994588,0.00127,,,,,,,,,,,,
318,2.65,0.00558,-0.484944,0.006477,-0.874503,1.1807,0.528862,-5.991461,0.001014,,,,,,,,,,,,
319,2.658333,0.006124,-0.485424,0.005796,-0.874238,1.178352,0.528829,-5.988219,0.000918,,,,,,,,,,,,
320,2.666667,0.006082,-0.48576,0.005558,-0.874053,1.176663,0.528821,-5.984934,0.000913,,,,,,,,,,,,
321,2.675,0.00614,-0.486002,0.005398,-0.873919,1.174945,0.528891,-5.981645,0.000931,,,,,,,,,,,,
322,2.683333,0.005316,-0.485332,0.005942,-0.874294,1.175039,0.529677,-5.978165,0.001179,,,,,,,,,,,,
323,2.691667,0.006145,-0.486622,0.004939,-0.873577,1.171521,0.528945,-5.975016,0.0009,,,,,,,,,,,,
324,2.7,0.005515,-0.48595,0.005092,-0.873955,1.171332,0.529458,-5.971508,0.001308,,,,,,,,,,,,
325,2.708333,0.005563,-0.487074,0.005293,-0.873327,1.168432,0.529032,-5.968337,0.001198,,,,,,,,,,,,
326,2.716667,0.005313,-0.486506,0.00519,-0.873645,1.168124,0.529735,-5.964934,0.001149,,,,,,,,,,,,
327,2.725,0.005342,-0.486841,0.004941,-0.87346,1.166414,0.529746,-5.961608,0.001168,,,,,,,,,,,,
328,2.733333,0.005897,-0.487811,0.005133,-0.872914,1.164201,0.529488,-5.958205,0.001113,,,,,,,,,,,,
329,2.741667,0.006049,-0.488324,0.003953,-0.872633,1.161157,0.528912,-5.95508,0.001078,,,,,,,,,,,,
330,2.75,0.00609,-0.488868,0.003688,-0.872329,1.15926,0.528907,-5.951745,0.001115,,,,,,,,,,,,
331,2.758333,0.006008,-0.488909,0.003593,-0.872307,1.157664,0.528883,-5.948375,0.001035,,,,,,,,,,,,
332,2.766667,0.005508,-0.489266,0.004093,-0.872108,1.156413,0.528972,-5.944985,0.001162,,,,,,,,,,,,
333,2.775,0.006062,-0.489695,0.003218,-0.871867,1.15416,0.528855,-5.941704,0.001078,,,,,,,,,,,,
334,2.783333,0.00604,-0.490067,0.00313,-0.871658,1.152478,0.528826,-5.938351,0.001076,,,,,,,,,,,,
335,2.791667,0.006069,-0.490209,0.00315,-0.871578,1.150807,0.528765,-5.934974,0.001078,,,,,,,,,,,,
336,2.8,0.006116,-0.4907,0.002878,-0.871302,1.149035,0.528751,-5.9316,0.001104,,,,,,,,,,,,
337,2.808333,0.00613,-0.490958,0.002692,-0.871158,1.147284,0.528726,-5.928246,0.001108,,,,,,,,,,,,
338,2.816667,0.006075,-0.490685,0.002198,-0.871313,1.145413,0.528513,-5.924828,0.000907,,,,,,,,,,,,
339,2.825,0.006129,-0.491561,0.002582,-0.870818,1.143904,0.528641,-5.921529,0.001115,,,,,,,,,,,,
340,2.833333,0.005545,-0.491833,0.003189,-0.870666,1.142641,0.528633,-5.918109,0.001209,,,,,,,,,,,,
341,2.841667,0.006063,-0.492198,0.002519,-0.870459,1.140522,0.528501,-5.9148,0.001049,,,,,,,,,,,,
342,2.85,0.006005,-0.49203,0.001845,-0.870556,1.138442,0.528311,-5.911317,0.000894,,,,,,,,,,,,
343,2.858333,0.006022,-0.492316,0.001775,-0.870394,1.136776,0.528254,-5.907941,0.000847,,,,,,,,,,,,
344,2.866667,0.006031,-0.492632,0.001797,-0.870215,1.135097,0.52822,-5.904581,0.000858,,,,,,,,,,,,
345,2.875,0.00557,-0.492902,0.002216,-0.870064,1.133954,0.528251,-5.901123,0.000829,,,,,,,,,,,,
346,2.883333,0.006111,-0.493102,0.002016,-0.869948,1.132021,0.528066,-5.897876,0.000898,,,,,,,,,,,,
347,2.891667,0.006082,-0.493561,0.001826,-0.869688,1.130302,0.52806,-5.894442,0.000842,,,,,,,,,,,,
348,2.9,0.006113,-0.49385,0.001856,-0.869524,1.128651,0.528052,-5.891052,0.000856,,,,,,,,,,,,
349,2.908333,0.005452,-0.494445,0.002799,-0.869187,1.127783,0.528099,-5.887651,0.001081,,,,,,,,,,,,
350,2.916667,0.006076,-0.495205,0.002097,-0.868752,1.1253,0.527993,-5.884671,0.000684,,,,,,,,,,,,
351,2.925,0.006075,-0.494769,0.002127,-0.869001,1.123782,0.527815,-5.880981,0.00083,,,,,,,,,,,,
352,2.933333,0.005955,-0.495212,0.002161,-0.868749,1.12221,0.527708,-5.877669,0.000852,,,,,,,,,,,,
353,2.941667,0.005971,-0.495518,0.002228,-0.868574,1.120639,0.527666,-5.874289,0.000877,,,,,,,,,,,,
354,2.95,0.005989,-0.495779,0.002257,-0.868425,1.11898,0.527651,-5.87089,0.000875,,,,,,,,,,,,
355,2.958333,0.005942,-0.496005,0.002376,-0.868296,1.117424,0.527565,-5.867515,0.000912,,,,,,,,,,,,
356,2.966667,0.005999,-0.496327,0.002577,-0.868111,1.115766,0.527517,-5.864111,0.0008,,,,,,,,,,,,
357,2.975,0.005982,-0.496658,0.002826,-0.867921,1.114272,0.527481,-5.860729,0.000846,,,,,,,,,,,,
358,2.983333,0.005995,-0.49695,0.002886,-0.867754,1.112671,0.52744,-5.857344,0.000787,,,,,,,,,,,,
359,2.991667,0.006057,-0.497208,0.003084,-0.867605,1.111111,0.527372,-5.853992,0.000843,,,,,,,,,,,,
360,3,0.006107,-0.497483,0.003154,-0.867446,1.109476,0.527342,-5.8506,0.000814,,,,,,,,,,,,
361,3.008333,0.00607,-0.49777,0.003316,-0.867281,1.107885,0.527323,-5.8472,0.000814,,,,,,,,,,,,
362,3.016667,0.006142,-0.498198,0.003691,-0.867034,1.106495,0.527323,-5.843866,0.000692,,,,,,,,,,,,
363,3.025,0.006296,-0.498748,0.00428,-0.866714,1.105285,0.527459,-5.840545,0.001091,,,,,,,,,,,,
364,3.033333,0.006168,-0.49865,0.003857,-0.866773,1.103285,0.52727,-5.837019,0.000803,,,,,,,,,,,,
365,3.041667,0.006306,-0.499336,0.004631,-0.866373,1.102073,0.527382,-5.833746,0.00105,,,,,,,,,,,,
366,3.05,0.006189,-0.499127,0.003859,-0.866498,1.099931,0.527165,-5.830186,0.000775,,,,,,,,,,,,
367,3.058333,0.006392,-0.499845,0.004951,-0.866077,1.098972,0.527397,-5.826899,0.001061,,,,,,,,,,,,
368,3.066667,0.006257,-0.499734,0.00449,-0.866145,1.097011,0.527193,-5.823398,0.00082,,,,,,,,,,,,
369,3.075,0.006297,-0.500004,0.004645,-0.865988,1.095391,0.527198,-5.819963,0.000774,,,,,,,,,,,,
370,3.083333,0.006389,-0.500367,0.004792,-0.865777,1.093768,0.5272,-5.816553,0.000861,,,,,,,,,,,,
371,3.091667,0.006234,-0.499787,0.005323,-0.866109,1.094436,0.527974,-5.813346,0.001472,,,,,,,,,,,,
372,3.1,0.006428,-0.500947,0.005119,-0.865439,1.090661,0.527193,-5.809723,0.000786,,,,,,,,,,,,
373,3.108333,0.006551,-0.501257,0.005274,-0.865258,1.089102,0.527213,-5.806284,0.000799,,,,,,,,,,,,
374,3.116667,0.006531,-0.50153,0.005262,-0.865099,1.087418,0.527184,-5.802899,0.000703,,,,,,,,,,,,
375,3.125,0.006633,-0.501846,0.005524,-0.864914,1.085904,0.527216,-5.79945,0.000794,,,,,,,,,,,,
376,3.133333,0.0066,-0.502128,0.005437,-0.864751,1.084229,0.527215,-5.795995,0.000735,,,,,,,,,,,,
377,3.141667,0.007116,-0.502045,0.005823,-0.864793,1.083033,0.527141,-5.792483,0.000482,,,,,,,,,,,,
378,3.15,0.006702,-0.502751,0.00582,-0.864386,1.081189,0.5273,-5.789099,0.000822,,,,,,,,,,,,
379,3.158333,0.006798,-0.503045,0.005918,-0.864213,1.079572,0.527334,-5.785666,0.000769,,,,,,,,,,,,
380,3.166667,0.006852,-0.503414,0.006066,-0.863997,1.07798,0.527352,-5.782189,0.000775,,,,,,,,,,,,
381,3.175,0.006879,-0.503704,0.006118,-0.863827,1.076374,0.527372,-5.778734,0.000744,,,,,,,,,,,,
382,3.183333,0.006873,-0.504013,0.006181,-0.863647,1.074794,0.527412,-5.775271,0.000759,,,,,,,,,,,,
383,3.191667,0.006974,-0.504627,0.005634,-0.863291,1.072936,0.527576,-5.771911,0.000581,,,,,,,,,,,,
384,3.2,0.007,-0.504974,0.005784,-0.863087,1.071331,0.527594,-5.768466,0.000607,,,,,,,,,,,,
385,3.208333,0.007036,-0.504985,0.00613,-0.863078,1.069885,0.527497,-5.76483,0.000622,,,,,,,,,,,,
386,3.216667,0.007026,-0.505583,0.005803,-0.86273,1.068013,0.527701,-5.761495,0.000583,,,,,,,,,,,,
387,3.225,0.007176,-0.505587,0.006108,-0.862724,1.066649,0.527609,-5.757844,0.000656,,,,,,,,,,,,
388,3.233333,0.007158,-0.505903,0.006062,-0.86254,1.065029,0.527676,-5.754321,0.000678,,,,,,,,,,,,
389,3.241667,0.007213,-0.506472,0.005634,-0.862208,1.063389,0.527924,-5.750886,0.001378,,,,,,,,,,,,
390,3.25,0.007567,-0.50614,0.006222,-0.862396,1.062134,0.527636,-5.747212,0.000493,,,,,,,,,,,,
391,3.258333,0.007277,-0.506928,0.006231,-0.861935,1.060225,0.527816,-5.743764,0.00072,,,,,,,,,,,,
392,3.266667,0.007282,-0.507531,0.005952,-0.861582,1.058465,0.527967,-5.740364,0.00075,,,,,,,,,,,,
393,3.275,0.007199,-0.507525,0.006005,-0.861586,1.056933,0.527911,-5.73665,0.000645,,,,,,,,,,,,
394,3.283333,0.007298,-0.507924,0.006103,-0.861349,1.055452,0.527971,-5.733129,0.000723,,,,,,,,,,,,
395,3.291667,0.007249,-0.508504,0.005533,-0.861012,1.053488,0.528131,-5.729667,0.000578,,,,,,,,,,,,
396,3.3,0.007816,-0.508249,0.006086,-0.861153,1.052526,0.527912,-5.725904,0.000486,,,,,,,,,,,,
397,3.308333,0.007229,-0.509194,0.005331,-0.860605,1.05026,0.528221,-5.722483,0.000564,,,,,,,,,,,,
398,3.316667,0.007357,-0.509885,0.005827,-0.860191,1.048587,0.528155,-5.719105,0.000959,,,,,,,,,,,,
399,3.325,0.007569,-0.50913,0.005609,-0.860638,1.047575,0.528045,-5.715079,0.000536,,,,,,,,,,,,
400,3.333333,0.007159,-0.510513,0.005239,-0.859824,1.045295,0.528264,-5.711781,0.000753,,,,,,,,,,,,
401,3.341667,0.007073,-0.510526,0.004868,-0.859819,1.043834,0.528424,-5.708027,0.000612,,,,,,,,,,,,
402,3.35,0.007146,-0.510499,0.005325,-0.859832,1.042557,0.528354,-5.704253,0.000747,,,,,,,,,,,,
403,3.358333,0.007309,-0.51043,0.005001,-0.859873,1.041194,0.528225,-5.700529,0.000522,,,,,,,,,,,,
404,3.366667,0.007053,-0.512097,0.004524,-0.858887,1.038592,0.528451,-5.697279,0.000748,,,,,,,,,,,,
405,3.375,0.006987,-0.511721,0.004641,-0.859111,1.037513,0.528397,-5.693278,0.000736,,,,,,,,,,,,
406,3.383333,0.006992,-0.512371,0.004021,-0.858726,1.03565,0.528575,-5.689743,0.000602,,,,,,,,,,,,
407,3.391667,0.006845,-0.51319,0.004132,-0.858238,1.033746,0.52849,-5.686267,0.00081,,,,,,,,,,,,
408,3.4,0.007219,-0.512357,0.004513,-0.85873,1.032969,0.528188,-5.682156,0.000611,,,,,,,,,,,,
409,3.408333,0.006654,-0.51381,0.003977,-0.857869,1.030595,0.52853,-5.678875,0.000769,,,,,,,,,,,,
410,3.416667,0.006506,-0.513708,0.003562,-0.857933,1.029332,0.5286,-5.67498,0.000603,,,,,,,,,,,,
411,3.425,0.00642,-0.51401,0.003344,-0.857754,1.027708,0.528674,-5.671242,0.000608,,,,,,,,,,,,
412,3.433333,0.006321,-0.514335,0.003266,-0.85756,1.026192,0.52867,-5.667548,0.000659,,,,,,,,,,,,
413,3.441667,0.006639,-0.513933,0.003869,-0.857796,1.025187,0.528251,-5.663597,0.000662,,,,,,,,,,,,
414,3.45,0.006466,-0.514246,0.003774,-0.85761,1.023592,0.528243,-5.659877,0.000639,,,,,,,,,,,,
415,3.458333,0.005918,-0.515363,0.003052,-0.856946,1.021549,0.528608,-5.656387,0.000636,,,,,,,,,,,,
416,3.466667,0.00632,-0.514912,0.003666,-0.857212,1.020476,0.528172,-5.652414,0.000655,,,,,,,,,,,,
417,3.475,0.005779,-0.516499,0.003183,-0.856262,1.018112,0.528421,-5.649152,0.000845,,,,,,,,,,,,
418,3.483333,0.005697,-0.516842,0.003192,-0.856056,1.01663,0.528356,-5.645436,0.000796,,,,,,,,,,,,
419,3.491667,0.005562,-0.517139,0.00318,-0.855877,1.015051,0.528356,-5.641674,0.0008,,,,,,,,,,,,
420,3.5,0.005451,-0.51739,0.003,-0.855727,1.01366,0.528315,-5.637906,0.000796,,,,,,,,,,,,
421,3.508333,0.005352,-0.517723,0.003002,-0.855526,1.012051,0.528298,-5.634156,0.000786,,,,,,,,,,,,
422,3.516667,0.005191,-0.517612,0.002772,-0.855595,1.010853,0.528301,-5.630272,0.000609,,,,,,,,,,,,
423,3.525,0.005321,-0.517826,0.002844,-0.855465,1.009483,0.528152,-5.626501,0.000562,,,,,,,,,,,,
424,3.533333,0.005086,-0.518723,0.00295,-0.854922,1.007542,0.528153,-5.623011,0.00081,,,,,,,,,,,,
425,3.541667,0.004939,-0.519131,0.002855,-0.854676,1.00607,0.528115,-5.619281,0.000838,,,,,,,,,,,,
426,3.55,0.004786,-0.518608,0.003186,-0.854993,1.005121,0.527914,-5.615142,0.000752,,,,,,,,,,,,
427,3.558333,0.004988,-0.519118,0.002987,-0.854683,1.003484,0.527913,-5.611549,0.000541,,,,,,,,,,,,
428,3.566667,0.004743,-0.520173,0.003049,-0.854043,1.001643,0.527873,-5.608075,0.000792,,,,,,,,,,,,
429,3.575,0.004617,-0.520475,0.003186,-0.853858,1.000113,0.527794,-5.604357,0.000783,,,,,,,,,,,,
430,3.583333,0.004816,-0.520137,0.003102,-0.854064,0.99908,0.527714,-5.600409,0.000589,,,,,,,,,,,,
431,3.591667,0.004751,-0.520468,0.0032,-0.853862,0.997656,0.527614,-5.59666,0.000553,,,,,,,,,,,,
432,3.6,0.004547,-0.521462,0.003244,-0.853257,0.995751,0.52763,-5.593184,0.000811,,,,,,,,,,,,
433,3.608333,0.004574,-0.521863,0.003279,-0.853011,0.994333,0.527545,-5.589488,0.000837,,,,,,,,,,,,
434,3.616667,0.004475,-0.521751,0.00332,-0.85308,0.993142,0.527564,-5.585596,0.000645,,,,,,,,,,,,
435,3.625,0.00453,-0.522507,0.003487,-0.852616,0.99141,0.527417,-5.582057,0.000799,,,,,,,,,,,,
436,3.633333,0.004488,-0.522892,0.003492,-0.85238,0.989937,0.52738,-5.578336,0.000822,,,,,,,,,,,,
437,3.641667,0.004507,-0.522352,0.003971,-0.852709,0.989031,0.527133,-5.574239,0.000637,,,,,,,,,,,,
438,3.65,0.00421,-0.522923,0.003898,-0.852361,0.987475,0.52713,-5.570603,0.00072,,,,,,,,,,,,
439,3.658333,0.004464,-0.523056,0.00422,-0.852276,0.986185,0.526937,-5.566867,0.000606,,,,,,,,,,,,
440,3.666667,0.004422,-0.523796,0.004351,-0.851821,0.984472,0.526954,-5.563281,0.000847,,,,,,,,,,,,
441,3.675,0.004403,-0.524238,0.004396,-0.851549,0.983013,0.526897,-5.559591,0.000851,,,,,,,,,,,,
442,3.683333,0.004718,-0.524964,0.004302,-0.8511,0.981349,0.526933,-5.556185,0.000829,,,,,,,,,,,,
443,3.691667,0.004755,-0.525402,0.004405,-0.850829,0.979867,0.526924,-5.552548,0.00089,,,,,,,,,,,,
444,3.7,0.004561,-0.525243,0.004804,-0.850927,0.978739,0.526753,-5.548535,0.000901,,,,,,,,,,,,
445,3.708333,0.004821,-0.525163,0.004978,-0.850974,0.977659,0.526662,-5.544745,0.000658,,,,,,,,,,,,
446,3.716667,0.004735,-0.525996,0.005106,-0.850459,0.975953,0.526651,-5.541187,0.000916,,,,,,,,,,,,
447,3.725,0.004861,-0.526284,0.005294,-0.850278,0.974531,0.526572,-5.537514,0.000862,,,,,,,,,,,,
448,3.733333,0.004904,-0.526715,0.005386,-0.850011,0.973127,0.526588,-5.533842,0.000912,,,,,,,,,,,,
449,3.741667,0.005005,-0.527027,0.005639,-0.849815,0.971776,0.526536,-5.530184,0.000903,,,,,,,,,,,,
450,3.75,0.005085,-0.527364,0.00581,-0.849604,0.970376,0.526502,-5.52652,0.000893,,,,,,,,,,,,
451,3.758333,0.005151,-0.527755,0.005895,-0.849361,0.969002,0.526501,-5.522837,0.000875,,,,,,,,,,,,
452,3.766667,0.005451,-0.527664,0.006132,-0.849414,0.967913,0.526393,-5.519044,0.000619,,,,,,,,,,,,
453,3.775,0.005339,-0.528451,0.006248,-0.848924,0.966197,0.526449,-5.515473,0.000856,,,,,,,,,,,,
454,3.783333,0.005491,-0.528781,0.006482,-0.848716,0.964858,0.526407,-5.511837,0.000897,,,,,,,,,,,,
455,3.791667,0.005551,-0.529187,0.006496,-0.848462,0.963537,0.526444,-5.508175,0.000913,,,,,,,,,,,,
456,3.8,0.005681,-0.529538,0.006705,-0.848241,0.962182,0.526425,-5.504481,0.000914,,,,,,,,,,,,
457,3.808333,0.005716,-0.529944,0.006898,-0.847986,0.960817,0.526438,-5.500843,0.000912,,,,,,,,,,,,
458,3.816667,0.005831,-0.530339,0.007003,-0.847736,0.959477,0.526444,-5.497167,0.000902,,,,,,,,,,,,
459,3.825,0.005892,-0.530651,0.007131,-0.84754,0.958109,0.526499,-5.493498,0.000942,,,,,,,,,,,,
460,3.833333,0.005959,-0.530988,0.0072,-0.847328,0.956848,0.526524,-5.489806,0.000936,,,,,,,,,,,,
461,3.841667,0.006059,-0.531327,0.007395,-0.847113,0.955563,0.526523,-5.486109,0.000919,,,,,,,,,,,,
462,3.85,0.006136,-0.531717,0.007435,-0.846867,0.954193,0.5266,-5.482408,0.000917,,,,,,,,,,,,
463,3.858333,0.006246,-0.532087,0.007601,-0.846632,0.952829,0.526571,-5.478742,0.000918,,,,,,,,,,,,
464,3.866667,0.006305,-0.532458,0.007738,-0.846397,0.951512,0.526632,-5.47506,0.000964,,,,,,,,,,,,
465,3.875,0.00644,-0.532788,0.007773,-0.846188,0.950279,0.526665,-5.471359,0.000914,,,,,,,,,,,,
466,3.883333,0.006383,-0.533245,0.007873,-0.8459,0.948887,0.526707,-5.467678,0.00098,,,,,,,,,,,,
467,3.891667,0.00649,-0.533551,0.007991,-0.845705,0.947608,0.526727,-5.463968,0.0009,,,,,,,,,,,,
468,3.9,0.006593,-0.533923,0.008126,-0.845468,0.946334,0.526762,-5.460241,0.000896,,,,,,,,,,,,
469,3.908333,0.006586,-0.534284,0.008202,-0.84524,0.945014,0.526796,-5.456517,0.000867,,,,,,,,,,,,
470,3.916667,0.006602,-0.534662,0.008204,-0.845,0.943729,0.526854,-5.452822,0.000924,,,,,,,,,,,,
471,3.925,0.006655,-0.535052,0.008249,-0.844753,0.942447,0.526946,-5.449085,0.000895,,,,,,,,,,,,
472,3.933333,0.006656,-0.535382,0.008266,-0.844544,0.941181,0.527016,-5.445319,0.000881,,,,,,,,,,,,
473,3.941667,0.006689,-0.53578,0.008281,-0.844291,0.939927,0.527056,-5.441574,0.000909,,,,,,,,,,,,
474,3.95,0.006756,-0.536103,0.008382,-0.844084,0.938535,0.52712,-5.437822,0.000938,,,,,,,,,,,,
475,3.958333,0.006763,-0.536449,0.00837,-0.843864,0.93731,0.527136,-5.434087,0.00088,,,,,,,,,,,,
476,3.966667,0.006727,-0.53688,0.008314,-0.843591,0.936005,0.52724,-5.4303,0.000931,,,,,,,,,,,,
477,3.975,0.006764,-0.537209,0.008418,-0.84338,0.934757,0.527296,-5.426532,0.000904,,,,,,,,,,,,
478,3.983333,0.006662,-0.537607,0.00824,-0.843129,0.933493,0.527387,-5.422767,0.000932,,,,,,,,,,,,
479,3.991667,0.006674,-0.537932,0.008314,-0.842921,0.932232,0.527437,-5.41897,0.000927,,,,,,,,,,,,
480,4,0.006626,-0.538348,0.008313,-0.842656,0.930915,0.527545,-5.415215,0.000904,,,,,,,,,,,,
481,4.008333,0.006608,-0.538662,0.008124,-0.842457,0.929741,0.527626,-5.411425,0.000909,,,,,,,,,,,,
482,4.016667,0.006569,-0.539026,0.008174,-0.842224,0.928501,0.527693,-5.407582,0.00092,,,,,,,,,,,,
483,4.025,0.006528,-0.539377,0.008042,-0.842001,0.927239,0.527781,-5.403764,0.000921,,,,,,,,,,,,
484,4.033333,0.006436,-0.539758,0.007929,-0.841758,0.926028,0.527852,-5.399977,0.000944,,,,,,,,,,,,
485,4.041667,0.006396,-0.540147,0.007932,-0.841509,0.924724,0.527924,-5.396178,0.000957,,,,,,,,,,,,
486,4.05,0.006331,-0.540494,0.007861,-0.841288,0.923496,0.52799,-5.392366,0.000934,,,,,,,,,,,,
487,4.058333,0.006279,-0.540806,0.007648,-0.841089,0.922349,0.52805,-5.388507,0.000905,,,,,,,,,,,,
488,4.066667,0.006152,-0.541178,0.007681,-0.840851,0.921064,0.528138,-5.384663,0.000926,,,,,,,,,,,,
489,4.075,0.00603,-0.541817,0.00743,-0.840442,0.919919,0.528205,-5.380923,0.000954,,,,,,,,,,,,
490,4.083333,0.005991,-0.541932,0.007332,-0.840369,0.91864,0.528301,-5.376961,0.000907,,,,,,,,,,,,
491,4.091667,0.005927,-0.542285,0.007304,-0.840142,0.917401,0.528375,-5.373094,0.000907,,,,,,,,,,,,
492,4.1,0.005877,-0.542587,0.007202,-0.839948,0.91626,0.528416,-5.369252,0.000887,,,,,,,,,,,,
493,4.108333,0.005931,-0.542819,0.007497,-0.839796,0.915194,0.528335,-5.365412,0.000966,,,,,,,,,,,,
494,4.116667,0.00586,-0.54319,0.00742,-0.839557,0.913933,0.5284,-5.361576,0.000945,,,,,,,,,,,,
495,4.125,0.005699,-0.543768,0.007247,-0.839185,0.912813,0.528467,-5.357779,0.001024,,,,,,,,,,,,
496,4.133333,0.005664,-0.543958,0.007039,-0.839064,0.911577,0.528562,-5.353805,0.000924,,,,,,,,,,,,
497,4.141667,0.005577,-0.544329,0.006956,-0.838824,0.910416,0.528589,-5.349945,0.000942,,,,,,,,,,,,
498,4.15,0.005522,-0.544684,0.006819,-0.838595,0.909177,0.528633,-5.346082,0.000941,,,,,,,,,,,,
499,4.158333,0.005459,-0.545069,0.006598,-0.838347,0.907968,0.528731,-5.342192,0.000894,,,,,,,,,,,,
500,4.166667,0.005494,-0.545156,0.006604,-0.838291,0.906953,0.528702,-5.338224,0.000945,,,,,,,,,,,,
501,4.175,0.005762,-0.545204,0.006422,-0.838259,0.906052,0.528676,-5.334332,0.000647,,,,,,,,,,,,
502,4.183333,0.005426,-0.545832,0.006247,-0.837854,0.904628,0.528849,-5.330444,0.000943,,,,,,,,,,,,
503,4.191667,0.005285,-0.546259,0.006079,-0.837577,0.903388,0.528886,-5.326551,0.000952,,,,,,,,,,,,
504,4.2,0.005224,-0.546596,0.00599,-0.837359,0.902228,0.528914,-5.322673,0.000908,,,,,,,,,,,,
505,4.208333,0.005131,-0.547136,0.005829,-0.837008,0.901143,0.528966,-5.318827,0.000995,,,,,,,,,,,,
506,4.216667,0.005114,-0.54731,0.005694,-0.836895,0.899953,0.528996,-5.314915,0.000911,,,,,,,,,,,,
507,4.225,0.005038,-0.547755,0.005623,-0.836605,0.898775,0.529013,-5.311014,0.00089,,,,,,,,,,,,
508,4.233333,0.004961,-0.548221,0.005412,-0.836301,0.897659,0.529077,-5.307169,0.000962,,,,,,,,,,,,
509,4.241667,0.004937,-0.548459,0.005301,-0.836146,0.896445,0.529121,-5.303237,0.0009,,,,,,,,,,,,
510,4.25,0.004911,-0.548858,0.005207,-0.835885,0.895307,0.52913,-5.299364,0.000902,,,,,,,,,,,,
511,4.258333,0.004808,-0.549359,0.004978,-0.835558,0.894227,0.529204,-5.295521,0.000964,,,,,,,,,,,,
512,4.266667,0.00486,-0.549558,0.004866,-0.835427,0.893039,0.529214,-5.291576,0.000885,,,,,,,,,,,,
513,4.275,0.004813,-0.549975,0.004774,-0.835154,0.891892,0.529228,-5.287722,0.000895,,,,,,,,,,,,
514,4.283333,0.004796,-0.550308,0.004624,-0.834935,0.890742,0.529273,-5.283822,0.000916,,,,,,,,,,,,
515,4.291667,0.004779,-0.550665,0.004538,-0.8347,0.889583,0.529255,-5.279973,0.00088,,,,,,,,,,,,
516,4.3,0.004793,-0.551102,0.004505,-0.834412,0.888355,0.529227,-5.276025,0.000947,,,,,,,,,,,,
517,4.308333,0.004718,-0.551561,0.004229,-0.83411,0.887449,0.529281,-5.272238,0.00096,,,,,,,,,,,,
518,4.316667,0.004873,-0.551834,0.00428,-0.833929,0.886144,0.529298,-5.268259,0.000934,,,,,,,,,,,,
519,4.325,0.004779,-0.552208,0.004188,-0.833682,0.885009,0.529331,-5.264406,0.000912,,,,,,,,,,,,
520,4.333333,0.00479,-0.552731,0.004016,-0.833336,0.884011,0.529312,-5.260577,0.001023,,,,,,,,,,,,
521,4.341667,0.004846,-0.553154,0.003911,-0.833056,0.883136,0.529338,-5.256779,0.000975,,,,,,,,,,,,
522,4.35,0.004942,-0.553381,0.004001,-0.832904,0.881868,0.529342,-5.252802,0.000891,,,,,,,,,,,,
523,4.358333,0.004997,-0.553695,0.003833,-0.832696,0.880904,0.529336,-5.248969,0.001051,,,,,,,,,,,,
524,4.366667,0.005059,-0.554293,0.003663,-0.832298,0.879859,0.529324,-5.245153,0.001049,,,,,,,,,,,,
525,4.375,0.005124,-0.554478,0.003662,-0.832175,0.878724,0.529309,-5.241293,0.001067,,,,,,,,,,,,
526,4.383333,0.00516,-0.5549,0.003613,-0.831893,0.877588,0.52933,-5.237364,0.000972,,,,,,,,,,,,
527,4.391667,0.00527,-0.555179,0.003556,-0.831706,0.876606,0.529302,-5.233543,0.001023,,,,,,,,,,,,
528,4.4,0.00523,-0.555788,0.003426,-0.831301,0.87556,0.529282,-5.229712,0.001067,,,,,,,,,,,,
529,4.408333,0.005306,-0.556164,0.003361,-0.831049,0.874455,0.529286,-5.225826,0.001022,,,,,,,,,,,,
530,4.416667,0.005394,-0.556495,0.003365,-0.830827,0.873407,0.52923,-5.221968,0.001015,,,,,,,,,,,,
531,4.425,0.00545,-0.556913,0.003322,-0.830546,0.872316,0.529212,-5.218093,0.000994,,,,,,,,,,,,
532,4.433333,0.005561,-0.557268,0.00329,-0.830308,0.871277,0.529223,-5.214226,0.001017,,,,,,,,,,,,
533,4.441667,0.005619,-0.557687,0.003213,-0.830026,0.870191,0.529203,-5.210371,0.00102,,,,,,,,,,,,
534,4.45,0.005681,-0.558056,0.003267,-0.829778,0.869116,0.529176,-5.206487,0.00099,,,,,,,,,,,,
535,4.458333,0.005815,-0.558398,0.003221,-0.829547,0.868085,0.529145,-5.202599,0.001008,,,,,,,,,,,,
536,4.466667,0.005916,-0.558795,0.00318,-0.829278,0.867028,0.529084,-5.198722,0.001018,,,,,,,,,,,,
537,4.475,0.00609,-0.559019,0.003264,-0.829126,0.865892,0.529047,-5.194789,0.000945,,,,,,,,,,,,
538,4.483333,0.00651,-0.559168,0.003362,-0.829022,0.864533,0.529131,-5.190966,0.000962,,,,,,,,,,,,
539,4.491667,0.006281,-0.559806,0.003225,-0.828594,0.863692,0.528975,-5.187033,0.000963,,,,,,,,,,,,
540,4.5,0.006672,-0.560018,0.003285,-0.828447,0.862526,0.529018,-5.183188,0.000919,,,,,,,,,,,,
541,4.508333,0.00666,-0.560407,0.003309,-0.828184,0.861496,0.529008,-5.179281,0.000968,,,,,,,,,,,,
542,4.516667,0.00673,-0.560791,0.003277,-0.827924,0.860511,0.528954,-5.175403,0.00095,,,,,,,,,,,,
543,4.525,0.006789,-0.561269,0.00322,-0.827599,0.859488,0.528883,-5.171475,0.000988,,,,,,,,,,,,
544,4.533333,0.006864,-0.56165,0.003241,-0.82734,0.858434,0.528831,-5.167564,0.001015,,,,,,,,,,,,
545,4.541667,0.006965,-0.562051,0.003211,-0.827067,0.857451,0.528774,-5.163666,0.001041,,,,,,,,,,,,
546,4.55,0.007097,-0.562403,0.003188,-0.826827,0.8564,0.528694,-5.159783,0.001092,,,,,,,,,,,,
547,4.558333,0.007134,-0.562821,0.003204,-0.826542,0.855433,0.528628,-5.15586,0.001193,,,,,,,,,,,,
548,4.566667,0.007221,-0.563206,0.003154,-0.826279,0.85442,0.528602,-5.151927,0.001228,,,,,,,,,,,,
549,4.575,0.007153,-0.56363,0.00314,-0.82599,0.853296,0.528561,-5.148199,0.001017,,,,,,,,,,,,
550,4.583333,0.007262,-0.564011,0.003168,-0.825729,0.85231,0.528507,-5.144267,0.001001,,,,,,,,,,,,
551,4.591667,0.007289,-0.564438,0.003152,-0.825437,0.851259,0.528479,-5.140349,0.001026,,,,,,,,,,,,
552,4.6,0.007369,-0.564837,0.00314,-0.825163,0.850185,0.528412,-5.136438,0.001024,,,,,,,,,,,,
553,4.608333,0.007547,-0.565189,0.003185,-0.824921,0.849195,0.528355,-5.132487,0.001013,,,,,,,,,,,,
554,4.616667,0.007534,-0.565632,0.003152,-0.824618,0.848167,0.528293,-5.128552,0.00102,,,,,,,,,,,,
555,4.625,0.007741,-0.565981,0.003156,-0.824376,0.8472,0.528238,-5.124597,0.001036,,,,,,,,,,,,
556,4.633333,0.007919,-0.566372,0.003163,-0.824106,0.846186,0.528157,-5.120648,0.001073,,,,,,,,,,,,
557,4.641667,0.007947,-0.566742,0.003227,-0.823851,0.845191,0.528117,-5.1167,0.00108,,,,,,,,,,,,
558,4.65,0.008516,-0.567145,0.003484,-0.823566,0.844259,0.528211,-5.112766,0.001247,,,,,,,,,,,,
559,4.658333,0.008324,-0.567523,0.003204,-0.823309,0.843345,0.527994,-5.108711,0.001223,,,,,,,,,,,,
560,4.666667,0.008402,-0.56795,0.003167,-0.823014,0.842397,0.527922,-5.104733,0.001252,,,,,,,,,,,,
561,4.675,0.010826,-0.568275,0.003643,-0.82276,0.8418,0.528226,-5.10079,0.001029,,,,,,,,,,,,
562,4.683333,0.010997,-0.568676,0.003643,-0.82248,0.840804,0.5282,-5.096795,0.001012,,,,,,,,,,,,
563,4.691667,0.009708,-0.568973,0.003588,-0.822291,0.839905,0.527818,-5.092697,0.001053,,,,,,,,,,,,
564,4.7,0.009499,-0.569631,0.003332,-0.821839,0.839015,0.527658,-5.088913,0.001052,,,,,,,,,,,,
565,4.708333,0.009043,-0.569739,0.00328,-0.821769,0.83746,0.52764,-5.085185,0.000759,,,,,,,,,,,,
566,4.716667,0.008869,-0.570034,0.003359,-0.821567,0.83663,0.527571,-5.081117,0.000751,,,,,,,,,,,,
567,4.725,0.008931,-0.57043,0.00333,-0.821291,0.835653,0.527516,-5.07714,0.000763,,,,,,,,,,,,
568,4.733333,0.008981,-0.570816,0.003352,-0.821022,0.834692,0.527445,-5.073166,0.000794,,,,,,,,,,,,
569,4.741667,0.009024,-0.571211,0.003375,-0.820746,0.833776,0.527397,-5.069185,0.000768,,,,,,,,,,,,
570,4.75,0.009113,-0.571628,0.003425,-0.820455,0.832759,0.527387,-5.06517,0.000768,,,,,,,,,,,,
571,4.758333,0.008482,-0.572883,0.003612,-0.819586,0.831476,0.527471,-5.06153,0.001442,,,,,,,,,,,,
572,4.766667,0.008143,-0.573267,0.003476,-0.819321,0.830361,0.52734,-5.057489,0.001248,,,,,,,,,,,,
573,4.775,0.008504,-0.573329,0.003572,-0.819273,0.829481,0.527319,-5.053393,0.001099,,,,,,,,,,,,
574,4.783333,0.008452,-0.573704,0.003631,-0.819011,0.828498,0.527249,-5.049369,0.001136,,,,,,,,,,,,
575,4.791667,0.008502,-0.573947,0.003546,-0.818841,0.827686,0.527264,-5.0452,0.001154,,,,,,,,,,,,
576,4.8,0.009701,-0.574024,0.003255,-0.818775,0.827417,0.527308,-5.041232,0.000986,,,,,,,,,,,,
577,4.808333,0.00987,-0.574204,0.003857,-0.818644,0.826599,0.527232,-5.03713,0.00048,,,,,,,,,,,,
578,4.816667,0.0093,-0.574768,0.003597,-0.818256,0.825295,0.527117,-5.033113,0.000794,,,,,,,,,,,,
579,4.825,0.0095,-0.575239,0.003544,-0.817922,0.824653,0.527149,-5.029164,0.001004,,,,,,,,,,,,
580,4.833333,0.008394,-0.57596,0.003846,-0.817426,0.823241,0.527003,-5.025234,0.001019,,,,,,,,,,,,
581,4.841667,0.008233,-0.576514,0.003812,-0.817037,0.822112,0.527052,-5.021155,0.001088,,,,,,,,,,,,
582,4.85,0.008267,-0.576875,0.003888,-0.816782,0.82124,0.527038,-5.017052,0.001122,,,,,,,,,,,,
583,4.858333,0.007977,-0.577541,0.003864,-0.816314,0.820313,0.526997,-5.013122,0.001193,,,,,,,,,,,,
584,4.866667,0.008296,-0.577514,0.003884,-0.816329,0.81958,0.52698,-5.008799,0.001104,,,,,,,,,,,,
585,4.875,0.00584,-0.577582,0.00355,-0.816304,0.819181,0.526951,-5.004942,0.000953,,,,,,,,,,,,
586,4.883333,0.008047,-0.578483,0.004025,-0.815645,0.817642,0.52687,-5.000818,0.001061,,,,,,,,,,,,
587,4.891667,0.008315,-0.57852,0.004054,-0.815616,0.817096,0.526907,-4.996613,0.001024,,,,,,,,,,,,
588,4.9,0.008098,-0.579045,0.004043,-0.815245,0.816049,0.526918,-4.992495,0.001132,,,,,,,,,,,,
589,4.908333,0.008003,-0.579516,0.004077,-0.814911,0.815195,0.526903,-4.988429,0.001112,,,,,,,,,,,,
590,4.916667,0.008968,-0.579601,0.004435,-0.814839,0.814785,0.526977,-4.984293,0.000769,,,,,,,,,,,,
591,4.925,0.007898,-0.580252,0.004266,-0.814387,0.81349,0.526903,-4.98023,0.001143,,,,,,,,,,,,
592,4.933333,0.006077,-0.580242,0.003923,-0.814412,0.813152,0.527202,-4.976291,0.000951,,,,,,,,,,,,
593,4.941667,0.007845,-0.58105,0.004353,-0.813818,0.811826,0.526886,-4.972055,0.001166,,,,,,,,,,,,
594,4.95,0.00817,-0.581971,0.004231,-0.813157,0.811167,0.526791,-4.967524,0.00137,,,,,,,,,,,,
595,4.958333,0.006309,-0.582018,0.004027,-0.813142,0.810923,0.527089,-4.963513,0.001312,,,,,,,,,,,,
596,4.966667,0.006752,-0.582242,0.004213,-0.812977,0.81018,0.527111,-4.959526,0.001208,,,,,,,,,,,,
597,4.975,0.006445,-0.582733,0.004187,-0.812627,0.809227,0.527103,-4.955364,0.001313,,,,,,,,,,,,
598,4.983333,0.006063,-0.583144,0.004168,-0.812335,0.808394,0.5271,-4.95128,0.001287,,,,,,,,,,,,
599,4.991667,0.009009,-0.584554,0.004775,-0.811291,0.807973,0.526831,-4.946737,0.001081,,,,,,,,,,,,
600,5,0.006882,-0.584208,0.004631,-0.811561,0.807084,0.52702,-4.943235,0.001107,,,,,,,,,,,,
601,5.008333,0.008242,-0.583887,0.005011,-0.811778,0.805522,0.527013,-4.939327,0.00081,,,,,,,,,,,,
602,5.016667,0.006167,-0.584171,0.004709,-0.811594,0.804683,0.527136,-4.935431,0.000703,,,,,,,,,,,,
603,5.025,0.006281,-0.584735,0.004834,-0.811186,0.804205,0.527115,-4.931477,0.000683,,,,,,,,,,,,
604,5.033333,0.007709,-0.584994,0.004869,-0.810987,0.802937,0.526932,-4.927038,0.000742,,,,,,,,,,,,
605,5.041667,0.006173,-0.585341,0.004989,-0.810748,0.802336,0.527226,-4.923162,0.000561,,,,,,,,,,,,
606,5.05,0.005387,-0.585826,0.004862,-0.810405,0.801853,0.527292,-4.919168,0.000868,,,,,,,,,,,,
607,5.058333,0.006225,-0.586098,0.004955,-0.810201,0.80072,0.527217,-4.914984,0.000569,,,,,,,,,,,,
608,5.066667,0.006151,-0.586444,0.004984,-0.809951,0.79988,0.527246,-4.910894,0.000563,,,,,,,,,,,,
609,5.075,0.008052,-0.58689,0.005389,-0.809609,0.799174,0.527142,-4.906614,0.000538,,,,,,,,,,,,
610,5.083333,0.008024,-0.587275,0.0054,-0.80933,0.798344,0.527205,-4.902518,0.000533,,,,,,,,,,,,
611,5.091667,0.005435,-0.587562,0.004897,-0.809146,0.797548,0.527512,-4.898595,0.00081,,,,,,,,,,,,
612,5.1,0.005319,-0.587965,0.004853,-0.808854,0.796755,0.527475,-4.894475,0.000791,,,,,,,,,,,,
613,5.108333,0.005832,-0.588383,0.005007,-0.808546,0.795879,0.527385,-4.890365,0.000624,,,,,,,,,,,,
614,5.116667,0.005224,-0.588733,0.004916,-0.808296,0.795091,0.527575,-4.886238,0.000778,,,,,,,,,,,,
615,5.125,0.005767,-0.589207,0.005082,-0.807946,0.794225,0.52746,-4.882122,0.00056,,,,,,,,,,,,
616,5.133333,0.00771,-0.589644,0.005368,-0.807609,0.793467,0.527338,-4.877812,0.000482,,,,,,,,,,,,
617,5.141667,0.005595,-0.589995,0.005001,-0.807372,0.792629,0.527491,-4.87382,0.000622,,,,,,,,,,,,
618,5.15,-0.011317948,0.590197487,-0.001096014,0.807178809,0.796774,0.527041,-4.870821,0.001717,,,,,,,,,,,,
619,5.158333,0.004969,-0.590899,0.004825,-0.806716,0.791182,0.527694,-4.865603,0.000772,,,,,,,,,,,,
620,5.166667,0.006637,-0.59211,0.000187,-0.80583,0.791624,0.531392,-4.861903,0.001899,,,,,,,,,,,,
621,5.175,0.007362,-0.591779,0.005335,-0.806049,0.789624,0.527497,-4.857132,0.000623,,,,,,,,,,,,
622,5.183333,-0.011223911,0.591814776,-0.001366839,0.805994681,0.79362,0.527133,-4.854178,0.001718,,,,,,,,,,,,
623,5.191667,0.005324,-0.592475,0.00473,-0.805558,0.788058,0.527786,-4.848924,0.000974,,,,,,,,,,,,
624,5.2,-0.011189255,0.593174437,-0.001214808,0.804995287,0.792058,0.527193,-4.847037,0.002091,,,,,,,,,,,,
625,5.208333,0.0069,-0.593238,0.005173,-0.804981,0.78622,0.527718,-4.840275,0.000538,,,,,,,,,,,,
626,5.216667,-0.011144004,0.593196774,-0.001176626,0.804979511,0.790658,0.527117,-4.83796,0.00126,,,,,,,,,,,,
627,5.225,-0.011006111,0.593621585,-0.001636949,0.804667384,0.789928,0.527242,-4.833302,0.001606,,,,,,,,,,,,
628,5.233333,0.004922,-0.594613,0.004664,-0.803983,0.784126,0.527862,-4.827944,0.00082,,,,,,,,,,,,
629,5.241667,0.004549,-0.594885,0.004484,-0.803786,0.783124,0.527812,-4.823699,0.000574,,,,,,,,,,,,
630,5.25,0.004982,-0.595756,0.002967,-0.803144,0.783152,0.528803,-4.820076,0.001738,,,,,,,,,,,,
631,5.258333,0.004948,-0.596219,0.00323,-0.8028,0.782168,0.528334,-4.815829,0.001148,,,,,,,,,,,,
632,5.266667,0.004451,-0.596132,0.004019,-0.802864,0.781051,0.52781,-4.811145,0.000986,,,,,,,,,,,,
633,5.275,0.00385,-0.596559,0.003224,-0.802553,0.780547,0.528181,-4.807122,0.001205,,,,,,,,,,,,
634,5.283333,0.004482,-0.597044,0.004045,-0.802186,0.77956,0.527851,-4.802822,0.001027,,,,,,,,,,,,
635,5.291667,0.005609,-0.597527,0.004194,-0.801818,0.778468,0.527619,-4.798432,0.000463,,,,,,,,,,,,
636,5.3,0.005872,-0.597725,0.003947,-0.80167,0.77772,0.527597,-4.794044,0.000583,,,,,,,,,,,,
637,5.308333,-0.010256587,0.5982976,-0.001844843,0.801206204,0.781908,0.52735,-4.792298,0.002073,,,,,,,,,,,,
638,5.316667,0.005839,-0.598772,0.003821,-0.800889,0.776159,0.527524,-4.785784,0.000523,,,,,,,,,,,,
639,5.325,-0.010045161,0.598606681,-0.002421135,0.800976451,0.780233,0.527421,-4.782693,0.00175,,,,,,,,,,,,
640,5.333333,0.004482,-0.599808,0.002633,-0.800127,0.775206,0.528353,-4.777813,0.001138,,,,,,,,,,,,
641,5.341667,-0.009981524,0.599772491,-0.001992629,0.800105842,0.778992,0.527315,-4.775553,0.001403,,,,,,,,,,,,
642,5.35,0.003912,-0.600249,0.003389,-0.799796,0.773286,0.527736,-4.769039,0.000557,,,,,,,,,,,,
643,5.358333,-0.009821711,0.600768754,-0.002145361,0.799359641,0.77733,0.527369,-4.766963,0.002051,,,,,,,,,,,,
644,5.366667,0.005599,-0.601192,0.003392,-0.799078,0.77162,0.527601,-4.760423,0.000574,,,,,,,,,,,,
645,5.375,0.004066,-0.601521,0.003067,-0.798841,0.771346,0.527973,-4.756356,0.001108,,,,,,,,,,,,
646,5.383333,0.004556,-0.602257,0.002579,-0.798285,0.770718,0.528281,-4.752283,0.001148,,,,,,,,,,,,
647,5.391667,0.003776,-0.602242,0.003201,-0.798298,0.769376,0.527749,-4.747839,0.000571,,,,,,,,,,,,
648,5.4,0.003188,-0.602099,0.003374,-0.798408,0.768351,0.527561,-4.743319,0.000803,,,,,,,,,,,,
649,5.408333,0.003509,-0.60279,0.003173,-0.797886,0.76786,0.527651,-4.739185,0.000713,,,,,,,,,,,,
650,5.416667,0.004067,-0.603505,0.003022,-0.797343,0.767393,0.527836,-4.73508,0.000638,,,,,,,,,,,,
651,5.425,0.004413,-0.604087,0.002886,-0.796901,0.76677,0.527991,-4.730917,0.000783,,,,,,,,,,,,
652,5.433333,0.004713,-0.604575,0.002805,-0.796529,0.766089,0.528081,-4.726768,0.000856,,,,,,,,,,,,
653,5.441667,0.004717,-0.605026,0.002703,-0.796187,0.765518,0.528131,-4.722601,0.000995,,,,,,,,,,,,
654,5.45,0.004723,-0.605169,0.002696,-0.796078,0.76464,0.528117,-4.718306,0.001125,,,,,,,,,,,,
655,5.458333,0.004542,-0.605739,0.002723,-0.795645,0.764062,0.528117,-4.71418,0.001173,,,,,,,,,,,,
656,5.466667,0.004234,-0.606077,0.002627,-0.79539,0.763511,0.528294,-4.709938,0.001294,,,,,,,,,,,,
657,5.475,0.00386,-0.606139,0.002856,-0.795344,0.762343,0.527793,-4.70556,0.00065,,,,,,,,,,,,
658,5.483333,0.005675,-0.607417,0.002858,-0.794358,0.761686,0.527971,-4.701464,0.001581,,,,,,,,,,,,
659,5.491667,0.004015,-0.608386,0.003626,-0.793623,0.760432,0.52736,-4.697765,0.000871,,,,,,,,,,,,
660,5.5,0.005159,-0.60891,0.002995,-0.793217,0.76029,0.528071,-4.69351,0.001421,,,,,,,,,,,,
661,5.508333,0.005445,-0.609213,0.002842,-0.792983,0.759693,0.528073,-4.689279,0.001465,,,,,,,,,,,,
662,5.516667,0.005769,-0.609536,0.002965,-0.792732,0.759036,0.528195,-4.684993,0.001493,,,,,,,,,,,,
663,5.525,0.005515,-0.609996,0.002899,-0.79238,0.758304,0.528132,-4.680825,0.001463,,,,,,,,,,,,
664,5.533333,0.005321,-0.610369,0.003084,-0.792094,0.757735,0.528157,-4.676577,0.001419,,,,,,,,,,,,
665,5.541667,0.005635,-0.610753,0.00296,-0.791796,0.757165,0.528136,-4.672368,0.001427,,,,,,,,,,,,
666,5.55,0.007432,-0.608723,0.003319,-0.793341,0.75715,0.52784,-4.666375,0.001245,,,,,,,,,,,,
667,5.558333,0.007493,-0.609115,0.003418,-0.793039,0.756506,0.52786,-4.662166,0.001264,,,,,,,,,,,,
668,5.566667,0.00617,-0.611829,0.003046,-0.79096,0.755205,0.528305,-4.659438,0.001374,,,,,,,,,,,,
669,5.575,0.00648,-0.612172,0.003108,-0.790692,0.754569,0.528428,-4.655153,0.001362,,,,,,,,,,,,
670,5.583333,0.00627,-0.612634,0.0032,-0.790335,0.753992,0.528341,-4.650975,0.001398,,,,,,,,,,,,
671,5.591667,0.006315,-0.613094,0.003234,-0.789978,0.753369,0.528374,-4.64676,0.001334,,,,,,,,,,,,
672,5.6,0.007876,-0.610991,0.00369,-0.79159,0.753382,0.528026,-4.640928,0.001334,,,,,,,,,,,,
673,5.608333,0.008029,-0.611281,0.003771,-0.791364,0.752772,0.528027,-4.636635,0.001398,,,,,,,,,,,,
674,5.616667,0.006123,-0.61421,0.003467,-0.789111,0.751514,0.528375,-4.634234,0.00145,,,,,,,,,,,,
675,5.625,0.00814,-0.612033,0.00388,-0.790781,0.751563,0.528083,-4.628105,0.00141,,,,,,,,,,,,
676,5.633333,0.006072,-0.614962,0.003673,-0.788525,0.750319,0.528405,-4.625769,0.001467,,,,,,,,,,,,
677,5.641667,0.006178,-0.615403,0.003726,-0.78818,0.749742,0.528462,-4.621523,0.001441,,,,,,,,,,,,
678,5.65,0.006333,-0.615796,0.003732,-0.787872,0.749144,0.528569,-4.617288,0.001455,,,,,,,,,,,,
679,5.658333,0.006402,-0.616134,0.003856,-0.787606,0.748542,0.528581,-4.613005,0.001446,,,,,,,,,,,,
680,5.666667,0.006203,-0.616556,0.004134,-0.787275,0.74797,0.528672,-4.608774,0.001413,,,,,,,,,,,,
681,5.675,0.006526,-0.61693,0.004012,-0.786981,0.747413,0.528733,-4.604533,0.001439,,,,,,,,,,,,
682,5.683333,0.006562,-0.61731,0.004136,-0.786682,0.746818,0.528699,-4.600267,0.001418,,,,,,,,,,,,
683,5.691667,0.006692,-0.61763,0.004131,-0.78643,0.746229,0.528815,-4.596016,0.001454,,,,,,,,,,,,
684,5.7,0.006563,-0.618018,0.00436,-0.786125,0.745634,0.528885,-4.591745,0.001371,,,,,,,,,,,,
685,5.708333,0.006862,-0.618332,0.004426,-0.785875,0.74506,0.528867,-4.58751,0.001414,,,,,,,,,,,,
686,5.716667,0.007028,-0.618744,0.00436,-0.785549,0.744544,0.528986,-4.583275,0.001392,,,,,,,,,,,,
687,5.725,0.007058,-0.619157,0.00446,-0.785223,0.743917,0.529017,-4.57903,0.00143,,,,,,,,,,,,
688,5.733333,0.007266,-0.619476,0.004545,-0.784969,0.743336,0.529095,-4.574788,0.00142,,,,,,,,,,,,
689,5.741667,0.007297,-0.619881,0.004664,-0.784648,0.742706,0.529118,-4.570548,0.001408,,,,,,,,,,,,
690,5.75,0.007484,-0.620269,0.004659,-0.78434,0.742139,0.529194,-4.566326,0.001409,,,,,,,,,,,,
691,5.758333,0.007438,-0.620619,0.00485,-0.784062,0.741541,0.529193,-4.562104,0.001452,,,,,,,,,,,,
692,5.766667,0.007584,-0.620984,0.004896,-0.783771,0.740909,0.529278,-4.557839,0.001444,,,,,,,,,,,,
693,5.775,0.007667,-0.62133,0.005018,-0.783496,0.740368,0.529324,-4.553658,0.001455,,,,,,,,,,,,
694,5.783333,0.007841,-0.621716,0.005015,-0.783188,0.739777,0.529421,-4.549436,0.001476,,,,,,,,,,,,
695,5.791667,0.006562,-0.622047,0.00607,-0.782929,0.738788,0.528813,-4.545275,0.000884,,,,,,,,,,,,
696,5.8,0.008068,-0.622482,0.005307,-0.782574,0.738725,0.529558,-4.541002,0.001445,,,,,,,,,,,,
697,5.808333,0.006914,-0.622751,0.00616,-0.782365,0.737589,0.528964,-4.536815,0.000857,,,,,,,,,,,,
698,5.816667,0.008347,-0.623131,0.005391,-0.782054,0.737544,0.529726,-4.532571,0.001481,,,,,,,,,,,,
699,5.825,0.008594,-0.623559,0.005412,-0.781711,0.736992,0.529782,-4.528329,0.001428,,,,,,,,,,,,
700,5.833333,0.008737,-0.623896,0.00545,-0.78144,0.736412,0.529862,-4.5241,0.001359,,,,,,,,,,,,
701,5.841667,0.008857,-0.624228,0.005543,-0.781172,0.735748,0.529891,-4.519845,0.001302,,,,,,,,,,,,
702,5.85,0.008997,-0.624498,0.0057,-0.780954,0.735094,0.529931,-4.515554,0.001152,,,,,,,,,,,,
703,5.858333,0.008849,-0.624661,0.005981,-0.780823,0.734407,0.529832,-4.511192,0.001038,,,,,,,,,,,,
704,5.866667,0.008398,-0.624713,0.006601,-0.780781,0.73357,0.529579,-4.506764,0.000994,,,,,,,,,,,,
705,5.875,0.007907,-0.624857,0.007176,-0.780666,0.732708,0.529364,-4.50245,0.00113,,,,,,,,,,,,
706,5.883333,0.009254,-0.625174,0.006303,-0.780405,0.733226,0.529891,-4.498155,0.001426,,,,,,,,,,,,
707,5.891667,0.010059,-0.62542,0.006108,-0.7802,0.73268,0.52998,-4.493873,0.001392,,,,,,,,,,,,
708,5.9,0.010098,-0.625762,0.006149,-0.779924,0.732148,0.530016,-4.489672,0.001392,,,,,,,,,,,,
709,5.908333,0.009731,-0.625958,0.006535,-0.779769,0.731718,0.53,-4.485434,0.001442,,,,,,,,,,,,
710,5.916667,0.009756,-0.62663,0.006413,-0.779229,0.7309,0.530115,-4.481277,0.001392,,,,,,,,,,,,
711,5.925,0.010457,-0.626881,0.006258,-0.77902,0.730355,0.530176,-4.47698,0.001344,,,,,,,,,,,,
712,5.933333,0.010735,-0.627181,0.006155,-0.778775,0.729789,0.530306,-4.472719,0.00137,,,,,,,,,,,,
713,5.941667,0.010269,-0.62766,0.006447,-0.778393,0.729187,0.530324,-4.468538,0.001331,,,,,,,,,,,,
714,5.95,0.010935,-0.627965,0.006177,-0.77814,0.728625,0.530379,-4.464252,0.001326,,,,,,,,,,,,
715,5.958333,0.01041,-0.628371,0.006371,-0.777818,0.728079,0.530414,-4.460071,0.001313,,,,,,,,,,,,
716,5.966667,0.011169,-0.628621,0.005843,-0.77761,0.727573,0.530415,-4.455814,0.001291,,,,,,,,,,,,
717,5.975,0.011246,-0.628983,0.006065,-0.777314,0.72691,0.530493,-4.4515,0.00129,,,,,,,,,,,,
718,5.983333,0.011379,-0.629309,0.006038,-0.777049,0.726358,0.530561,-4.447237,0.001248,,,,,,,,,,,,
719,5.991667,0.009552,-0.630758,0.00635,-0.775895,0.725005,0.530238,-4.44387,0.000844,,,,,,,,,,,,
720,6,0.011365,-0.63011,0.005927,-0.7764,0.725199,0.530596,-4.438713,0.001233,,,,,,,,,,,,
721,6.008333,0.009384,-0.631547,0.00664,-0.775253,0.723817,0.530247,-4.435317,0.000912,,,,,,,,,,,,
722,6.016667,0.011392,-0.630875,0.005928,-0.775778,0.724066,0.530599,-4.430182,0.001246,,,,,,,,,,,,
723,6.025,0.011335,-0.630913,0.006073,-0.775747,0.723737,0.530524,-4.425879,0.00133,,,,,,,,,,,,
724,6.033333,0.009377,-0.632635,0.006534,-0.774366,0.72206,0.53024,-4.422471,0.000917,,,,,,,,,,,,
725,6.041667,0.009429,-0.632951,0.006414,-0.774108,0.721508,0.530246,-4.418157,0.000952,,,,,,,,,,,,
726,6.05,0.009326,-0.633078,0.006608,-0.774004,0.721186,0.530078,-4.41384,0.000919,,,,,,,,,,,,
727,6.058333,0.009261,-0.633672,0.006309,-0.773521,0.720413,0.530145,-4.409539,0.000909,,,,,,,,,,,,
728,6.066667,0.008937,-0.634075,0.006355,-0.773194,0.71985,0.530139,-4.405248,0.000858,,,,,,,,,,,,
729,6.075,0.008868,-0.634386,0.006258,-0.77294,0.719293,0.530122,-4.400931,0.000837,,,,,,,,,,,,
730,6.083333,0.009028,-0.634703,0.006082,-0.77268,0.718772,0.530041,-4.396605,0.000921,,,,,,,,,,,,
731,6.091667,0.008977,-0.635051,0.005864,-0.772395,0.71821,0.530069,-4.392249,0.000919,,,,,,,,,,,,
732,6.1,0.008892,-0.635329,0.005826,-0.772169,0.717668,0.530015,-4.387938,0.000897,,,,,,,,,,,,
733,6.108333,0.008777,-0.635675,0.005744,-0.771885,0.717149,0.529958,-4.383577,0.000875,,,,,,,,,,,,
734,6.116667,0.008705,-0.636003,0.005588,-0.771617,0.716642,0.52996,-4.379248,0.000881,,,,,,,,,,,,
735,6.125,0.00866,-0.636372,0.005139,-0.771317,0.716172,0.529939,-4.374982,0.0009,,,,,,,,,,,,
736,6.133333,0.008452,-0.636729,0.005396,-0.771023,0.715579,0.529868,-4.370578,0.000876,,,,,,,,,,,,
737,6.141667,0.008242,-0.637039,0.005353,-0.770769,0.715069,0.529808,-4.366238,0.000873,,,,,,,,,,,,
738,6.15,0.008161,-0.637372,0.005276,-0.770495,0.714529,0.52976,-4.36188,0.000891,,,,,,,,,,,,
739,6.158333,0.009968,-0.63674,0.004473,-0.771001,0.714843,0.530039,-4.356746,0.001301,,,,,,,,,,,,
740,6.166667,0.009835,-0.637048,0.004473,-0.770748,0.714355,0.529949,-4.352388,0.001278,,,,,,,,,,,,
741,6.175,0.007697,-0.638416,0.005062,-0.769636,0.712994,0.529521,-4.34887,0.000917,,,,,,,,,,,,
742,6.183333,0.007545,-0.638586,0.005171,-0.769496,0.712684,0.529404,-4.344555,0.000936,,,,,,,,,,,,
743,6.191667,0.009251,-0.63773,0.004445,-0.770191,0.713096,0.529695,-4.339145,0.001155,,,,,,,,,,,,
744,6.2,0.009224,-0.638037,0.004339,-0.769938,0.712672,0.52966,-4.334796,0.001125,,,,,,,,,,,,
745,6.208333,0.008919,-0.638271,0.004433,-0.769747,0.712127,0.529495,-4.330615,0.001116,,,,,,,,,,,,
746,6.216667,0.008668,-0.638736,0.004037,-0.769366,0.711687,0.529433,-4.326224,0.001115,,,,,,,,,,,,
747,6.225,0.008672,-0.638851,0.004443,-0.769269,0.711339,0.529331,-4.321863,0.001148,,,,,,,,,,,,
748,6.233333,0.008422,-0.63919,0.004104,-0.768992,0.710917,0.529216,-4.317603,0.001127,,,,,,,,,,,,
749,6.241667,0.008199,-0.639699,0.004277,-0.76857,0.710181,0.52921,-4.313149,0.001141,,,,,,,,,,,,
750,6.25,0.008059,-0.639876,0.004368,-0.768424,0.709873,0.529102,-4.308908,0.001145,,,,,,,,,,,,
751,6.258333,0.007874,-0.640171,0.004081,-0.768182,0.709475,0.528989,-4.304603,0.001165,,,,,,,,,,,,
752,6.266667,0.007653,-0.640703,0.00427,-0.767739,0.708764,0.52901,-4.300196,0.001119,,,,,,,,,,,,
753,6.275,0.007587,-0.640871,0.004411,-0.767599,0.70851,0.528919,-4.295916,0.001172,,,,,,,,,,,,
754,6.283333,0.007299,-0.641343,0.004266,-0.767208,0.707893,0.528912,-4.29156,0.001125,,,,,,,,,,,,
755,6.291667,0.007194,-0.641693,0.004339,-0.766915,0.70742,0.52882,-4.287219,0.001188,,,,,,,,,,,,
756,6.3,0.00711,-0.641839,0.00451,-0.766793,0.707168,0.528713,-4.282963,0.00114,,,,,,,,,,,,
757,6.308333,0.00697,-0.642104,0.0045,-0.766573,0.706706,0.528658,-4.278615,0.001134,,,,,,,,,,,,
758,6.316667,0.006635,-0.642689,0.004407,-0.766086,0.706104,0.528639,-4.274303,0.001086,,,,,,,,,,,,
759,6.325,0.00652,-0.642777,0.004262,-0.766014,0.7059,0.528491,-4.270077,0.001144,,,,,,,,,,,,
760,6.333333,0.006291,-0.643243,0.004206,-0.765625,0.705308,0.528479,-4.265698,0.00111,,,,,,,,,,,,
761,6.341667,0.006251,-0.643402,0.004323,-0.765491,0.705055,0.52839,-4.261427,0.001148,,,,,,,,,,,,
762,6.35,0.00422,-0.643846,0.003549,-0.765135,0.704677,0.528911,-4.257784,0.001203,,,,,,,,,,,,
763,6.358333,0.005863,-0.644241,0.004295,-0.764788,0.703952,0.528342,-4.252739,0.001163,,,,,,,,,,,,
764,6.366667,0.006005,-0.64438,0.004858,-0.764666,0.703649,0.528297,-4.248388,0.001161,,,,,,,,,,,,
765,6.375,0.005858,-0.644688,0.004844,-0.764408,0.703263,0.528275,-4.244097,0.001169,,,,,,,,,,,,
766,6.383333,0.005459,-0.645179,0.004623,-0.763998,0.7027,0.528356,-4.239713,0.001106,,,,,,,,,,,,
767,6.391667,0.005331,-0.645442,0.004429,-0.763778,0.702509,0.528306,-4.235521,0.001166,,,,,,,,,,,,
768,6.4,0.003211,-0.64589,0.004551,-0.763411,0.701827,0.528588,-4.231812,0.000748,,,,,,,,,,,,
769,6.408333,0.003251,-0.646166,0.004068,-0.763179,0.701672,0.528875,-4.227443,0.001268,,,,,,,,,,,,
770,6.416667,0.005077,-0.646321,0.004914,-0.763033,0.701242,0.528324,-4.222435,0.001085,,,,,,,,,,,,
771,6.425,0.004909,-0.646779,0.004911,-0.762646,0.700785,0.528367,-4.218069,0.001111,,,,,,,,,,,,
772,6.433333,0.00487,-0.647097,0.004732,-0.762377,0.700399,0.528258,-4.213772,0.001116,,,,,,,,,,,,
773,6.441667,0.005107,-0.647249,0.005373,-0.762243,0.700116,0.528191,-4.209412,0.001184,,,,,,,,,,,,
774,6.45,0.004777,-0.647799,0.005115,-0.761779,0.699565,0.528323,-4.205053,0.001112,,,,,,,,,,,,
775,6.458333,0.004757,-0.648126,0.004886,-0.761503,0.699267,0.528272,-4.200753,0.001168,,,,,,,,,,,,
776,6.466667,0.004746,-0.648346,0.005014,-0.761315,0.698946,0.528276,-4.196472,0.001149,,,,,,,,,,,,
777,6.475,0.0028,-0.648826,0.004526,-0.760918,0.698506,0.528892,-4.192751,0.001286,,,,,,,,,,,,
778,6.483333,0.002612,-0.649208,0.004911,-0.760591,0.697966,0.528589,-4.188486,0.000702,,,,,,,,,,,,
779,6.491667,0.005188,-0.649209,0.005448,-0.760573,0.697848,0.528481,-4.183311,0.001153,,,,,,,,,,,,
780,6.5,0.002645,-0.649886,0.005348,-0.760008,0.697186,0.528709,-4.179834,0.000839,,,,,,,,,,,,
781,6.508333,0.005464,-0.6498,0.00582,-0.760063,0.69716,0.528442,-4.174621,0.00112,,,,,,,,,,,,
782,6.516667,0.002864,-0.65042,0.004745,-0.759555,0.696944,0.528935,-4.171173,0.001312,,,,,,,,,,,,
783,6.525,0.005489,-0.650422,0.005881,-0.759531,0.696331,0.528519,-4.165879,0.00115,,,,,,,,,,,,
784,6.533333,0.002705,-0.651063,0.005488,-0.758999,0.695682,0.529021,-4.162084,0.001403,,,,,,,,,,,,
785,6.541667,0.005564,-0.651082,0.005929,-0.758964,0.695652,0.528641,-4.157179,0.001168,,,,,,,,,,,,
786,6.55,0.005404,-0.651342,0.006006,-0.758741,0.695328,0.528663,-4.152812,0.001176,,,,,,,,,,,,
787,6.558333,0.004851,-0.653041,0.005095,-0.75729,0.692732,0.529959,-4.149231,0.001701,,,,,,,,,,,,
788,6.566667,0.004327,-0.652472,0.005587,-0.75778,0.69414,0.52911,-4.144705,0.001352,,,,,,,,,,,,
789,6.575,0.005517,-0.652354,0.006068,-0.75787,0.694321,0.528914,-4.139738,0.001092,,,,,,,,,,,,
790,6.583333,0.005569,-0.652714,0.006113,-0.75756,0.693967,0.528961,-4.135344,0.001164,,,,,,,,,,,,
791,6.591667,0.002939,-0.653299,0.004985,-0.757078,0.693736,0.529466,-4.131893,0.001349,,,,,,,,,,,,
792,6.6,0.005655,-0.653322,0.006128,-0.757034,0.693236,0.529074,-4.126559,0.00117,,,,,,,,,,,,
793,6.608333,0.002948,-0.653888,0.005247,-0.756567,0.692888,0.529417,-4.123019,0.000945,,,,,,,,,,,,
794,6.616667,0.005759,-0.65428,0.006477,-0.756202,0.692379,0.52912,-4.117801,0.000998,,,,,,,,,,,,
795,6.625,0.006042,-0.654263,0.006494,-0.756215,0.692102,0.529362,-4.113308,0.00114,,,,,,,,,,,,
796,6.633333,0.006164,-0.654614,0.006479,-0.755911,0.691811,0.529431,-4.108899,0.001218,,,,,,,,,,,,
797,6.641667,0.653328081,-0.063412106,0.748139789,0.097098813,0.705568,0.484986,-4.10293,0.002018,,,,,,,,,,,,
798,6.65,0.005927,-0.655285,0.006077,-0.755334,0.691215,0.529518,-4.100187,0.001153,,,,,,,,,,,,
799,6.658333,0.653610499,-0.062694194,0.747145448,0.10313308,0.704938,0.485476,-4.094287,0.002027,,,,,,,,,,,,
800,6.666667,0.007533,-0.655213,0.007099,-0.755373,0.691029,0.529176,-4.090385,0.001527,,,,,,,,,,,,
801,6.675,0.006357,-0.658394,0.008263,-0.752601,0.690661,0.530265,-4.085301,0.001833,,,,,,,,,,,,
802,6.683333,0.655546018,-0.043258343,0.747532693,0.097892836,0.703404,0.48331,-4.081791,0.001868,,,,,,,,,,,,
803,6.691667,-0.011919698,0.655395443,-0.001919795,0.755189412,0.694329,0.529243,-4.081008,0.001565,,,,,,,,,,,,
804,6.7,0.655608442,-0.041745075,0.746291219,0.107164994,0.702817,0.48422,-4.073289,0.001953,,,,,,,,,,,,
805,6.708333,0.655594274,-0.03967156,0.745511813,0.113289243,0.702394,0.485913,-4.069093,0.001915,,,,,,,,,,,,
806,6.716667,0.652290473,0.123547036,0.744669734,0.068704117,0.695514,0.483413,-4.068954,0.002396,,,,,,,,,,,,
807,6.725,0.656238505,-0.037076341,0.745071254,0.113336646,0.701629,0.485886,-4.060323,0.001895,,,,,,,,,,,,
808,6.733333,0.656725686,-0.036189095,0.744924982,0.111751931,0.701212,0.485138,-4.055889,0.001874,,,,,,,,,,,,
809,6.741667,0.65689189,-0.025847185,0.744388897,0.117090298,0.700649,0.485927,-4.052107,0.001908,,,,,,,,,,,,
810,6.75,0.657053462,-0.026968227,0.743820572,0.11951744,0.700348,0.486205,-4.047671,0.001802,,,,,,,,,,,,
811,6.758333,0.660023141,0.028877001,0.746706704,0.077231281,0.697676,0.456598,-4.046025,0.001761,,,,,,,,,,,,
812,6.766667,0.402525852,0.537351658,0.719139886,0.17906412,0.658447,0.446845,-4.079177,0.002349,,,,,,,,,,,,
813,6.775,0.40000053,0.53657526,0.721973154,0.175617004,0.656255,0.45057,-4.075387,0.002184,,,,,,,,,,,,
814,6.783333,-0.007594,0.662166,-0.003809,0.749309,0.683922,0.531713,-4.029131,0.001947,,,,,,,,,,,,
815,6.791667,-0.005188,0.660336,-0.004239,0.75094,0.686963,0.53078,-4.019957,0.00103,,,,,,,,,,,,
816,6.8,-0.005604,0.660582,-0.004212,0.750721,0.686529,0.5307,-4.015583,0.000742,,,,,,,,,,,,
817,6.808333,-0.005294,0.660696,-0.004091,0.750624,0.686449,0.530895,-4.011047,0.00082,,,,,,,,,,,,
818,6.816667,-0.004944,0.661143,-0.004043,0.750233,0.686201,0.530983,-4.006308,0.001078,,,,,,,,,,,,
819,6.825,-0.00565,0.661543,-0.003856,0.749876,0.685477,0.530978,-4.00202,0.001044,,,,,,,,,,,,
820,6.833333,-0.015018,0.660283,-0.005846,0.750844,0.682774,0.533523,-4.000474,0.001207,,,,,,,,,,,,
821,6.841667,-0.005302,0.662059,-0.003699,0.749424,0.685015,0.531136,-3.992929,0.001155,,,,,,,,,,,,
822,6.85,-0.008265,0.659865,-0.003489,0.751331,0.682779,0.531032,-3.991022,0.001865,,,,,,,,,,,,
823,6.858333,-0.00624,0.662803,-0.003393,0.74876,0.683787,0.531077,-3.984443,0.000761,,,,,,,,,,,,
824,6.866667,-0.005528,0.663084,-0.003261,0.748518,0.683799,0.531272,-3.979512,0.001047,,,,,,,,,,,,
825,6.875,-0.005165,0.663158,-0.003168,0.748455,0.683432,0.531492,-3.975134,0.001187,,,,,,,,,,,,
826,6.883333,-0.003098,0.662878,-0.003272,0.748713,0.683125,0.531698,-3.970902,0.00127,,,,,,,,,,,,
827,6.891667,-0.007076,0.662749,-0.004682,0.748793,0.677784,0.532712,-3.972136,0.001144,,,,,,,,,,,,
828,6.9,-0.012418,0.662451,-0.002402,0.748998,0.679155,0.532038,-3.966208,0.001868,,,,,,,,,,,,
829,6.908333,-0.011899,0.663079,-0.002918,0.748449,0.678986,0.532116,-3.961235,0.001602,,,,,,,,,,,,
830,6.916667,-0.008693,0.66299,-0.00325,0.748571,0.68033,0.531437,-3.955625,0.001519,,,,,,,,,,,,
831,6.925,-0.009436,0.663382,-0.003305,0.748215,0.679996,0.531291,-3.950601,0.001387,,,,,,,,,,,,
832,6.933333,-0.007601,0.665136,-0.002526,0.746679,0.680183,0.531416,-3.944803,0.00132,,,,,,,,,,,,
833,6.941667,-0.009207,0.663796,-0.002945,0.747851,0.679138,0.531493,-3.942077,0.001568,,,,,,,,,,,,
834,6.95,-0.008816,0.667499,-0.002181,0.744555,0.675713,0.532231,-3.940451,0.001577,,,,,,,,,,,,
835,6.958333,-0.012661,0.664808,-0.002237,0.746904,0.676642,0.532183,-3.93432,0.001575,,,,,,,,,,,,
836,6.966667,-0.009853,0.668398,-0.000748,0.743739,0.678728,0.530542,-3.92519,0.001114,,,,,,,,,,,,
837,6.975,-0.008645,0.666728,-0.001962,0.745249,0.678193,0.531398,-3.922383,0.001335,,,,,,,,,,,,
838,6.983333,-0.008766,0.667821,-0.00114,0.74427,0.674725,0.532717,-3.922547,0.001385,,,,,,,,,,,,
839,6.991667,-0.010791,0.665882,-0.002622,0.745974,0.676841,0.531283,-3.914778,0.001421,,,,,,,,,,,,
840,7,-0.008734,0.667515,-0.001805,0.744543,0.677067,0.531562,-3.909026,0.001303,,,,,,,,,,,,
841,7.008333,-0.00935,0.666458,-0.00242,0.74548,0.673166,0.532598,-3.908128,0.001452,,,,,,,,,,,,
842,7.016667,-0.009652,0.668208,-0.00158,0.74391,0.676517,0.531157,-3.900126,0.001456,,,,,,,,,,,,
843,7.025,-0.008733,0.668939,-0.000618,0.743266,0.673817,0.532661,-3.899381,0.001342,,,,,,,,,,,,
844,7.033333,-0.008551,0.669387,-0.002516,0.742861,0.672629,0.531756,-3.895754,0.001385,,,,,,,,,,,,
845,7.041667,-0.010096,0.670249,-0.002663,0.742063,0.671548,0.531676,-3.891237,0.00173,,,,,,,,,,,,
846,7.05,-0.010109,0.669486,-0.001384,0.742755,0.67485,0.531243,-3.882217,0.001458,,,,,,,,,,,,
847,7.058333,-0.010401,0.669755,-0.001401,0.742508,0.674591,0.531184,-3.877703,0.001507,,,,,,,,,,,,
848,7.066667,-0.010964,0.669436,-0.00191,0.742787,0.674088,0.53122,-3.87394,0.001142,,,,,,,,,,,,
849,7.075,-0.011308,0.669054,-0.002084,0.743125,0.673654,0.531195,-3.869976,0.001648,,,,,,,,,,,,
850,7.083333,-0.013052,0.668703,-0.002839,0.74341,0.673211,0.530797,-3.865253,0.001644,,,,,,,,,,,,
851,7.091667,-0.011392,0.669997,-0.00199,0.742274,0.672992,0.53122,-3.860657,0.001165,,,,,,,,,,,,
852,7.1,-0.01077,0.671202,-0.001356,0.741195,0.672663,0.531298,-3.855255,0.001535,,,,,,,,,,,,
